"place_code","place_name","state","eli_households","total_vouchers","vouchers_per_1000_eli","desert_eli"
"0100820","AL Alabaster city, Alabama","AL",757,82,108.322324966975,"Moderate desert"
"0100988","AL Albertville city, Alabama","AL",376,392,1042.55319148936,"Adequate supply"
"0102956","AL Athens city, Alabama","AL",405,671,1656.79012345679,"Adequate supply"
"0103028","AL Attalla city, Alabama","AL",252,49,194.444444444444,"Moderate desert"
"0103076","AL Auburn city, Alabama","AL",4598,648,140.930839495433,"Moderate desert"
"0111416","AL Calera city, Alabama","AL",409,20,48.8997555012225,"Severe desert"
"0114104","AL Chelsea city, Alabama","AL",316,26,82.2784810126582,"Severe desert"
"0116768","AL Columbiana city, Alabama","AL",203,103,507.389162561576,"Adequate supply"
"0118976","AL Cullman city, Alabama","AL",649,241,371.340523882897,"Low availability"
"0119648","AL Daphne city, Alabama","AL",400,24,60,"Severe desert"
"0120104","AL Decatur city, Alabama","AL",1090,1072,983.48623853211,"Adequate supply"
"0121184","AL Dothan city, Alabama","AL",1962,1903,969.928644240571,"Adequate supply"
"0124184","AL Enterprise city, Alabama","AL",1518,312,205.533596837945,"Moderate desert"
"0125240","AL Fairhope city, Alabama","AL",1066,143,134.146341463415,"Moderate desert"
"0126896","AL Florence city, Alabama","AL",1627,1709,1050.39950829748,"Adequate supply"
"0126992","AL Foley city, Alabama","AL",982,196,199.59266802444,"Moderate desert"
"0127088","AL Forestdale CDP, Alabama","AL",300,170,566.666666666667,"Adequate supply"
"0129056","AL Gardendale city, Alabama","AL",366,63,172.131147540984,"Moderate desert"
"0131348","AL Grayson Valley CDP, Alabama","AL",390,86,220.51282051282,"Moderate desert"
"0132272","AL Gulf Shores city, Alabama","AL",517,9,17.4081237911025,"Severe desert"
"0132416","AL Guntersville city, Alabama","AL",407,122,299.7542997543,"Low availability"
"0133448","AL Hartselle city, Alabama","AL",698,31,44.4126074498567,"Severe desert"
"0133472","AL Harvest CDP, Alabama","AL",245,68,277.551020408163,"Low availability"
"0134024","AL Helena city, Alabama","AL",619,25,40.3877221324717,"Severe desert"
"0135800","AL Homewood city, Alabama","AL",848,41,48.3490566037736,"Severe desert"
"0135896","AL Hoover city, Alabama","AL",3068,44,14.3415906127771,"Severe desert"
"0136448","AL Hueytown city, Alabama","AL",245,139,567.34693877551,"Adequate supply"
"0137000","AL Huntsville city, Alabama","AL",8619,2286,265.227984684998,"Low availability"
"0137864","AL Irondale city, Alabama","AL",584,112,191.780821917808,"Moderate desert"
"0138416","AL Jasper city, Alabama","AL",248,357,1439.51612903226,"Adequate supply"
"0141968","AL Leeds city, Alabama","AL",297,203,683.501683501683,"Adequate supply"
"0145040","AL McCalla CDP, Alabama","AL",286,16,55.9440559440559,"Severe desert"
"0145784","AL Madison city, Alabama","AL",1760,110,62.5,"Severe desert"
"0148112","AL Meridianville CDP, Alabama","AL",334,53,158.682634730539,"Moderate desert"
"0148376","AL Midfield city, Alabama","AL",257,284,1105.05836575875,"Adequate supply"
"0148712","AL Millbrook city, Alabama","AL",236,25,105.932203389831,"Moderate desert"
"0150000","AL Mobile city, Alabama","AL",6128,7558,1233.35509138381,"Adequate supply"
"0151000","AL Montgomery city, Alabama","AL",6578,3784,575.250836120401,"Adequate supply"
"0151096","AL Moody city, Alabama","AL",419,49,116.945107398568,"Moderate desert"
"0151216","AL Moores Mill CDP, Alabama","AL",273,16,58.6080586080586,"Severe desert"
"0153016","AL Muscle Shoals city, Alabama","AL",552,142,257.246376811594,"Low availability"
"0155200","AL Northport city, Alabama","AL",1336,521,389.97005988024,"Low availability"
"0157048","AL Opelika city, Alabama","AL",783,1132,1445.72158365262,"Adequate supply"
"0157576","AL Oxford city, Alabama","AL",724,167,230.662983425414,"Moderate desert"
"0158896","AL Pell City city, Alabama","AL",222,101,454.954954954955,"Low availability"
"0159760","AL Pike Road town, Alabama","AL",296,2,6.75675675675676,"Severe desert"
"0162328","AL Prattville city, Alabama","AL",820,143,174.390243902439,"Moderate desert"
"0168160","AL Saraland city, Alabama","AL",331,129,389.728096676737,"Low availability"
"0168352","AL Satsuma city, Alabama","AL",230,15,65.2173913043478,"Severe desert"
"0168736","AL Scottsboro city, Alabama","AL",224,491,2191.96428571429,"Adequate supply"
"0171976","AL Spanish Fort city, Alabama","AL",438,10,22.8310502283105,"Severe desert"
"0176320","AL Tillmans Corner CDP, Alabama","AL",309,335,1084.14239482201,"Adequate supply"
"0176944","AL Trussville city, Alabama","AL",567,4,7.05467372134039,"Severe desert"
"0178204","AL Valley city, Alabama","AL",273,67,245.421245421245,"Moderate desert"
"0178552","AL Vestavia Hills city, Alabama","AL",1098,3,2.73224043715847,"Severe desert"
"0203000","AK Anchorage municipality, Alaska","AK",8452,3139,371.391386654046,"Low availability"
"0205000","AK Badger CDP, Alaska","AK",225,18,80,"Severe desert"
"0212920","AK Chena Ridge CDP, Alaska","AK",219,9,41.0958904109589,"Severe desert"
"0216750","AK College CDP, Alaska","AK",244,174,713.114754098361,"Adequate supply"
"0224230","AK Fairbanks city, Alaska","AK",879,664,755.403868031854,"Adequate supply"
"0236400","AK Juneau city and borough, Alaska","AK",1322,481,363.842662632375,"Low availability"
"0237250","AK Kalifornsky CDP, Alaska","AK",277,39,140.794223826715,"Moderate desert"
"0238420","AK Kenai city, Alaska","AK",215,175,813.953488372093,"Adequate supply"
"0238970","AK Ketchikan city, Alaska","AK",237,101,426.160337552743,"Low availability"
"0240645","AK Knik-Fairview CDP, Alaska","AK",490,41,83.6734693877551,"Severe desert"
"0247735","AK Meadow Lakes CDP, Alaska","AK",210,32,152.380952380952,"Moderate desert"
"0255745","AK North Lakes CDP, Alaska","AK",317,28,88.3280757097792,"Severe desert"
"0258660","AK Palmer city, Alaska","AK",202,64,316.831683168317,"Low availability"
"0270540","AK Sitka city and borough, Alaska","AK",377,35,92.8381962864722,"Severe desert"
"0272135","AK South Lakes CDP, Alaska","AK",213,35,164.319248826291,"Moderate desert"
"0273070","AK Sterling CDP, Alaska","AK",285,22,77.1929824561404,"Severe desert"
"0275077","AK Tanaina CDP, Alaska","AK",219,29,132.420091324201,"Moderate desert"
"0283080","AK Wasilla city, Alaska","AK",447,201,449.664429530201,"Low availability"
"0402430","AZ Anthem CDP, Arizona","AZ",781,1,1.28040973111396,"Severe desert"
"0402830","AZ Apache Junction city, Arizona","AZ",776,83,106.958762886598,"Moderate desert"
"0403530","AZ Arizona City CDP, Arizona","AZ",328,56,170.731707317073,"Moderate desert"
"0404720","AZ Avondale city, Arizona","AZ",1926,564,292.834890965732,"Low availability"
"0407940","AZ Buckeye city, Arizona","AZ",1602,281,175.405742821473,"Moderate desert"
"0409690","AZ Camp Verde town, Arizona","AZ",302,51,168.87417218543,"Moderate desert"
"0410530","AZ Casa Grande city, Arizona","AZ",1330,402,302.255639097744,"Low availability"
"0410670","AZ Casas Adobes CDP, Arizona","AZ",1606,58,36.1145703611457,"Severe desert"
"0411230","AZ Catalina Foothills CDP, Arizona","AZ",1993,12,6.02107375815354,"Severe desert"
"0412000","AZ Chandler city, Arizona","AZ",8229,672,81.6624134159679,"Severe desert"
"0415500","AZ Coolidge city, Arizona","AZ",352,50,142.045454545455,"Moderate desert"
"0420540","AZ Drexel Heights CDP, Arizona","AZ",740,54,72.972972972973,"Severe desert"
"0422220","AZ El Mirage city, Arizona","AZ",672,131,194.940476190476,"Moderate desert"
"0422360","AZ Eloy city, Arizona","AZ",341,194,568.91495601173,"Adequate supply"
"0423620","AZ Flagstaff city, Arizona","AZ",2998,571,190.460306871247,"Moderate desert"
"0423760","AZ Florence town, Arizona","AZ",502,11,21.9123505976096,"Severe desert"
"0424895","AZ Fort Mohave CDP, Arizona","AZ",541,9,16.6358595194085,"Severe desert"
"0425030","AZ Fortuna Foothills CDP, Arizona","AZ",976,16,16.3934426229508,"Severe desert"
"0425300","AZ Fountain Hills town, Arizona","AZ",1071,3,2.80112044817927,"Severe desert"
"0427400","AZ Gilbert town, Arizona","AZ",6477,142,21.92373012197,"Severe desert"
"0427820","AZ Glendale city, Arizona","AZ",7880,1763,223.730964467005,"Moderate desert"
"0428140","AZ Gold Canyon CDP, Arizona","AZ",295,3,10.1694915254237,"Severe desert"
"0428380","AZ Goodyear city, Arizona","AZ",2099,88,41.9247260600286,"Severe desert"
"0429710","AZ Green Valley CDP, Arizona","AZ",698,4,5.73065902578797,"Severe desert"
"0437620","AZ Kingman city, Arizona","AZ",819,260,317.460317460317,"Low availability"
"0439370","AZ Lake Havasu City city, Arizona","AZ",1378,142,103.047895500726,"Moderate desert"
"0444270","AZ Marana town, Arizona","AZ",1499,34,22.6817878585724,"Severe desert"
"0444410","AZ Maricopa city, Arizona","AZ",972,109,112.139917695473,"Moderate desert"
"0446000","AZ Mesa city, Arizona","AZ",12029,2358,196.026269847868,"Moderate desert"
"0451600","AZ Oro Valley town, Arizona","AZ",1904,24,12.6050420168067,"Severe desert"
"0453700","AZ Payson town, Arizona","AZ",372,48,129.032258064516,"Moderate desert"
"0454050","AZ Peoria city, Arizona","AZ",5868,497,84.6966598500341,"Severe desert"
"0455000","AZ Phoenix city, Arizona","AZ",46353,11551,249.196384268548,"Moderate desert"
"0455300","AZ Picture Rocks CDP, Arizona","AZ",275,1,3.63636363636364,"Severe desert"
"0457380","AZ Prescott city, Arizona","AZ",1925,223,115.844155844156,"Moderate desert"
"0457450","AZ Prescott Valley town, Arizona","AZ",1169,57,48.759623609923,"Severe desert"
"0458150","AZ Queen Creek town, Arizona","AZ",1305,8,6.13026819923372,"Severe desert"
"0460180","AZ Rio Rico CDP, Arizona","AZ",270,23,85.1851851851852,"Severe desert"
"0462000","AZ Safford city, Arizona","AZ",221,55,248.868778280543,"Moderate desert"
"0462140","AZ Sahuarita town, Arizona","AZ",755,8,10.5960264900662,"Severe desert"
"0463470","AZ San Luis city, Arizona","AZ",598,251,419.732441471572,"Low availability"
"0464210","AZ San Tan Valley CDP, Arizona","AZ",1188,59,49.6632996632997,"Severe desert"
"0465000","AZ Scottsdale city, Arizona","AZ",11579,932,80.4905432248035,"Severe desert"
"0465350","AZ Sedona city, Arizona","AZ",465,1,2.1505376344086,"Severe desert"
"0466470","AZ Show Low city, Arizona","AZ",221,19,85.972850678733,"Severe desert"
"0466820","AZ Sierra Vista city, Arizona","AZ",1746,610,349.369988545246,"Low availability"
"0466845","AZ Sierra Vista Southeast CDP, Arizona","AZ",480,9,18.75,"Severe desert"
"0467800","AZ Snowflake town, Arizona","AZ",203,9,44.3349753694581,"Severe desert"
"0468080","AZ Somerton city, Arizona","AZ",494,148,299.595141700405,"Low availability"
"0470320","AZ Sun City CDP, Arizona","AZ",1744,35,20.0688073394495,"Severe desert"
"0470355","AZ Sun City West CDP, Arizona","AZ",691,35,50.6512301013025,"Severe desert"
"0470530","AZ Sun Lakes CDP, Arizona","AZ",674,1,1.48367952522255,"Severe desert"
"0471510","AZ Surprise city, Arizona","AZ",3411,312,91.4687774846086,"Severe desert"
"0472000","AZ Tanque Verde CDP, Arizona","AZ",454,2,4.40528634361234,"Severe desert"
"0473000","AZ Tempe city, Arizona","AZ",7029,1406,200.02845354958,"Moderate desert"
"0473420","AZ Thatcher town, Arizona","AZ",205,19,92.6829268292683,"Severe desert"
"0477000","AZ Tucson city, Arizona","AZ",15429,6425,416.423617862467,"Low availability"
"0477035","AZ Tucson Estates CDP, Arizona","AZ",382,7,18.3246073298429,"Severe desert"
"0477179","AZ Tucson Mountains CDP, Arizona","AZ",588,1,1.70068027210884,"Severe desert"
"0478760","AZ Valencia West CDP, Arizona","AZ",620,21,33.8709677419355,"Severe desert"
"0479830","AZ Verde Village CDP, Arizona","AZ",428,4,9.34579439252336,"Severe desert"
"0480095","AZ Village of Oak Creek (Big Park) CDP, Arizona","AZ",296,1,3.37837837837838,"Severe desert"
"0482740","AZ Wickenburg town, Arizona","AZ",332,83,250,"Low availability"
"0483930","AZ Winslow city, Arizona","AZ",305,108,354.098360655738,"Low availability"
"0485540","AZ Yuma city, Arizona","AZ",2170,1625,748.847926267281,"Adequate supply"
"0504840","AR Bella Vista city, Arkansas","AR",651,3,4.60829493087558,"Severe desert"
"0505290","AR Benton city, Arkansas","AR",982,422,429.735234215886,"Low availability"
"0505320","AR Bentonville city, Arkansas","AR",1797,169,94.045631608236,"Severe desert"
"0509460","AR Bryant city, Arkansas","AR",365,191,523.287671232877,"Adequate supply"
"0510300","AR Cabot city, Arkansas","AR",646,340,526.315789473684,"Adequate supply"
"0510720","AR Camden city, Arkansas","AR",507,105,207.100591715976,"Moderate desert"
"0512820","AR Centerton city, Arkansas","AR",424,12,28.3018867924528,"Severe desert"
"0515190","AR Conway city, Arkansas","AR",2349,485,206.470838654747,"Moderate desert"
"0520470","AR East End CDP, Arkansas","AR",216,38,175.925925925926,"Moderate desert"
"0523290","AR Fayetteville city, Arkansas","AR",3592,1072,298.440979955457,"Low availability"
"0524550","AR Fort Smith city, Arkansas","AR",1940,2362,1217.52577319588,"Adequate supply"
"0528780","AR Greenwood city, Arkansas","AR",324,24,74.0740740740741,"Severe desert"
"0533482","AR Hot Springs Village CDP, Arkansas","AR",663,6,9.04977375565611,"Severe desert"
"0535710","AR Jonesboro city, Arkansas","AR",2149,1618,752.908329455561,"Adequate supply"
"0541000","AR Little Rock city, Arkansas","AR",6079,4721,776.607994735976,"Adequate supply"
"0544180","AR Marion city, Arkansas","AR",276,20,72.463768115942,"Severe desert"
"0544600","AR Maumelle city, Arkansas","AR",895,342,382.122905027933,"Low availability"
"0550450","AR North Little Rock city, Arkansas","AR",2702,2700,999.259807549963,"Adequate supply"
"0553390","AR Paragould city, Arkansas","AR",846,716,846.335697399527,"Adequate supply"
"0560410","AR Rogers city, Arkansas","AR",1371,272,198.395331874544,"Moderate desert"
"0563020","AR Searcy city, Arkansas","AR",444,406,914.414414414414,"Adequate supply"
"0563800","AR Sherwood city, Arkansas","AR",814,143,175.675675675676,"Moderate desert"
"0564370","AR Siloam Springs city, Arkansas","AR",397,178,448.362720403023,"Low availability"
"0566080","AR Springdale city, Arkansas","AR",929,306,329.386437029064,"Low availability"
"0567490","AR Stuttgart city, Arkansas","AR",217,502,2313.36405529954,"Adequate supply"
"0571480","AR Van Buren city, Arkansas","AR",519,444,855.491329479769,"Adequate supply"
"0600212","CA Acton CDP, California","CA",385,2,5.19480519480519,"Severe desert"
"0600296","CA Adelanto city, California","CA",882,227,257.369614512472,"Low availability"
"0600394","CA Agoura Hills city, California","CA",914,3,3.28227571115974,"Severe desert"
"0600562","CA Alameda city, California","CA",3430,1990,580.174927113703,"Adequate supply"
"0600618","CA Alamo CDP, California","CA",374,2,5.3475935828877,"Severe desert"
"0600674","CA Albany city, California","CA",842,12,14.2517814726841,"Severe desert"
"0600884","CA Alhambra city, California","CA",3447,662,192.05105889179,"Moderate desert"
"0600947","CA Aliso Viejo city, California","CA",2005,177,88.2793017456359,"Severe desert"
"0601192","CA Alpine CDP, California","CA",536,66,123.134328358209,"Moderate desert"
"0601290","CA Altadena CDP, California","CA",1623,238,146.64202094886,"Moderate desert"
"0601360","CA Alta Sierra CDP, California","CA",219,6,27.3972602739726,"Severe desert"
"0601640","CA American Canyon city, California","CA",626,178,284.345047923323,"Low availability"
"0602000","CA Anaheim city, California","CA",10876,6262,575.763148216256,"Adequate supply"
"0602042","CA Anderson city, California","CA",591,504,852.791878172589,"Adequate supply"
"0602210","CA Antelope CDP, California","CA",967,385,398.138572905894,"Low availability"
"0602252","CA Antioch city, California","CA",2739,2690,982.110259218693,"Adequate supply"
"0602364","CA Apple Valley town, California","CA",1146,318,277.486910994764,"Low availability"
"0602462","CA Arcadia city, California","CA",1863,210,112.721417069243,"Moderate desert"
"0602553","CA Arden-Arcade CDP, California","CA",3952,1313,332.236842105263,"Low availability"
"0602868","CA Arroyo Grande city, California","CA",889,302,339.70753655793,"Low availability"
"0602896","CA Artesia city, California","CA",361,17,47.0914127423823,"Severe desert"
"0602980","CA Ashland CDP, California","CA",594,590,993.265993265993,"Adequate supply"
"0603064","CA Atascadero city, California","CA",902,306,339.246119733925,"Low availability"
"0603162","CA Atwater city, California","CA",425,251,590.588235294118,"Adequate supply"
"0603204","CA Auburn city, California","CA",598,187,312.709030100334,"Low availability"
"0603344","CA Avocado Heights CDP, California","CA",200,52,260,"Low availability"
"0603386","CA Azusa city, California","CA",938,538,573.560767590618,"Adequate supply"
"0603526","CA Bakersfield city, California","CA",11567,2845,245.958329731132,"Moderate desert"
"0603666","CA Baldwin Park city, California","CA",1253,516,411.811652035116,"Low availability"
"0603820","CA Banning city, California","CA",626,191,305.111821086262,"Low availability"
"0604030","CA Barstow city, California","CA",1083,568,524.469067405356,"Adequate supply"
"0604415","CA Bay Point CDP, California","CA",416,474,1139.42307692308,"Adequate supply"
"0604758","CA Beaumont city, California","CA",1484,238,160.377358490566,"Moderate desert"
"0604870","CA Bell city, California","CA",329,278,844.984802431611,"Adequate supply"
"0604982","CA Bellflower city, California","CA",1976,775,392.206477732794,"Low availability"
"0604996","CA Bell Gardens city, California","CA",356,414,1162.92134831461,"Adequate supply"
"0605108","CA Belmont city, California","CA",1597,196,122.730118973075,"Moderate desert"
"0605290","CA Benicia city, California","CA",1261,376,298.17605075337,"Low availability"
"0606000","CA Berkeley city, California","CA",7529,2755,365.918448665161,"Low availability"
"0606028","CA Bermuda Dunes CDP, California","CA",252,18,71.4285714285714,"Severe desert"
"0606308","CA Beverly Hills city, California","CA",2057,155,75.3524550315994,"Severe desert"
"0606406","CA Big Bear City CDP, California","CA",513,17,33.1384015594542,"Severe desert"
"0606928","CA Blackhawk CDP, California","CA",361,1,2.77008310249307,"Severe desert"
"0607064","CA Bloomington CDP, California","CA",383,95,248.041775456919,"Moderate desert"
"0607218","CA Blythe city, California","CA",283,150,530.035335689046,"Adequate supply"
"0607414","CA Bonita CDP, California","CA",300,67,223.333333333333,"Moderate desert"
"0607624","CA Bostonia CDP, California","CA",505,306,605.940594059406,"Adequate supply"
"0608058","CA Brawley city, California","CA",481,498,1035.34303534304,"Adequate supply"
"0608100","CA Brea city, California","CA",1563,178,113.883557261676,"Moderate desert"
"0608142","CA Brentwood city, California","CA",2243,364,162.282657155595,"Moderate desert"
"0608310","CA Brisbane city, California","CA",221,70,316.742081447964,"Low availability"
"0608338","CA Broadmoor CDP, California","CA",252,11,43.6507936507936,"Severe desert"
"0608786","CA Buena Park city, California","CA",1780,701,393.820224719101,"Low availability"
"0608954","CA Burbank city, California","CA",5938,1478,248.905355338498,"Moderate desert"
"0608968","CA Burbank CDP, California","CA",266,85,319.548872180451,"Low availability"
"0609066","CA Burlingame city, California","CA",1504,152,101.063829787234,"Moderate desert"
"0609598","CA Calabasas city, California","CA",1458,3,2.05761316872428,"Severe desert"
"0609710","CA Calexico city, California","CA",551,426,773.139745916515,"Adequate supply"
"0609780","CA California City city, California","CA",320,65,203.125,"Moderate desert"
"0609864","CA Calimesa city, California","CA",342,3,8.7719298245614,"Severe desert"
"0609892","CA Calistoga city, California","CA",249,34,136.546184738956,"Moderate desert"
"0609948","CA Callender CDP, California","CA",217,3,13.8248847926267,"Severe desert"
"0610046","CA Camarillo city, California","CA",2337,646,276.422764227642,"Low availability"
"0610074","CA Cambria CDP, California","CA",280,12,42.8571428571429,"Severe desert"
"0610256","CA Cameron Park CDP, California","CA",716,58,81.0055865921788,"Severe desert"
"0610301","CA Camino Tassajara CDP, California","CA",238,11,46.218487394958,"Severe desert"
"0610345","CA Campbell city, California","CA",1793,786,438.371444506414,"Low availability"
"0610928","CA Canyon Lake city, California","CA",458,3,6.55021834061135,"Severe desert"
"0611040","CA Capitola city, California","CA",328,192,585.365853658537,"Adequate supply"
"0611194","CA Carlsbad city, California","CA",5691,758,133.192760499034,"Moderate desert"
"0611324","CA Carmel Valley Village CDP, California","CA",308,83,269.480519480519,"Low availability"
"0611390","CA Carmichael CDP, California","CA",3170,692,218.296529968454,"Moderate desert"
"0611446","CA Carpinteria city, California","CA",422,118,279.620853080569,"Low availability"
"0611530","CA Carson city, California","CA",2776,441,158.861671469741,"Moderate desert"
"0611691","CA Casa de Oro-Mount Helix CDP, California","CA",608,123,202.302631578947,"Moderate desert"
"0611796","CA Castaic CDP, California","CA",492,48,97.5609756097561,"Severe desert"
"0611964","CA Castro Valley CDP, California","CA",2479,343,138.362242839855,"Moderate desert"
"0612048","CA Cathedral City city, California","CA",1945,525,269.922879177378,"Low availability"
"0612524","CA Ceres city, California","CA",1298,487,375.192604006163,"Low availability"
"0612552","CA Cerritos city, California","CA",1666,20,12.0048019207683,"Severe desert"
"0612734","CA Charter Oak CDP, California","CA",231,231,1000,"Adequate supply"
"0612902","CA Cherryland CDP, California","CA",477,294,616.352201257862,"Adequate supply"
"0612916","CA Cherry Valley CDP, California","CA",338,18,53.2544378698225,"Severe desert"
"0613014","CA Chico city, California","CA",4776,1771,370.812395309883,"Low availability"
"0613210","CA Chino city, California","CA",2313,510,220.492866407263,"Moderate desert"
"0613214","CA Chino Hills city, California","CA",2203,47,21.3345438039038,"Severe desert"
"0613294","CA Chowchilla city, California","CA",411,197,479.318734793187,"Low availability"
"0613392","CA Chula Vista city, California","CA",9128,3894,426.599474145486,"Low availability"
"0613588","CA Citrus Heights city, California","CA",2183,412,188.731103985341,"Moderate desert"
"0613756","CA Claremont city, California","CA",1497,263,175.684702738811,"Moderate desert"
"0613882","CA Clayton city, California","CA",360,1,2.77777777777778,"Severe desert"
"0614190","CA Cloverdale city, California","CA",282,213,755.31914893617,"Adequate supply"
"0614218","CA Clovis city, California","CA",3559,1041,292.497892666479,"Low availability"
"0614260","CA Coachella city, California","CA",613,347,566.068515497553,"Adequate supply"
"0614274","CA Coalinga city, California","CA",477,210,440.251572327044,"Low availability"
"0614890","CA Colton city, California","CA",1607,575,357.809583074051,"Low availability"
"0614946","CA Colusa city, California","CA",369,38,102.981029810298,"Moderate desert"
"0614974","CA Commerce city, California","CA",440,240,545.454545454545,"Adequate supply"
"0615044","CA Compton city, California","CA",2358,1327,562.765055131467,"Adequate supply"
"0616000","CA Concord city, California","CA",4530,1412,311.699779249448,"Low availability"
"0616090","CA Contra Costa Centre CDP, California","CA",361,77,213.296398891967,"Moderate desert"
"0616224","CA Corcoran city, California","CA",422,196,464.454976303318,"Low availability"
"0616350","CA Corona city, California","CA",4506,663,147.137150466045,"Moderate desert"
"0616378","CA Coronado city, California","CA",844,60,71.0900473933649,"Severe desert"
"0616462","CA Corte Madera town, California","CA",490,74,151.020408163265,"Moderate desert"
"0616532","CA Costa Mesa city, California","CA",3587,739,206.021745190967,"Moderate desert"
"0616560","CA Cotati city, California","CA",362,139,383.977900552486,"Low availability"
"0616630","CA Cottonwood CDP, California","CA",365,20,54.7945205479452,"Severe desert"
"0616742","CA Covina city, California","CA",1514,487,321.664464993395,"Low availability"
"0617274","CA Crockett CDP, California","CA",230,14,60.8695652173913,"Severe desert"
"0617498","CA Cudahy city, California","CA",597,219,366.834170854271,"Low availability"
"0617568","CA Culver City city, California","CA",2268,554,244.268077601411,"Moderate desert"
"0617610","CA Cupertino city, California","CA",2672,178,66.6167664670659,"Severe desert"
"0617750","CA Cypress city, California","CA",1786,212,118.701007838746,"Moderate desert"
"0617918","CA Daly City city, California","CA",3726,743,199.409554482018,"Moderate desert"
"0617946","CA Dana Point city, California","CA",1638,39,23.8095238095238,"Severe desert"
"0617988","CA Danville town, California","CA",1510,18,11.9205298013245,"Severe desert"
"0618100","CA Davis city, California","CA",4411,680,154.160054409431,"Moderate desert"
"0618153","CA Day Valley CDP, California","CA",260,16,61.5384615384615,"Severe desert"
"0618352","CA Del Aire CDP, California","CA",350,36,102.857142857143,"Moderate desert"
"0618394","CA Delano city, California","CA",486,368,757.201646090535,"Adequate supply"
"0618506","CA Del Mar city, California","CA",270,3,11.1111111111111,"Severe desert"
"0618996","CA Desert Hot Springs city, California","CA",923,358,387.865655471289,"Low availability"
"0619022","CA Desert Palms CDP, California","CA",334,1,2.9940119760479,"Severe desert"
"0619192","CA Diamond Bar city, California","CA",1995,92,46.1152882205514,"Severe desert"
"0619220","CA Diamond Springs CDP, California","CA",384,78,203.125,"Moderate desert"
"0619318","CA Dinuba city, California","CA",547,248,453.382084095064,"Low availability"
"0619339","CA Discovery Bay CDP, California","CA",654,39,59.6330275229358,"Severe desert"
"0619402","CA Dixon city, California","CA",514,253,492.217898832685,"Low availability"
"0619612","CA Dos Palos city, California","CA",223,55,246.636771300448,"Moderate desert"
"0619766","CA Downey city, California","CA",2393,527,220.225658169662,"Moderate desert"
"0619990","CA Duarte city, California","CA",868,274,315.668202764977,"Low availability"
"0620018","CA Dublin city, California","CA",2080,474,227.884615384615,"Moderate desert"
"0620574","CA Eastern Goleta Valley CDP, California","CA",1185,198,167.088607594937,"Moderate desert"
"0620697","CA East Hemet CDP, California","CA",497,140,281.69014084507,"Low availability"
"0620802","CA East Los Angeles CDP, California","CA",2542,1177,463.021243115657,"Low availability"
"0620903","CA East Niles CDP, California","CA",251,221,880.478087649402,"Adequate supply"
"0620956","CA East Palo Alto city, California","CA",816,586,718.137254901961,"Adequate supply"
"0620984","CA East Pasadena CDP, California","CA",239,12,50.2092050209205,"Severe desert"
"0621034","CA East Rancho Dominguez CDP, California","CA",471,141,299.363057324841,"Low availability"
"0621096","CA East San Gabriel CDP, California","CA",870,49,56.3218390804598,"Severe desert"
"0621230","CA Eastvale city, California","CA",1039,2,1.92492781520693,"Severe desert"
"0621292","CA East Whittier CDP, California","CA",228,116,508.771929824561,"Adequate supply"
"0621712","CA El Cajon city, California","CA",1946,3443,1769.27029804728,"Adequate supply"
"0621782","CA El Centro city, California","CA",932,1142,1225.32188841202,"Adequate supply"
"0621796","CA El Cerrito city, California","CA",1007,214,212.512413108242,"Moderate desert"
"0621880","CA El Dorado Hills CDP, California","CA",1452,103,70.9366391184573,"Severe desert"
"0621936","CA El Granada CDP, California","CA",309,2,6.47249190938511,"Severe desert"
"0622020","CA Elk Grove city, California","CA",4918,952,193.574623830826,"Moderate desert"
"0622230","CA El Monte city, California","CA",1204,1109,921.09634551495,"Adequate supply"
"0622300","CA El Paso de Robles (Paso Robles) city, California","CA",1051,501,476.688867745005,"Low availability"
"0622412","CA El Segundo city, California","CA",747,7,9.37081659973226,"Severe desert"
"0622454","CA El Sobrante CDP, California","CA",488,172,352.459016393443,"Low availability"
"0622457","CA El Sobrante CDP, California","CA",237,1,4.21940928270042,"Severe desert"
"0622594","CA Emeryville city, California","CA",857,259,302.217036172695,"Low availability"
"0622678","CA Encinitas city, California","CA",2803,170,60.6493043168034,"Severe desert"
"0622790","CA Escalon city, California","CA",222,47,211.711711711712,"Moderate desert"
"0622804","CA Escondido city, California","CA",6187,972,157.103604331663,"Moderate desert"
"0623000","CA Eucalyptus Hills CDP, California","CA",284,6,21.1267605633803,"Severe desert"
"0623042","CA Eureka city, California","CA",683,831,1216.69106881406,"Adequate supply"
"0623126","CA Exeter city, California","CA",242,58,239.669421487603,"Moderate desert"
"0623168","CA Fairfax town, California","CA",490,193,393.877551020408,"Low availability"
"0623182","CA Fairfield city, California","CA",3427,1199,349.868689816166,"Low availability"
"0623294","CA Fair Oaks CDP, California","CA",1064,181,170.112781954887,"Moderate desert"
"0623350","CA Fairview CDP, California","CA",243,51,209.876543209877,"Moderate desert"
"0623462","CA Fallbrook CDP, California","CA",643,172,267.496111975117,"Low availability"
"0624092","CA Fillmore city, California","CA",434,270,622.119815668203,"Adequate supply"
"0624477","CA Florence-Graham CDP, California","CA",611,656,1073.64975450082,"Adequate supply"
"0624498","CA Florin CDP, California","CA",868,1064,1225.8064516129,"Adequate supply"
"0624638","CA Folsom city, California","CA",3486,372,106.71256454389,"Moderate desert"
"0624680","CA Fontana city, California","CA",3728,1104,296.137339055794,"Low availability"
"0624722","CA Foothill Farms CDP, California","CA",1280,394,307.8125,"Low availability"
"0625296","CA Fortuna city, California","CA",336,210,625,"Adequate supply"
"0625338","CA Foster City city, California","CA",1314,155,117.960426179604,"Moderate desert"
"0625380","CA Fountain Valley city, California","CA",2036,609,299.115913555992,"Low availability"
"0625436","CA Fowler city, California","CA",393,58,147.582697201018,"Moderate desert"
"0625488","CA Franklin CDP, California","CA",261,77,295.019157088123,"Low availability"
"0626000","CA Fremont city, California","CA",8851,1502,169.698339170715,"Moderate desert"
"0626067","CA French Valley CDP, California","CA",444,7,15.7657657657658,"Severe desert"
"0627000","CA Fresno city, California","CA",21961,13365,608.578844314922,"Adequate supply"
"0628000","CA Fullerton city, California","CA",5247,744,141.795311606632,"Moderate desert"
"0628112","CA Galt city, California","CA",515,119,231.067961165049,"Moderate desert"
"0628168","CA Gardena city, California","CA",1928,731,379.149377593361,"Low availability"
"0629000","CA Garden Grove city, California","CA",4736,2848,601.351351351351,"Adequate supply"
"0629504","CA Gilroy city, California","CA",1630,1166,715.337423312883,"Adequate supply"
"0630000","CA Glendale city, California","CA",9779,2043,208.917067184784,"Moderate desert"
"0630014","CA Glendora city, California","CA",1559,159,101.988454137267,"Moderate desert"
"0630282","CA Golden Hills CDP, California","CA",260,6,23.0769230769231,"Severe desert"
"0630345","CA Gold River CDP, California","CA",306,1,3.26797385620915,"Severe desert"
"0630378","CA Goleta city, California","CA",1164,460,395.189003436426,"Low availability"
"0630658","CA Grand Terrace city, California","CA",295,58,196.610169491525,"Moderate desert"
"0630693","CA Granite Bay CDP, California","CA",776,9,11.5979381443299,"Severe desert"
"0631393","CA Grover Beach city, California","CA",376,132,351.063829787234,"Low availability"
"0631414","CA Guadalupe city, California","CA",263,99,376.425855513308,"Low availability"
"0631470","CA Guerneville CDP, California","CA",304,179,588.815789473684,"Adequate supply"
"0631596","CA Hacienda Heights CDP, California","CA",1661,130,78.266104756171,"Severe desert"
"0631708","CA Half Moon Bay city, California","CA",555,253,455.855855855856,"Low availability"
"0631960","CA Hanford city, California","CA",1733,558,321.98499711483,"Low availability"
"0632506","CA Hawaiian Gardens city, California","CA",318,313,984.276729559748,"Adequate supply"
"0632548","CA Hawthorne city, California","CA",2957,871,294.555292526209,"Low availability"
"0633000","CA Hayward city, California","CA",4473,2034,454.728370221328,"Low availability"
"0633056","CA Healdsburg city, California","CA",580,126,217.241379310345,"Moderate desert"
"0633182","CA Hemet city, California","CA",2176,1524,700.367647058824,"Adequate supply"
"0633308","CA Hercules city, California","CA",983,218,221.77009155646,"Moderate desert"
"0633364","CA Hermosa Beach city, California","CA",1053,6,5.6980056980057,"Severe desert"
"0633434","CA Hesperia city, California","CA",2192,286,130.474452554745,"Moderate desert"
"0633532","CA Hidden Meadows CDP, California","CA",233,2,8.58369098712446,"Severe desert"
"0633574","CA Highgrove CDP, California","CA",272,27,99.2647058823529,"Severe desert"
"0633588","CA Highland city, California","CA",1218,383,314.449917898194,"Low availability"
"0633798","CA Hillsborough town, California","CA",306,2,6.5359477124183,"Severe desert"
"0633861","CA Hilmar-Irwin CDP, California","CA",238,6,25.2100840336134,"Severe desert"
"0634120","CA Hollister city, California","CA",1164,370,317.86941580756,"Low availability"
"0634904","CA Hughson city, California","CA",219,12,54.7945205479452,"Severe desert"
"0636000","CA Huntington Beach city, California","CA",8116,1548,190.734351897486,"Moderate desert"
"0636056","CA Huntington Park city, California","CA",783,634,809.70625798212,"Adequate supply"
"0636280","CA Imperial city, California","CA",333,181,543.543543543543,"Adequate supply"
"0636294","CA Imperial Beach city, California","CA",596,434,728.187919463087,"Adequate supply"
"0636434","CA Indian Wells city, California","CA",409,61,149.144254278729,"Moderate desert"
"0636448","CA Indio city, California","CA",1493,887,594.10582719357,"Adequate supply"
"0636546","CA Inglewood city, California","CA",3309,1919,579.933514656996,"Adequate supply"
"0636672","CA Ione city, California","CA",321,1,3.11526479750779,"Severe desert"
"0636770","CA Irvine city, California","CA",15882,2451,154.325651681148,"Moderate desert"
"0636980","CA Jackson city, California","CA",362,149,411.602209944751,"Low availability"
"0637120","CA Jamul CDP, California","CA",218,20,91.743119266055,"Severe desert"
"0637692","CA Jurupa Valley city, California","CA",2090,447,213.875598086124,"Moderate desert"
"0638086","CA Kensington CDP, California","CA",215,1,4.65116279069767,"Severe desert"
"0638114","CA Kentfield CDP, California","CA",312,25,80.1282051282051,"Severe desert"
"0638226","CA Kerman city, California","CA",358,34,94.9720670391061,"Severe desert"
"0638520","CA King City city, California","CA",238,71,298.319327731092,"Low availability"
"0638562","CA Kingsburg city, California","CA",331,92,277.945619335347,"Low availability"
"0639003","CA La Cañada Flintridge city, California","CA",533,1,1.87617260787993,"Severe desert"
"0639045","CA La Crescenta-Montrose CDP, California","CA",784,27,34.4387755102041,"Severe desert"
"0639108","CA Ladera Heights CDP, California","CA",386,10,25.9067357512953,"Severe desert"
"0639114","CA Ladera Ranch CDP, California","CA",718,57,79.3871866295265,"Severe desert"
"0639122","CA Lafayette city, California","CA",1044,145,138.888888888889,"Moderate desert"
"0639178","CA Laguna Beach city, California","CA",1273,91,71.4846818538885,"Severe desert"
"0639220","CA Laguna Hills city, California","CA",1278,140,109.546165884194,"Moderate desert"
"0639248","CA Laguna Niguel city, California","CA",2665,290,108.818011257036,"Moderate desert"
"0639259","CA Laguna Woods city, California","CA",600,94,156.666666666667,"Moderate desert"
"0639290","CA La Habra city, California","CA",1751,327,186.75042832667,"Moderate desert"
"0639444","CA Lake Arrowhead CDP, California","CA",420,47,111.904761904762,"Moderate desert"
"0639486","CA Lake Elsinore city, California","CA",1226,264,215.334420880914,"Moderate desert"
"0639496","CA Lake Forest city, California","CA",2510,231,92.0318725099602,"Severe desert"
"0639598","CA Lakeland Village CDP, California","CA",222,56,252.252252252252,"Low availability"
"0639612","CA Lake Los Angeles CDP, California","CA",251,96,382.470119521912,"Low availability"
"0639766","CA Lakeside CDP, California","CA",438,212,484.018264840183,"Low availability"
"0639892","CA Lakewood city, California","CA",2791,271,97.0978144034396,"Severe desert"
"0640004","CA La Mesa city, California","CA",2373,951,400.758533501896,"Low availability"
"0640032","CA La Mirada city, California","CA",1869,197,105.403959336544,"Moderate desert"
"0640130","CA Lancaster city, California","CA",5194,5298,1020.02310358106,"Adequate supply"
"0640256","CA La Palma city, California","CA",405,77,190.123456790123,"Moderate desert"
"0640326","CA La Presa CDP, California","CA",815,323,396.319018404908,"Low availability"
"0640340","CA La Puente city, California","CA",750,560,746.666666666667,"Adequate supply"
"0640354","CA La Quinta city, California","CA",1185,132,111.392405063291,"Moderate desert"
"0640410","CA La Riviera CDP, California","CA",299,23,76.9230769230769,"Severe desert"
"0640426","CA Larkfield-Wikiup CDP, California","CA",263,101,384.030418250951,"Low availability"
"0640438","CA Larkspur city, California","CA",731,174,238.030095759234,"Moderate desert"
"0640704","CA Lathrop city, California","CA",974,114,117.043121149897,"Moderate desert"
"0640830","CA La Verne city, California","CA",1437,233,162.14335421016,"Moderate desert"
"0640886","CA Lawndale city, California","CA",822,216,262.773722627737,"Low availability"
"0641124","CA Lemon Grove city, California","CA",400,390,975,"Adequate supply"
"0641152","CA Lemoore city, California","CA",578,153,264.705882352941,"Low availability"
"0641180","CA Lennox CDP, California","CA",232,76,327.586206896552,"Low availability"
"0641474","CA Lincoln city, California","CA",1790,116,64.804469273743,"Severe desert"
"0641572","CA Linda CDP, California","CA",805,512,636.024844720497,"Adequate supply"
"0641712","CA Lindsay city, California","CA",209,190,909.090909090909,"Adequate supply"
"0641922","CA Live Oak CDP, California","CA",833,857,1028.81152460984,"Adequate supply"
"0641992","CA Livermore city, California","CA",3564,1044,292.929292929293,"Low availability"
"0642006","CA Livingston city, California","CA",238,19,79.8319327731092,"Severe desert"
"0642202","CA Lodi city, California","CA",2309,206,89.2161108705067,"Severe desert"
"0642370","CA Loma Linda city, California","CA",787,348,442.185514612452,"Low availability"
"0642468","CA Lomita city, California","CA",679,128,188.512518409426,"Moderate desert"
"0642524","CA Lompoc city, California","CA",1508,1298,860.742705570292,"Adequate supply"
"0643000","CA Long Beach city, California","CA",20194,9840,487.273447558681,"Low availability"
"0643140","CA Loomis town, California","CA",636,4,6.28930817610063,"Severe desert"
"0643224","CA Los Alamitos city, California","CA",291,83,285.223367697594,"Low availability"
"0643280","CA Los Altos city, California","CA",1288,5,3.88198757763975,"Severe desert"
"0643294","CA Los Altos Hills town, California","CA",320,2,6.25,"Severe desert"
"0644000","CA Los Angeles city, California","CA",152491,75072,492.304463869999,"Low availability"
"0644028","CA Los Banos city, California","CA",973,170,174.717368961973,"Moderate desert"
"0644112","CA Los Gatos town, California","CA",1400,165,117.857142857143,"Moderate desert"
"0644182","CA Los Osos CDP, California","CA",621,131,210.950080515298,"Moderate desert"
"0644399","CA Lucas Valley-Marinwood CDP, California","CA",401,22,54.8628428927681,"Severe desert"
"0644420","CA Lucerne Valley CDP, California","CA",207,8,38.6473429951691,"Severe desert"
"0644574","CA Lynwood city, California","CA",1056,431,408.143939393939,"Low availability"
"0644910","CA McKinleyville CDP, California","CA",222,112,504.504504504504,"Adequate supply"
"0645022","CA Madera city, California","CA",1026,642,625.730994152047,"Adequate supply"
"0645050","CA Madera Acres CDP, California","CA",216,2,9.25925925925926,"Severe desert"
"0645358","CA Mammoth Lakes town, California","CA",219,1,4.5662100456621,"Severe desert"
"0645400","CA Manhattan Beach city, California","CA",1136,5,4.40140845070423,"Severe desert"
"0645484","CA Manteca city, California","CA",2251,335,148.822745446468,"Moderate desert"
"0645778","CA Marina city, California","CA",779,534,685.494223363286,"Adequate supply"
"0645806","CA Marina del Rey CDP, California","CA",420,2,4.76190476190476,"Severe desert"
"0646114","CA Martinez city, California","CA",1310,333,254.198473282443,"Low availability"
"0646170","CA Marysville city, California","CA",336,375,1116.07142857143,"Adequate supply"
"0646492","CA Maywood city, California","CA",370,153,413.513513513513,"Low availability"
"0646646","CA Mead Valley CDP, California","CA",341,5,14.6627565982405,"Severe desert"
"0646842","CA Menifee city, California","CA",3408,234,68.6619718309859,"Severe desert"
"0646870","CA Menlo Park city, California","CA",1417,427,301.340860973889,"Low availability"
"0646884","CA Mentone CDP, California","CA",242,68,280.99173553719,"Low availability"
"0646898","CA Merced city, California","CA",1712,2441,1425.81775700935,"Adequate supply"
"0647430","CA Midway City CDP, California","CA",321,622,1937.69470404984,"Adequate supply"
"0647486","CA Millbrae city, California","CA",1249,116,92.8742994395516,"Severe desert"
"0647710","CA Mill Valley city, California","CA",595,168,282.352941176471,"Low availability"
"0647766","CA Milpitas city, California","CA",2970,914,307.744107744108,"Low availability"
"0648046","CA Mira Monte CDP, California","CA",357,15,42.0168067226891,"Severe desert"
"0648256","CA Mission Viejo city, California","CA",3099,293,94.5466279444982,"Severe desert"
"0648354","CA Modesto city, California","CA",5893,3230,548.107924656372,"Adequate supply"
"0648648","CA Monrovia city, California","CA",1258,267,212.241653418124,"Moderate desert"
"0648788","CA Montclair city, California","CA",751,239,318.242343541944,"Low availability"
"0648816","CA Montebello city, California","CA",1713,993,579.684763572679,"Adequate supply"
"0648844","CA Montecito CDP, California","CA",479,11,22.964509394572,"Severe desert"
"0648872","CA Monterey city, California","CA",1147,505,440.278988666085,"Low availability"
"0648914","CA Monterey Park city, California","CA",2220,654,294.594594594595,"Low availability"
"0649138","CA Moorpark city, California","CA",817,140,171.358629130967,"Moderate desert"
"0649187","CA Moraga town, California","CA",704,2,2.84090909090909,"Severe desert"
"0649270","CA Moreno Valley city, California","CA",4158,1189,285.954785954786,"Low availability"
"0649278","CA Morgan Hill city, California","CA",1385,428,309.025270758123,"Low availability"
"0649362","CA Morro Bay city, California","CA",430,153,355.813953488372,"Low availability"
"0649582","CA Mountain House CDP, California","CA",402,38,94.5273631840796,"Severe desert"
"0649670","CA Mountain View city, California","CA",4302,751,174.569967456997,"Moderate desert"
"0650076","CA Murrieta city, California","CA",2506,214,85.3950518754988,"Severe desert"
"0650188","CA Myrtletown CDP, California","CA",281,50,177.935943060498,"Moderate desert"
"0650258","CA Napa city, California","CA",3016,1486,492.705570291777,"Low availability"
"0650398","CA National City city, California","CA",1009,1818,1801.7839444995,"Adequate supply"
"0650916","CA Newark city, California","CA",1262,424,335.974643423138,"Low availability"
"0651140","CA Newman city, California","CA",243,121,497.942386831276,"Low availability"
"0651182","CA Newport Beach city, California","CA",5258,270,51.3503233168505,"Severe desert"
"0651476","CA Nipomo CDP, California","CA",298,161,540.268456375839,"Adequate supply"
"0651560","CA Norco city, California","CA",767,110,143.415906127771,"Moderate desert"
"0651637","CA North Auburn CDP, California","CA",452,94,207.964601769911,"Moderate desert"
"0651840","CA North Fair Oaks CDP, California","CA",266,109,409.774436090226,"Low availability"
"0651924","CA North Highlands CDP, California","CA",747,653,874.163319946452,"Adequate supply"
"0652379","CA North Tustin CDP, California","CA",808,1,1.23762376237624,"Severe desert"
"0652526","CA Norwalk city, California","CA",1926,950,493.2502596054,"Low availability"
"0652582","CA Novato city, California","CA",1891,812,429.402432575357,"Low availability"
"0652694","CA Oakdale city, California","CA",1197,242,202.172096908939,"Moderate desert"
"0652760","CA Oak Hills CDP, California","CA",242,3,12.396694214876,"Severe desert"
"0652764","CA Oakhurst CDP, California","CA",282,5,17.7304964539007,"Severe desert"
"0653000","CA Oakland city, California","CA",21587,17950,831.518969750313,"Adequate supply"
"0653070","CA Oakley city, California","CA",1544,377,244.170984455959,"Moderate desert"
"0653116","CA Oak Park CDP, California","CA",612,3,4.90196078431373,"Severe desert"
"0653294","CA Oceano CDP, California","CA",339,87,256.637168141593,"Low availability"
"0653322","CA Oceanside city, California","CA",4865,1800,369.989722507708,"Low availability"
"0653505","CA Old Fig Garden CDP, California","CA",249,23,92.3694779116466,"Severe desert"
"0653714","CA Olivehurst CDP, California","CA",384,49,127.604166666667,"Moderate desert"
"0653896","CA Ontario city, California","CA",3257,1096,336.505987104698,"Low availability"
"0653980","CA Orange city, California","CA",4779,1089,227.871939736347,"Moderate desert"
"0654092","CA Orangevale CDP, California","CA",900,42,46.6666666666667,"Severe desert"
"0654120","CA Orcutt CDP, California","CA",922,270,292.841648590022,"Low availability"
"0654232","CA Orinda city, California","CA",1001,228,227.772227772228,"Moderate desert"
"0654386","CA Oroville city, California","CA",689,522,757.619738751814,"Adequate supply"
"0654388","CA Oroville East CDP, California","CA",259,10,38.6100386100386,"Severe desert"
"0654652","CA Oxnard city, California","CA",3364,2052,609.988109393579,"Adequate supply"
"0654764","CA Pacheco CDP, California","CA",241,6,24.896265560166,"Severe desert"
"0654806","CA Pacifica city, California","CA",1412,421,298.158640226629,"Low availability"
"0654848","CA Pacific Grove city, California","CA",677,138,203.84047267356,"Moderate desert"
"0655156","CA Palmdale city, California","CA",3602,2800,777.345918933926,"Adequate supply"
"0655184","CA Palm Desert city, California","CA",2271,127,55.9225011008366,"Severe desert"
"0655254","CA Palm Springs city, California","CA",2430,653,268.724279835391,"Low availability"
"0655282","CA Palo Alto city, California","CA",3358,945,281.417510422871,"Low availability"
"0655520","CA Paradise town, California","CA",526,97,184.410646387833,"Moderate desert"
"0655618","CA Paramount city, California","CA",1104,503,455.615942028986,"Low availability"
"0655800","CA Parkway CDP, California","CA",325,260,800,"Adequate supply"
"0655856","CA Parlier city, California","CA",372,140,376.344086021505,"Low availability"
"0656000","CA Pasadena city, California","CA",8037,2759,343.287296254821,"Low availability"
"0656112","CA Patterson city, California","CA",458,51,111.353711790393,"Moderate desert"
"0656700","CA Perris city, California","CA",1215,454,373.662551440329,"Low availability"
"0656784","CA Petaluma city, California","CA",2048,721,352.05078125,"Low availability"
"0656826","CA Phelan CDP, California","CA",471,10,21.2314225053079,"Severe desert"
"0656924","CA Pico Rivera city, California","CA",1944,597,307.098765432099,"Low availability"
"0657288","CA Pinole city, California","CA",595,129,216.806722689076,"Moderate desert"
"0657302","CA Piñon Hills CDP, California","CA",231,2,8.65800865800866,"Severe desert"
"0657414","CA Pismo Beach city, California","CA",413,76,184.019370460048,"Moderate desert"
"0657456","CA Pittsburg city, California","CA",3002,1453,484.010659560293,"Low availability"
"0657526","CA Placentia city, California","CA",1520,380,250,"Low availability"
"0657540","CA Placerville city, California","CA",310,189,609.677419354839,"Adequate supply"
"0657764","CA Pleasant Hill city, California","CA",1126,324,287.744227353464,"Low availability"
"0657792","CA Pleasanton city, California","CA",3352,370,110.381861575179,"Moderate desert"
"0657825","CA Pleasure Point CDP, California","CA",282,79,280.141843971631,"Low availability"
"0658030","CA Pollock Pines CDP, California","CA",318,18,56.6037735849057,"Severe desert"
"0658072","CA Pomona city, California","CA",3722,1255,337.184309511016,"Low availability"
"0658240","CA Porterville city, California","CA",948,609,642.405063291139,"Adequate supply"
"0658296","CA Port Hueneme city, California","CA",550,372,676.363636363636,"Adequate supply"
"0658520","CA Poway city, California","CA",1432,236,164.804469273743,"Moderate desert"
"0658870","CA Prunedale CDP, California","CA",445,60,134.831460674157,"Moderate desert"
"0659052","CA Quartz Hill CDP, California","CA",527,119,225.806451612903,"Moderate desert"
"0659346","CA Ramona CDP, California","CA",672,241,358.630952380952,"Low availability"
"0659444","CA Rancho Cordova city, California","CA",2651,778,293.474160694078,"Low availability"
"0659451","CA Rancho Cucamonga city, California","CA",5365,1342,250.139794967381,"Low availability"
"0659500","CA Rancho Mirage city, California","CA",1129,175,155.004428697963,"Moderate desert"
"0659503","CA Rancho Mission Viejo CDP, California","CA",474,13,27.4261603375527,"Severe desert"
"0659514","CA Rancho Palos Verdes city, California","CA",1544,5,3.23834196891192,"Severe desert"
"0659550","CA Rancho San Diego CDP, California","CA",610,302,495.081967213115,"Low availability"
"0659587","CA Rancho Santa Margarita city, California","CA",1612,155,96.1538461538462,"Severe desert"
"0659892","CA Red Bluff city, California","CA",410,395,963.414634146341,"Adequate supply"
"0659920","CA Redding city, California","CA",3418,1931,564.950263311878,"Adequate supply"
"0659962","CA Redlands city, California","CA",1843,743,403.147042864894,"Low availability"
"0660018","CA Redondo Beach city, California","CA",2506,740,295.291300877893,"Low availability"
"0660102","CA Redwood City city, California","CA",3185,1009,316.79748822606,"Low availability"
"0660242","CA Reedley city, California","CA",320,103,321.875,"Low availability"
"0660466","CA Rialto city, California","CA",2508,513,204.545454545455,"Moderate desert"
"0660620","CA Richmond city, California","CA",4561,2946,645.910984433238,"Adequate supply"
"0660704","CA Ridgecrest city, California","CA",1276,64,50.1567398119122,"Severe desert"
"0660928","CA Rio del Mar CDP, California","CA",548,134,244.525547445255,"Moderate desert"
"0660942","CA Rio Linda CDP, California","CA",374,22,58.8235294117647,"Severe desert"
"0660984","CA Rio Vista city, California","CA",333,56,168.168168168168,"Moderate desert"
"0661026","CA Ripon city, California","CA",320,9,28.125,"Severe desert"
"0661068","CA Riverbank city, California","CA",769,81,105.331599479844,"Moderate desert"
"0662000","CA Riverside city, California","CA",8577,2490,290.311297656523,"Low availability"
"0662364","CA Rocklin city, California","CA",2596,345,132.896764252696,"Moderate desert"
"0662490","CA Rodeo CDP, California","CA",217,123,566.820276497696,"Adequate supply"
"0662546","CA Rohnert Park city, California","CA",1400,797,569.285714285714,"Adequate supply"
"0662826","CA Rosamond CDP, California","CA",520,24,46.1538461538462,"Severe desert"
"0662896","CA Rosemead city, California","CA",1035,301,290.821256038647,"Low availability"
"0662910","CA Rosemont CDP, California","CA",1127,198,175.687666370896,"Moderate desert"
"0662938","CA Roseville city, California","CA",6150,734,119.349593495935,"Moderate desert"
"0663050","CA Rossmoor CDP, California","CA",373,1,2.68096514745308,"Severe desert"
"0663218","CA Rowland Heights CDP, California","CA",1477,227,153.689911983751,"Moderate desert"
"0663316","CA Running Springs CDP, California","CA",311,9,28.9389067524116,"Severe desert"
"0664000","CA Sacramento city, California","CA",24041,9483,394.451145958987,"Low availability"
"0664140","CA St. Helena city, California","CA",204,65,318.627450980392,"Low availability"
"0664210","CA Salida CDP, California","CA",313,20,63.8977635782748,"Severe desert"
"0664224","CA Salinas city, California","CA",3665,3134,855.115961800818,"Adequate supply"
"0664434","CA San Anselmo town, California","CA",772,94,121.761658031088,"Moderate desert"
"0665000","CA San Bernardino city, California","CA",3302,3375,1022.1078134464,"Adequate supply"
"0665028","CA San Bruno city, California","CA",1379,356,258.158085569253,"Low availability"
"0665042","CA San Buenaventura (Ventura) city, California","CA",4807,2060,428.541710006241,"Low availability"
"0665070","CA San Carlos city, California","CA",1010,73,72.2772277227723,"Severe desert"
"0665084","CA San Clemente city, California","CA",2953,217,73.4845919403996,"Severe desert"
"0666000","CA San Diego city, California","CA",58189,21256,365.292409218237,"Low availability"
"0666070","CA San Dimas city, California","CA",1379,192,139.231327048586,"Moderate desert"
"0666140","CA San Fernando city, California","CA",427,102,238.87587822014,"Moderate desert"
"0667000","CA San Francisco city, California","CA",62538,23926,382.583389299306,"Low availability"
"0667042","CA San Gabriel city, California","CA",1320,201,152.272727272727,"Moderate desert"
"0667056","CA Sanger city, California","CA",520,333,640.384615384615,"Adequate supply"
"0667112","CA San Jacinto city, California","CA",1121,275,245.316681534344,"Moderate desert"
"0668000","CA San Jose city, California","CA",39675,16641,419.432892249527,"Low availability"
"0668028","CA San Juan Capistrano city, California","CA",1063,73,68.6735653809972,"Severe desert"
"0668084","CA San Leandro city, California","CA",3100,1117,360.322580645161,"Low availability"
"0668112","CA San Lorenzo CDP, California","CA",768,279,363.28125,"Low availability"
"0668154","CA San Luis Obispo city, California","CA",2734,915,334.674469641551,"Low availability"
"0668196","CA San Marcos city, California","CA",3744,284,75.8547008547009,"Severe desert"
"0668224","CA San Marino city, California","CA",346,1,2.89017341040462,"Severe desert"
"0668238","CA San Martin CDP, California","CA",238,16,67.2268907563025,"Severe desert"
"0668252","CA San Mateo city, California","CA",5262,1020,193.842645381984,"Moderate desert"
"0668294","CA San Pablo city, California","CA",581,590,1015.49053356282,"Adequate supply"
"0668364","CA San Rafael city, California","CA",2217,1003,452.413170951737,"Low availability"
"0668378","CA San Ramon city, California","CA",2776,354,127.521613832853,"Moderate desert"
"0669000","CA Santa Ana city, California","CA",6534,3121,477.655341291705,"Low availability"
"0669070","CA Santa Barbara city, California","CA",4581,2934,640.471512770137,"Adequate supply"
"0669084","CA Santa Clara city, California","CA",6290,1066,169.475357710652,"Moderate desert"
"0669088","CA Santa Clarita city, California","CA",7455,610,81.8242790073776,"Severe desert"
"0669112","CA Santa Cruz city, California","CA",3277,1567,478.181263350626,"Low availability"
"0669154","CA Santa Fe Springs city, California","CA",624,458,733.974358974359,"Adequate supply"
"0669196","CA Santa Maria city, California","CA",2456,1950,793.973941368078,"Adequate supply"
"0670000","CA Santa Monica city, California","CA",7416,1937,261.192017259978,"Low availability"
"0670042","CA Santa Paula city, California","CA",514,585,1138.13229571984,"Adequate supply"
"0670098","CA Santa Rosa city, California","CA",5278,2939,556.839712012126,"Adequate supply"
"0670154","CA Santa Venetia CDP, California","CA",269,93,345.724907063197,"Low availability"
"0670182","CA Santa Ynez CDP, California","CA",276,156,565.217391304348,"Adequate supply"
"0670224","CA Santee city, California","CA",2314,679,293.43128781331,"Low availability"
"0670280","CA Saratoga city, California","CA",1210,175,144.628099173554,"Moderate desert"
"0670364","CA Sausalito city, California","CA",670,18,26.865671641791,"Severe desert"
"0670588","CA Scotts Valley city, California","CA",527,73,138.519924098672,"Moderate desert"
"0670686","CA Seal Beach city, California","CA",627,7,11.1642743221691,"Severe desert"
"0670742","CA Seaside city, California","CA",569,445,782.07381370826,"Adequate supply"
"0670770","CA Sebastopol city, California","CA",349,268,767.908309455587,"Adequate supply"
"0670882","CA Selma city, California","CA",741,169,228.070175438596,"Moderate desert"
"0671106","CA Shafter city, California","CA",507,11,21.6962524654832,"Severe desert"
"0671225","CA Shasta Lake city, California","CA",284,118,415.492957746479,"Low availability"
"0671806","CA Sierra Madre city, California","CA",538,10,18.5873605947955,"Severe desert"
"0671876","CA Signal Hill city, California","CA",545,136,249.54128440367,"Moderate desert"
"0672016","CA Simi Valley city, California","CA",4341,809,186.362589265146,"Moderate desert"
"0672506","CA Solana Beach city, California","CA",664,45,67.7710843373494,"Severe desert"
"0672520","CA Soledad city, California","CA",353,157,444.759206798867,"Low availability"
"0672576","CA Solvang city, California","CA",216,23,106.481481481481,"Moderate desert"
"0672646","CA Sonoma city, California","CA",568,89,156.69014084507,"Moderate desert"
"0672688","CA Soquel CDP, California","CA",442,168,380.090497737557,"Low availability"
"0672996","CA South El Monte city, California","CA",337,56,166.172106824926,"Moderate desert"
"0673080","CA South Gate city, California","CA",1855,795,428.571428571429,"Low availability"
"0673108","CA South Lake Tahoe city, California","CA",688,238,345.93023255814,"Low availability"
"0673220","CA South Pasadena city, California","CA",783,9,11.4942528735632,"Severe desert"
"0673262","CA South San Francisco city, California","CA",2440,788,322.950819672131,"Low availability"
"0673290","CA South San Jose Hills CDP, California","CA",240,21,87.5,"Severe desert"
"0673430","CA South Whittier CDP, California","CA",1174,194,165.247018739353,"Moderate desert"
"0673696","CA Spring Valley CDP, California","CA",850,302,355.294117647059,"Low availability"
"0673962","CA Stanton city, California","CA",1125,822,730.666666666667,"Adequate supply"
"0674130","CA Stevenson Ranch CDP, California","CA",778,21,26.9922879177378,"Severe desert"
"0675000","CA Stockton city, California","CA",9091,5340,587.394126058739,"Adequate supply"
"0675315","CA Strawberry CDP, California","CA",255,20,78.4313725490196,"Severe desert"
"0675630","CA Suisun City city, California","CA",921,426,462.540716612378,"Low availability"
"0677000","CA Sunnyvale city, California","CA",5911,1086,183.725257993571,"Moderate desert"
"0677308","CA Sun Village CDP, California","CA",235,28,119.148936170213,"Moderate desert"
"0677364","CA Susanville city, California","CA",261,140,536.39846743295,"Adequate supply"
"0677574","CA Taft city, California","CA",257,15,58.3657587548638,"Severe desert"
"0677805","CA Tamalpais-Homestead Valley CDP, California","CA",452,12,26.5486725663717,"Severe desert"
"0678092","CA Tehachapi city, California","CA",490,21,42.8571428571429,"Severe desert"
"0678120","CA Temecula city, California","CA",3246,231,71.1645101663586,"Severe desert"
"0678138","CA Temescal Valley CDP, California","CA",1109,3,2.70513976555455,"Severe desert"
"0678148","CA Temple City city, California","CA",1325,87,65.6603773584906,"Severe desert"
"0678162","CA Templeton CDP, California","CA",237,127,535.864978902954,"Adequate supply"
"0678582","CA Thousand Oaks city, California","CA",5660,686,121.201413427562,"Moderate desert"
"0678666","CA Tiburon town, California","CA",286,126,440.559440559441,"Low availability"
"0680000","CA Torrance city, California","CA",4891,987,201.799223062768,"Moderate desert"
"0680238","CA Tracy city, California","CA",2300,396,172.173913043478,"Moderate desert"
"0680588","CA Truckee town, California","CA",853,34,39.8593200468933,"Severe desert"
"0680644","CA Tulare city, California","CA",1587,673,424.070573408948,"Low availability"
"0680812","CA Turlock city, California","CA",1646,1128,685.297691373025,"Adequate supply"
"0680854","CA Tustin city, California","CA",2578,905,351.047323506594,"Low availability"
"0680994","CA Twentynine Palms city, California","CA",406,152,374.384236453202,"Low availability"
"0681134","CA Ukiah city, California","CA",1022,791,773.972602739726,"Adequate supply"
"0681204","CA Union City city, California","CA",2378,734,308.662741799832,"Low availability"
"0681344","CA Upland city, California","CA",2794,775,277.380100214746,"Low availability"
"0681554","CA Vacaville city, California","CA",2654,1461,550.489826676714,"Adequate supply"
"0681638","CA Valinda CDP, California","CA",276,30,108.695652173913,"Moderate desert"
"0681666","CA Vallejo city, California","CA",4788,3040,634.920634920635,"Adequate supply"
"0681708","CA Valle Vista CDP, California","CA",320,62,193.75,"Moderate desert"
"0681736","CA Valley Center CDP, California","CA",273,3,10.989010989011,"Severe desert"
"0682086","CA Vandenberg Village CDP, California","CA",363,102,280.99173553719,"Low availability"
"0682590","CA Victorville city, California","CA",3184,1159,364.007537688442,"Low availability"
"0682667","CA View Park-Windsor Hills CDP, California","CA",532,111,208.646616541353,"Moderate desert"
"0682815","CA Vincent CDP, California","CA",217,59,271.889400921659,"Low availability"
"0682852","CA Vineyard CDP, California","CA",976,223,228.483606557377,"Moderate desert"
"0682954","CA Visalia city, California","CA",2718,1417,521.339220014717,"Adequate supply"
"0682996","CA Vista city, California","CA",1857,547,294.56112008616,"Low availability"
"0683332","CA Walnut city, California","CA",1074,18,16.7597765363128,"Severe desert"
"0683346","CA Walnut Creek city, California","CA",3597,439,122.046149569085,"Moderate desert"
"0683402","CA Walnut Park CDP, California","CA",254,26,102.362204724409,"Moderate desert"
"0683542","CA Wasco city, California","CA",245,130,530.612244897959,"Adequate supply"
"0683668","CA Watsonville city, California","CA",1160,2200,1896.55172413793,"Adequate supply"
"0684144","CA West Carson CDP, California","CA",545,78,143.119266055046,"Moderate desert"
"0684200","CA West Covina city, California","CA",3094,975,315.126050420168,"Low availability"
"0684410","CA West Hollywood city, California","CA",3182,920,289.126335637964,"Low availability"
"0684438","CA Westlake Village city, California","CA",420,1,2.38095238095238,"Severe desert"
"0684550","CA Westminster city, California","CA",2960,2348,793.243243243243,"Adequate supply"
"0684774","CA West Puente Valley CDP, California","CA",493,79,160.243407707911,"Moderate desert"
"0684780","CA West Rancho Dominguez CDP, California","CA",654,508,776.758409785933,"Adequate supply"
"0684816","CA West Sacramento city, California","CA",2123,857,403.674046161093,"Low availability"
"0684921","CA West Whittier-Los Nietos CDP, California","CA",588,72,122.448979591837,"Moderate desert"
"0685292","CA Whittier city, California","CA",2182,651,298.350137488543,"Low availability"
"0685446","CA Wildomar city, California","CA",1072,101,94.2164179104478,"Severe desert"
"0685614","CA Willowbrook CDP, California","CA",355,688,1938.02816901408,"Adequate supply"
"0685880","CA Wilton CDP, California","CA",206,1,4.85436893203883,"Severe desert"
"0685922","CA Windsor town, California","CA",839,154,183.551847437425,"Moderate desert"
"0685992","CA Winter Gardens CDP, California","CA",476,253,531.512605042017,"Adequate supply"
"0686034","CA Winters city, California","CA",376,26,69.1489361702128,"Severe desert"
"0686244","CA Woodcrest CDP, California","CA",418,5,11.9617224880383,"Severe desert"
"0686328","CA Woodland city, California","CA",1786,840,470.324748040314,"Low availability"
"0686832","CA Yorba Linda city, California","CA",2745,169,61.5664845173042,"Severe desert"
"0686972","CA Yuba City city, California","CA",1862,648,348.012889366273,"Low availability"
"0687042","CA Yucaipa city, California","CA",2094,250,119.388729703916,"Moderate desert"
"0687056","CA Yucca Valley town, California","CA",249,107,429.718875502008,"Low availability"
"0802575","CO Applewood CDP, Colorado","CO",261,20,76.6283524904214,"Severe desert"
"0803455","CO Arvada city, Colorado","CO",3696,1337,361.742424242424,"Low availability"
"0803620","CO Aspen city, Colorado","CO",397,6,15.1133501259446,"Severe desert"
"0804000","CO Aurora city, Colorado","CO",11855,3518,296.752425137073,"Low availability"
"0804110","CO Avon town, Colorado","CO",343,27,78.7172011661808,"Severe desert"
"0805120","CO Battlement Mesa CDP, Colorado","CO",253,55,217.391304347826,"Moderate desert"
"0806172","CO Berkley CDP, Colorado","CO",450,91,202.222222222222,"Moderate desert"
"0806255","CO Berthoud town, Colorado","CO",333,15,45.045045045045,"Severe desert"
"0806970","CO Black Forest CDP, Colorado","CO",536,29,54.1044776119403,"Severe desert"
"0807850","CO Boulder city, Colorado","CO",6926,1559,225.093849263644,"Moderate desert"
"0808400","CO Breckenridge town, Colorado","CO",306,7,22.875816993464,"Severe desert"
"0808675","CO Brighton city, Colorado","CO",1333,284,213.053263315829,"Moderate desert"
"0809280","CO Broomfield city, Colorado","CO",2238,187,83.5567470956211,"Severe desert"
"0809555","CO Brush city, Colorado","CO",272,91,334.558823529412,"Low availability"
"0811810","CO Cañon City city, Colorado","CO",496,288,580.645161290323,"Adequate supply"
"0812045","CO Carbondale town, Colorado","CO",367,34,92.6430517711172,"Severe desert"
"0812415","CO Castle Rock town, Colorado","CO",2093,129,61.6340181557573,"Severe desert"
"0812815","CO Centennial city, Colorado","CO",2875,152,52.8695652173913,"Severe desert"
"0813590","CO Cherry Creek CDP, Colorado","CO",337,9,26.7062314540059,"Severe desert"
"0814587","CO Cimarron Hills CDP, Colorado","CO",457,122,266.958424507659,"Low availability"
"0815165","CO Clifton CDP, Colorado","CO",607,278,457.990115321252,"Low availability"
"0816000","CO Colorado Springs city, Colorado","CO",12166,3369,276.919283248397,"Low availability"
"0816110","CO Columbine CDP, Colorado","CO",804,23,28.6069651741294,"Severe desert"
"0816495","CO Commerce City city, Colorado","CO",1984,557,280.745967741935,"Low availability"
"0817760","CO Craig city, Colorado","CO",505,217,429.70297029703,"Low availability"
"0819150","CO Dakota Ridge CDP, Colorado","CO",877,58,66.1345496009122,"Severe desert"
"0820000","CO Denver city, Colorado","CO",33782,16003,473.713812089278,"Low availability"
"0822035","CO Durango city, Colorado","CO",322,440,1366.45962732919,"Adequate supply"
"0822200","CO Eagle town, Colorado","CO",330,3,9.09090909090909,"Severe desert"
"0824785","CO Englewood city, Colorado","CO",993,551,554.884189325277,"Adequate supply"
"0824950","CO Erie town, Colorado","CO",733,33,45.0204638472033,"Severe desert"
"0825115","CO Estes Park town, Colorado","CO",242,28,115.702479338843,"Moderate desert"
"0825280","CO Evans city, Colorado","CO",496,169,340.725806451613,"Low availability"
"0825390","CO Evergreen CDP, Colorado","CO",377,4,10.6100795755968,"Severe desert"
"0826270","CO Federal Heights city, Colorado","CO",217,96,442.396313364055,"Low availability"
"0826600","CO Firestone town, Colorado","CO",321,5,15.5763239875389,"Severe desert"
"0827425","CO Fort Collins city, Colorado","CO",8642,2830,327.470492941449,"Low availability"
"0827810","CO Fort Morgan city, Colorado","CO",295,62,210.169491525424,"Moderate desert"
"0827865","CO Fountain city, Colorado","CO",690,217,314.492753623188,"Low availability"
"0827950","CO Four Square Mile CDP, Colorado","CO",946,462,488.372093023256,"Low availability"
"0828745","CO Fruita city, Colorado","CO",338,114,337.278106508876,"Low availability"
"0828800","CO Fruitvale CDP, Colorado","CO",218,11,50.4587155963303,"Severe desert"
"0830340","CO Glendale city, Colorado","CO",299,37,123.745819397993,"Moderate desert"
"0830420","CO Gleneagle CDP, Colorado","CO",238,4,16.8067226890756,"Severe desert"
"0830780","CO Glenwood Springs city, Colorado","CO",442,148,334.841628959276,"Low availability"
"0830835","CO Golden city, Colorado","CO",661,165,249.621785173979,"Moderate desert"
"0831660","CO Grand Junction city, Colorado","CO",2561,1663,649.35572042171,"Adequate supply"
"0832155","CO Greeley city, Colorado","CO",3597,1874,520.989713650264,"Adequate supply"
"0833035","CO Greenwood Village city, Colorado","CO",733,10,13.6425648021828,"Severe desert"
"0833502","CO Gunbarrel CDP, Colorado","CO",569,41,72.0562390158172,"Severe desert"
"0833640","CO Gunnison city, Colorado","CO",297,100,336.700336700337,"Low availability"
"0836410","CO Highlands Ranch CDP, Colorado","CO",2881,23,7.98333911836168,"Severe desert"
"0839855","CO Johnstown town, Colorado","CO",610,7,11.4754098360656,"Severe desert"
"0840377","CO Ken Caryl CDP, Colorado","CO",886,24,27.0880361173815,"Severe desert"
"0841835","CO Lafayette city, Colorado","CO",1006,375,372.763419483101,"Low availability"
"0843000","CO Lakewood city, Colorado","CO",5606,2579,460.042811273635,"Low availability"
"0843110","CO Lamar city, Colorado","CO",250,210,840,"Adequate supply"
"0844320","CO Leadville city, Colorado","CO",233,30,128.755364806867,"Moderate desert"
"0845255","CO Littleton city, Colorado","CO",1835,562,306.267029972752,"Low availability"
"0845955","CO Lone Tree city, Colorado","CO",473,15,31.7124735729387,"Severe desert"
"0845970","CO Longmont city, Colorado","CO",3677,1670,454.174598857764,"Low availability"
"0846355","CO Louisville city, Colorado","CO",742,183,246.630727762803,"Moderate desert"
"0846465","CO Loveland city, Colorado","CO",2071,1096,529.212940608402,"Adequate supply"
"0848445","CO Manitou Springs city, Colorado","CO",311,6,19.2926045016077,"Severe desert"
"0850480","CO Milliken town, Colorado","CO",212,18,84.9056603773585,"Severe desert"
"0851745","CO Montrose city, Colorado","CO",514,363,706.225680933852,"Adequate supply"
"0851800","CO Monument town, Colorado","CO",273,8,29.3040293040293,"Severe desert"
"0853780","CO Niwot CDP, Colorado","CO",235,14,59.5744680851064,"Severe desert"
"0854330","CO Northglenn city, Colorado","CO",940,288,306.382978723404,"Low availability"
"0857630","CO Parker town, Colorado","CO",1390,66,47.4820143884892,"Severe desert"
"0862000","CO Pueblo city, Colorado","CO",3445,2865,831.640058055152,"Adequate supply"
"0862220","CO Pueblo West CDP, Colorado","CO",721,81,112.343966712899,"Moderate desert"
"0863375","CO Redlands CDP, Colorado","CO",426,16,37.5586854460094,"Severe desert"
"0867280","CO Salida city, Colorado","CO",238,37,155.46218487395,"Moderate desert"
"0868847","CO Security-Widefield CDP, Colorado","CO",1253,97,77.414205905826,"Severe desert"
"0869645","CO Sheridan city, Colorado","CO",272,160,588.235294117647,"Adequate supply"
"0869810","CO Sherrelwood CDP, Colorado","CO",336,96,285.714285714286,"Low availability"
"0870112","CO Sierra Ridge CDP, Colorado","CO",203,16,78.8177339901478,"Severe desert"
"0873825","CO Steamboat Springs city, Colorado","CO",597,23,38.5259631490787,"Severe desert"
"0874080","CO Stonegate CDP, Colorado","CO",202,1,4.95049504950495,"Severe desert"
"0875640","CO Superior town, Colorado","CO",238,23,96.6386554621849,"Severe desert"
"0877235","CO The Pinery CDP, Colorado","CO",243,1,4.11522633744856,"Severe desert"
"0877290","CO Thornton city, Colorado","CO",3608,929,257.483370288248,"Low availability"
"0877510","CO Timnath town, Colorado","CO",231,2,8.65800865800866,"Severe desert"
"0878610","CO Trinidad city, Colorado","CO",254,212,834.645669291339,"Adequate supply"
"0879100","CO Twin Lakes CDP, Colorado","CO",210,63,300,"Low availability"
"0883120","CO Welby CDP, Colorado","CO",395,119,301.26582278481,"Low availability"
"0883230","CO Wellington town, Colorado","CO",415,108,260.240963855422,"Low availability"
"0883835","CO Westminster city, Colorado","CO",3195,948,296.713615023474,"Low availability"
"0884440","CO Wheat Ridge city, Colorado","CO",1787,794,444.320089535534,"Low availability"
"0885485","CO Windsor town, Colorado","CO",1132,44,38.86925795053,"Severe desert"
"0886090","CO Woodland Park city, Colorado","CO",213,4,18.7793427230047,"Severe desert"
"0886117","CO Woodmoor CDP, Colorado","CO",319,2,6.26959247648903,"Severe desert"
"0901150","CT Ansonia city, Connecticut","CT",590,718,1216.94915254237,"Adequate supply"
"0904790","CT Bethel CDP, Connecticut","CT",286,215,751.748251748252,"Adequate supply"
"0908000","CT Bridgeport city, Connecticut","CT",4024,5577,1385.93439363817,"Adequate supply"
"0908420","CT Bristol city, Connecticut","CT",2223,1342,603.688708951867,"Adequate supply"
"0908770","CT Broad Brook CDP, Connecticut","CT",213,134,629.107981220657,"Adequate supply"
"0914200","CT Cheshire Village CDP, Connecticut","CT",395,149,377.215189873418,"Low availability"
"0915420","CT Clinton CDP, Connecticut","CT",216,11,50.9259259259259,"Severe desert"
"0915840","CT Colchester CDP, Connecticut","CT",268,34,126.865671641791,"Moderate desert"
"0917520","CT Cos Cob CDP, Connecticut","CT",304,29,95.3947368421053,"Severe desert"
"0918430","CT Danbury city, Connecticut","CT",3708,1407,379.449838187702,"Low availability"
"0918780","CT Danielson borough, Connecticut","CT",371,168,452.830188679245,"Low availability"
"0919480","CT Derby city, Connecticut","CT",773,351,454.075032341527,"Low availability"
"0922700","CT East Hartford CDP, Connecticut","CT",2247,1760,783.266577659101,"Adequate supply"
"0922980","CT East Haven CDP, Connecticut","CT",1037,505,486.981677917068,"Low availability"
"0931270","CT Glastonbury Center CDP, Connecticut","CT",794,151,190.176322418136,"Moderate desert"
"0933690","CT Greenwich CDP, Connecticut","CT",896,289,322.544642857143,"Low availability"
"0934180","CT Groton city, Connecticut","CT",591,548,927.241962774958,"Adequate supply"
"0937770","CT Hazardville CDP, Connecticut","CT",251,23,91.6334661354582,"Severe desert"
"0940150","CT Kensington CDP, Connecticut","CT",302,56,185.430463576159,"Moderate desert"
"0943790","CT Long Hill CDP, Connecticut","CT",246,148,601.626016260163,"Adequate supply"
"0944690","CT Manchester CDP, Connecticut","CT",1922,1163,605.098855359001,"Adequate supply"
"0946450","CT Meriden city, Connecticut","CT",2407,1947,808.890735355214,"Adequate supply"
"0947290","CT Middletown city, Connecticut","CT",1967,1965,998.983223182511,"Adequate supply"
"0947515","CT Milford city (balance), Connecticut","CT",1776,358,201.576576576577,"Moderate desert"
"0949880","CT Naugatuck borough, Connecticut","CT",1071,404,377.217553688142,"Low availability"
"0950370","CT New Britain city, Connecticut","CT",1796,2323,1293.429844098,"Adequate supply"
"0950576","CT New Canaan CDP, Connecticut","CT",295,146,494.915254237288,"Low availability"
"0952000","CT New Haven city, Connecticut","CT",5216,9704,1860.42944785276,"Adequate supply"
"0952210","CT Newington CDP, Connecticut","CT",907,197,217.199558985667,"Moderate desert"
"0952280","CT New London city, Connecticut","CT",713,939,1316.97054698457,"Adequate supply"
"0953540","CT Noroton CDP, Connecticut","CT",278,4,14.3884892086331,"Severe desert"
"0953610","CT Noroton Heights CDP, Connecticut","CT",235,13,55.3191489361702,"Severe desert"
"0954940","CT North Haven CDP, Connecticut","CT",870,90,103.448275862069,"Moderate desert"
"0955990","CT Norwalk city, Connecticut","CT",4116,1997,485.179786200194,"Low availability"
"0956200","CT Norwich city, Connecticut","CT",914,1242,1358.86214442013,"Adequate supply"
"0956690","CT Oakville CDP, Connecticut","CT",263,96,365.019011406844,"Low availability"
"0956900","CT Old Greenwich CDP, Connecticut","CT",337,2,5.93471810089021,"Severe desert"
"0957670","CT Orange CDP, Connecticut","CT",410,6,14.6341463414634,"Severe desert"
"0958520","CT Oxoboxo River CDP, Connecticut","CT",213,5,23.4741784037559,"Severe desert"
"0959140","CT Pawcatuck CDP, Connecticut","CT",246,177,719.512195121951,"Adequate supply"
"0959210","CT Pemberwick CDP, Connecticut","CT",228,26,114.035087719298,"Moderate desert"
"0961870","CT Portland CDP, Connecticut","CT",295,58,196.610169491525,"Moderate desert"
"0962640","CT Putnam CDP, Connecticut","CT",238,151,634.453781512605,"Adequate supply"
"0963900","CT Ridgefield CDP, Connecticut","CT",319,11,34.4827586206897,"Severe desert"
"0964530","CT Riverside CDP, Connecticut","CT",478,48,100.418410041841,"Moderate desert"
"0966700","CT Sandy Hook CDP, Connecticut","CT",343,5,14.5772594752187,"Severe desert"
"0968100","CT Shelton city, Connecticut","CT",1318,487,369.499241274659,"Low availability"
"0969010","CT Simsbury Center CDP, Connecticut","CT",288,4,13.8888888888889,"Severe desert"
"0972300","CT Stafford Springs CDP, Connecticut","CT",232,5,21.551724137931,"Severe desert"
"0973000","CT Stamford city, Connecticut","CT",6316,3227,510.924635845472,"Adequate supply"
"0975940","CT Thompsonville CDP, Connecticut","CT",457,209,457.330415754923,"Low availability"
"0976500","CT Torrington city, Connecticut","CT",1314,748,569.254185692542,"Adequate supply"
"0977278","CT Trumbull Center CDP, Connecticut","CT",551,28,50.8166969147005,"Severe desert"
"0978880","CT Wallingford Center CDP, Connecticut","CT",1083,204,188.365650969529,"Moderate desert"
"0980000","CT Waterbury city, Connecticut","CT",4286,5842,1363.04246383574,"Adequate supply"
"0982660","CT West Hartford CDP, Connecticut","CT",3289,1195,363.332319854059,"Low availability"
"0982800","CT West Haven city, Connecticut","CT",1648,1762,1069.17475728155,"Adequate supply"
"0984970","CT Wethersfield CDP, Connecticut","CT",1360,594,436.764705882353,"Low availability"
"0987140","CT Windsor Locks CDP, Connecticut","CT",481,108,224.532224532225,"Moderate desert"
"0987350","CT Winsted CDP, Connecticut","CT",404,92,227.722772277228,"Moderate desert"
"1004130","DE Bear CDP, Delaware","DE",765,98,128.104575163399,"Moderate desert"
"1009850","DE Brookside CDP, Delaware","DE",324,387,1194.44444444444,"Adequate supply"
"1021200","DE Dover city, Delaware","DE",669,1102,1647.23467862481,"Adequate supply"
"1023240","DE Edgemoor CDP, Delaware","DE",202,206,1019.80198019802,"Adequate supply"
"1024540","DE Elsmere town, Delaware","DE",267,74,277.153558052434,"Low availability"
"1029350","DE Glasgow CDP, Delaware","DE",205,10,48.780487804878,"Severe desert"
"1033120","DE Harrington city, Delaware","DE",205,17,82.9268292682927,"Severe desert"
"1035850","DE Hockessin CDP, Delaware","DE",487,1,2.05338809034908,"Severe desert"
"1047030","DE Middletown town, Delaware","DE",788,210,266.497461928934,"Low availability"
"1050670","DE Newark city, Delaware","DE",1215,406,334.156378600823,"Low availability"
"1052490","DE North Star CDP, Delaware","DE",272,1,3.67647058823529,"Severe desert"
"1056500","DE Pike Creek Valley CDP, Delaware","DE",325,148,455.384615384615,"Low availability"
"1064320","DE Seaford city, Delaware","DE",283,240,848.056537102473,"Adequate supply"
"1067310","DE Smyrna town, Delaware","DE",240,152,633.333333333333,"Adequate supply"
"1077580","DE Wilmington city, Delaware","DE",2887,4097,1419.12019397298,"Adequate supply"
"1077840","DE Wilmington Manor CDP, Delaware","DE",340,25,73.5294117647059,"Severe desert"
"1150000","DC Washington city, District of Columbia","DC",48356,26330,544.503267433204,"Adequate supply"
"1200375","FL Alachua city, Florida","FL",401,157,391.521197007481,"Low availability"
"1200410","FL Alafaya CDP, Florida","FL",2695,266,98.7012987012987,"Severe desert"
"1200950","FL Altamonte Springs city, Florida","FL",854,39,45.6674473067916,"Severe desert"
"1201675","FL Apollo Beach CDP, Florida","FL",860,197,229.06976744186,"Moderate desert"
"1201700","FL Apopka city, Florida","FL",1417,84,59.2801693719125,"Severe desert"
"1202187","FL Asbury Lake CDP, Florida","FL",200,2,10,"Severe desert"
"1202400","FL Atlantic Beach city, Florida","FL",598,35,58.5284280936455,"Severe desert"
"1202550","FL Auburndale city, Florida","FL",536,59,110.074626865672,"Moderate desert"
"1202677","FL Ave Maria CDP, Florida","FL",264,1,3.78787878787879,"Severe desert"
"1202681","FL Aventura city, Florida","FL",1678,28,16.6865315852205,"Severe desert"
"1202850","FL Azalea Park CDP, Florida","FL",253,118,466.403162055336,"Low availability"
"1203480","FL Bardmoor CDP, Florida","FL",399,34,85.2130325814536,"Severe desert"
"1203675","FL Bartow city, Florida","FL",710,349,491.549295774648,"Low availability"
"1203975","FL Bay Harbor Islands town, Florida","FL",269,9,33.457249070632,"Severe desert"
"1204350","FL Bayshore Gardens CDP, Florida","FL",521,167,320.537428023033,"Low availability"
"1204925","FL Bee Ridge CDP, Florida","FL",218,6,27.5229357798165,"Severe desert"
"1205025","FL Bellair-Meadowbrook Terrace CDP, Florida","FL",346,39,112.71676300578,"Moderate desert"
"1205462","FL Bellview CDP, Florida","FL",354,174,491.525423728814,"Low availability"
"1206425","FL Big Pine Key CDP, Florida","FL",208,11,52.8846153846154,"Severe desert"
"1206625","FL Bithlo CDP, Florida","FL",415,1,2.40963855421687,"Severe desert"
"1206875","FL Bloomingdale CDP, Florida","FL",544,82,150.735294117647,"Moderate desert"
"1207300","FL Boca Raton city, Florida","FL",5017,189,37.671915487343,"Severe desert"
"1207525","FL Bonita Springs city, Florida","FL",1730,1,0.578034682080925,"Severe desert"
"1207875","FL Boynton Beach city, Florida","FL",2273,938,412.670479542455,"Low availability"
"1207950","FL Bradenton city, Florida","FL",1460,546,373.972602739726,"Low availability"
"1208075","FL Bradfordville CDP, Florida","FL",322,3,9.3167701863354,"Severe desert"
"1208150","FL Brandon CDP, Florida","FL",3037,822,270.66183733948,"Low availability"
"1209415","FL Buenaventura Lakes CDP, Florida","FL",267,22,82.3970037453183,"Severe desert"
"1209725","FL Callaway city, Florida","FL",406,183,450.738916256158,"Low availability"
"1210250","FL Cape Canaveral city, Florida","FL",442,19,42.9864253393665,"Severe desert"
"1210275","FL Cape Coral city, Florida","FL",4924,569,115.556458164094,"Moderate desert"
"1210825","FL Carrollwood CDP, Florida","FL",682,71,104.105571847507,"Moderate desert"
"1211050","FL Casselberry city, Florida","FL",729,45,61.7283950617284,"Severe desert"
"1211912","FL Cheval CDP, Florida","FL",322,3,9.3167701863354,"Severe desert"
"1212425","FL Citrus Park CDP, Florida","FL",1040,168,161.538461538462,"Moderate desert"
"1212875","FL Clearwater city, Florida","FL",3240,1823,562.654320987654,"Adequate supply"
"1212925","FL Clermont city, Florida","FL",800,72,90,"Severe desert"
"1213150","FL Cocoa city, Florida","FL",332,843,2539.15662650602,"Adequate supply"
"1213175","FL Cocoa Beach city, Florida","FL",501,3,5.98802395209581,"Severe desert"
"1213275","FL Coconut Creek city, Florida","FL",1739,169,97.1822886716504,"Severe desert"
"1214050","FL Conway CDP, Florida","FL",373,8,21.4477211796247,"Severe desert"
"1214125","FL Cooper City city, Florida","FL",871,75,86.1079219288175,"Severe desert"
"1214250","FL Coral Gables city, Florida","FL",2989,36,12.0441619270659,"Severe desert"
"1214400","FL Coral Springs city, Florida","FL",3357,928,276.437295204051,"Low availability"
"1214412","FL Coral Terrace CDP, Florida","FL",603,54,89.5522388059701,"Severe desert"
"1214700","FL Cortez CDP, Florida","FL",282,7,24.822695035461,"Severe desert"
"1214895","FL Country Club CDP, Florida","FL",1268,389,306.782334384858,"Low availability"
"1215055","FL Country Walk CDP, Florida","FL",389,11,28.2776349614396,"Severe desert"
"1215475","FL Crestview city, Florida","FL",707,198,280.05657708628,"Low availability"
"1215968","FL Cutler Bay town, Florida","FL",911,748,821.075740944018,"Adequate supply"
"1216050","FL Cypress Gardens CDP, Florida","FL",314,3,9.55414012738853,"Severe desert"
"1216062","FL Cypress Lake CDP, Florida","FL",344,16,46.5116279069767,"Severe desert"
"1216335","FL Dania Beach city, Florida","FL",1188,487,409.93265993266,"Low availability"
"1216475","FL Davie town, Florida","FL",3950,330,83.5443037974684,"Severe desert"
"1216525","FL Daytona Beach city, Florida","FL",2815,2148,763.055062166963,"Adequate supply"
"1216550","FL Daytona Beach Shores city, Florida","FL",251,15,59.7609561752988,"Severe desert"
"1216675","FL DeBary city, Florida","FL",507,99,195.266272189349,"Moderate desert"
"1216725","FL Deerfield Beach city, Florida","FL",2942,859,291.978246091094,"Low availability"
"1216875","FL DeLand city, Florida","FL",1384,746,539.017341040462,"Adequate supply"
"1217100","FL Delray Beach city, Florida","FL",2256,733,324.91134751773,"Low availability"
"1217200","FL Deltona city, Florida","FL",2192,164,74.8175182481752,"Severe desert"
"1217325","FL Destin city, Florida","FL",454,1,2.20264317180617,"Severe desert"
"1217935","FL Doral city, Florida","FL",2152,20,9.29368029739777,"Severe desert"
"1218575","FL Dunedin city, Florida","FL",1283,356,277.474668745129,"Low availability"
"1219206","FL East Lake CDP, Florida","FL",997,9,9.02708124373119,"Severe desert"
"1219212","FL East Lake-Orient Park CDP, Florida","FL",732,725,990.437158469945,"Adequate supply"
"1219825","FL Edgewater city, Florida","FL",240,47,195.833333333333,"Moderate desert"
"1220108","FL Egypt Lake-Leto CDP, Florida","FL",789,416,527.249683143219,"Adequate supply"
"1220275","FL Elfers CDP, Florida","FL",230,48,208.695652173913,"Moderate desert"
"1220825","FL Englewood CDP, Florida","FL",342,2,5.84795321637427,"Severe desert"
"1220925","FL Ensley CDP, Florida","FL",432,177,409.722222222222,"Low availability"
"1221150","FL Estero village, Florida","FL",1759,1,0.568504832291074,"Severe desert"
"1221350","FL Eustis city, Florida","FL",466,224,480.68669527897,"Low availability"
"1221750","FL Fairview Shores CDP, Florida","FL",292,270,924.657534246575,"Adequate supply"
"1222175","FL Fernandina Beach city, Florida","FL",604,13,21.523178807947,"Severe desert"
"1222275","FL Ferry Pass CDP, Florida","FL",866,529,610.854503464203,"Adequate supply"
"1222387","FL Fish Hawk CDP, Florida","FL",867,38,43.8292964244521,"Severe desert"
"1222550","FL Flagler Beach city, Florida","FL",201,7,34.8258706467662,"Severe desert"
"1222660","FL Fleming Island CDP, Florida","FL",578,15,25.9515570934256,"Severe desert"
"1223050","FL Florida Ridge CDP, Florida","FL",288,20,69.4444444444444,"Severe desert"
"1223375","FL Forest City CDP, Florida","FL",212,3,14.1509433962264,"Severe desert"
"1224000","FL Fort Lauderdale city, Florida","FL",6734,3373,500.891000891001,"Adequate supply"
"1224125","FL Fort Myers city, Florida","FL",2703,1888,698.483166851646,"Adequate supply"
"1224475","FL Fort Walton Beach city, Florida","FL",430,332,772.093023255814,"Adequate supply"
"1224562","FL Fountainebleau CDP, Florida","FL",683,230,336.749633967789,"Low availability"
"1224581","FL Four Corners CDP, Florida","FL",1237,58,46.8876313662086,"Severe desert"
"1224825","FL Freeport city, Florida","FL",225,5,22.2222222222222,"Severe desert"
"1224925","FL Fruit Cove CDP, Florida","FL",921,23,24.9728555917481,"Severe desert"
"1224975","FL Fruitland Park city, Florida","FL",259,144,555.984555984556,"Adequate supply"
"1225000","FL Fruitville CDP, Florida","FL",628,26,41.4012738853503,"Severe desert"
"1225025","FL Fuller Heights CDP, Florida","FL",224,3,13.3928571428571,"Severe desert"
"1225655","FL Gateway CDP, Florida","FL",369,1,2.710027100271,"Severe desert"
"1225900","FL Gibsonton CDP, Florida","FL",489,21,42.9447852760736,"Severe desert"
"1226100","FL Glenvar Heights CDP, Florida","FL",957,82,85.6844305120167,"Severe desert"
"1226300","FL Golden Gate CDP, Florida","FL",223,60,269.058295964126,"Low availability"
"1226475","FL Goldenrod CDP, Florida","FL",441,91,206.349206349206,"Moderate desert"
"1226700","FL Gonzalez CDP, Florida","FL",303,11,36.3036303630363,"Severe desert"
"1227322","FL Greenacres city, Florida","FL",648,147,226.851851851852,"Moderate desert"
"1227400","FL Green Cove Springs city, Florida","FL",279,68,243.727598566308,"Moderate desert"
"1227800","FL Groveland city, Florida","FL",494,18,36.4372469635627,"Severe desert"
"1228045","FL Gulf Gate CDP, Florida","FL",356,10,28.0898876404494,"Severe desert"
"1228175","FL Gulfport city, Florida","FL",767,46,59.973924380704,"Severe desert"
"1228400","FL Haines City city, Florida","FL",665,140,210.526315789474,"Moderate desert"
"1230000","FL Hialeah city, Florida","FL",4257,4123,968.522433638713,"Adequate supply"
"1230225","FL Highland City CDP, Florida","FL",238,4,16.8067226890756,"Severe desert"
"1230975","FL Hobe Sound CDP, Florida","FL",448,7,15.625,"Severe desert"
"1232000","FL Hollywood city, Florida","FL",3189,743,232.988397616808,"Moderate desert"
"1232275","FL Homestead city, Florida","FL",1785,2082,1166.38655462185,"Adequate supply"
"1232610","FL Horizon West CDP, Florida","FL",1441,16,11.1034004163775,"Severe desert"
"1232967","FL Hunters Creek CDP, Florida","FL",377,3,7.95755968169761,"Severe desert"
"1233450","FL Indian Harbour Beach city, Florida","FL",334,2,5.98802395209581,"Severe desert"
"1233625","FL Indian Rocks Beach city, Florida","FL",230,1,4.34782608695652,"Severe desert"
"1234012","FL Iona CDP, Florida","FL",229,11,48.0349344978166,"Severe desert"
"1234400","FL Ives Estates CDP, Florida","FL",1070,163,152.336448598131,"Moderate desert"
"1235000","FL Jacksonville city, Florida","FL",38244,14235,372.215249450894,"Low availability"
"1235050","FL Jacksonville Beach city, Florida","FL",1004,483,481.075697211155,"Low availability"
"1235300","FL Jan Phyl Village CDP, Florida","FL",319,45,141.065830721003,"Moderate desert"
"1235350","FL Jasmine Estates CDP, Florida","FL",496,198,399.193548387097,"Low availability"
"1235550","FL Jensen Beach CDP, Florida","FL",296,7,23.6486486486486,"Severe desert"
"1235875","FL Jupiter town, Florida","FL",2523,18,7.13436385255648,"Severe desert"
"1235890","FL Jupiter Farms CDP, Florida","FL",468,2,4.27350427350427,"Severe desert"
"1236062","FL Kendale Lakes CDP, Florida","FL",2002,137,68.4315684315684,"Severe desert"
"1236100","FL Kendall CDP, Florida","FL",3277,622,189.807750991761,"Moderate desert"
"1236121","FL Kendall West CDP, Florida","FL",912,193,211.622807017544,"Moderate desert"
"1236375","FL Key Largo CDP, Florida","FL",479,96,200.417536534447,"Moderate desert"
"1236550","FL Key West city, Florida","FL",1096,221,201.642335766423,"Moderate desert"
"1236950","FL Kissimmee city, Florida","FL",1429,177,123.862841147656,"Moderate desert"
"1237648","FL Lake Butler CDP, Florida","FL",551,2,3.62976406533575,"Severe desert"
"1237775","FL Lake City city, Florida","FL",356,210,589.887640449438,"Adequate supply"
"1238250","FL Lakeland city, Florida","FL",2990,1262,422.073578595318,"Low availability"
"1238262","FL Lakeland Highlands CDP, Florida","FL",350,1,2.85714285714286,"Severe desert"
"1238287","FL Lake Lorraine CDP, Florida","FL",228,42,184.210526315789,"Moderate desert"
"1238350","FL Lake Magdalene CDP, Florida","FL",684,90,131.578947368421,"Moderate desert"
"1238425","FL Lake Mary city, Florida","FL",523,3,5.73613766730402,"Severe desert"
"1238600","FL Lake Park town, Florida","FL",243,96,395.061728395062,"Low availability"
"1238813","FL Lakeside CDP, Florida","FL",314,60,191.082802547771,"Moderate desert"
"1238950","FL Lake Wales city, Florida","FL",603,167,276.948590381426,"Low availability"
"1239062","FL Lakewood Park CDP, Florida","FL",278,21,75.5395683453237,"Severe desert"
"1239067","FL Lakewood Ranch CDP, Florida","FL",1653,118,71.3853599516031,"Severe desert"
"1239081","FL Lake Worth Beach city, Florida","FL",620,384,619.354838709677,"Adequate supply"
"1239200","FL Land O' Lakes CDP, Florida","FL",1241,21,16.9218372280419,"Severe desert"
"1239375","FL Lantana town, Florida","FL",417,35,83.9328537170264,"Severe desert"
"1239425","FL Largo city, Florida","FL",2511,937,373.1581043409,"Low availability"
"1239475","FL Lauderdale-by-the-Sea town, Florida","FL",248,6,24.1935483870968,"Severe desert"
"1239600","FL Laurel CDP, Florida","FL",424,17,40.0943396226415,"Severe desert"
"1239925","FL Lehigh Acres CDP, Florida","FL",2343,881,376.013657703799,"Low availability"
"1240037","FL Lely Resort CDP, Florida","FL",214,29,135.514018691589,"Moderate desert"
"1240387","FL Liberty Triangle CDP, Florida","FL",776,4,5.15463917525773,"Severe desert"
"1240450","FL Lighthouse Point city, Florida","FL",450,5,11.1111111111111,"Severe desert"
"1240985","FL Lochmoor Waterway Estates CDP, Florida","FL",227,13,57.2687224669604,"Severe desert"
"1241025","FL Lockhart CDP, Florida","FL",589,97,164.685908319185,"Moderate desert"
"1241250","FL Longwood city, Florida","FL",340,19,55.8823529411765,"Severe desert"
"1241562","FL Lower Grand Lagoon CDP, Florida","FL",269,2,7.43494423791822,"Severe desert"
"1241775","FL Lutz CDP, Florida","FL",637,22,34.5368916797488,"Severe desert"
"1241825","FL Lynn Haven city, Florida","FL",212,96,452.830188679245,"Low availability"
"1242090","FL McGregor CDP, Florida","FL",282,1,3.54609929078014,"Severe desert"
"1242575","FL Maitland city, Florida","FL",920,75,81.5217391304348,"Severe desert"
"1243000","FL Marathon city, Florida","FL",233,212,909.871244635193,"Adequate supply"
"1243083","FL Marco Island city, Florida","FL",911,2,2.1953896816685,"Severe desert"
"1243125","FL Margate city, Florida","FL",1392,283,203.304597701149,"Moderate desert"
"1243300","FL Marion Oaks CDP, Florida","FL",561,93,165.775401069519,"Moderate desert"
"1243800","FL Meadow Woods CDP, Florida","FL",349,93,266.47564469914,"Low availability"
"1243925","FL Medulla CDP, Florida","FL",243,31,127.572016460905,"Moderate desert"
"1243975","FL Melbourne city, Florida","FL",2047,1494,729.848558866634,"Adequate supply"
"1244000","FL Melbourne Beach town, Florida","FL",261,1,3.83141762452107,"Severe desert"
"1244175","FL Memphis CDP, Florida","FL",318,58,182.389937106918,"Moderate desert"
"1244275","FL Merritt Island CDP, Florida","FL",1240,68,54.8387096774194,"Severe desert"
"1245000","FL Miami city, Florida","FL",12444,12478,1002.73224043716,"Adequate supply"
"1245025","FL Miami Beach city, Florida","FL",4950,2106,425.454545454545,"Low availability"
"1245060","FL Miami Gardens city, Florida","FL",1739,2652,1525.01437607821,"Adequate supply"
"1245100","FL Miami Lakes town, Florida","FL",612,80,130.718954248366,"Moderate desert"
"1245175","FL Miami Shores village, Florida","FL",408,11,26.9607843137255,"Severe desert"
"1245200","FL Miami Springs city, Florida","FL",805,72,89.4409937888199,"Severe desert"
"1245465","FL Midway CDP, Florida","FL",584,9,15.4109589041096,"Severe desert"
"1245750","FL Milton city, Florida","FL",271,98,361.623616236162,"Low availability"
"1245900","FL Minneola city, Florida","FL",399,6,15.0375939849624,"Severe desert"
"1245975","FL Miramar city, Florida","FL",3101,670,216.059335698162,"Moderate desert"
"1247050","FL Mount Dora city, Florida","FL",879,118,134.24345847554,"Moderate desert"
"1247550","FL Myrtle Grove CDP, Florida","FL",598,228,381.270903010033,"Low availability"
"1247625","FL Naples city, Florida","FL",1366,323,236.456808199122,"Moderate desert"
"1247700","FL Naranja CDP, Florida","FL",421,502,1192.39904988124,"Adequate supply"
"1248050","FL Navarre CDP, Florida","FL",916,11,12.0087336244541,"Severe desert"
"1248200","FL Newberry city, Florida","FL",300,2,6.66666666666667,"Severe desert"
"1248625","FL New Smyrna Beach city, Florida","FL",1172,154,131.399317406143,"Moderate desert"
"1248750","FL Niceville city, Florida","FL",546,19,34.7985347985348,"Severe desert"
"1248850","FL Nocatee CDP, Florida","FL",642,28,43.613707165109,"Severe desert"
"1249225","FL North Bay Village city, Florida","FL",332,23,69.2771084337349,"Severe desert"
"1249260","FL Northdale CDP, Florida","FL",646,23,35.6037151702786,"Severe desert"
"1249350","FL North Fort Myers CDP, Florida","FL",1834,297,161.941112322792,"Moderate desert"
"1249425","FL North Lauderdale city, Florida","FL",875,602,688,"Adequate supply"
"1249435","FL North Merritt Island CDP, Florida","FL",288,2,6.94444444444444,"Severe desert"
"1249450","FL North Miami city, Florida","FL",937,909,970.117395944504,"Adequate supply"
"1249475","FL North Miami Beach city, Florida","FL",692,490,708.092485549133,"Adequate supply"
"1249600","FL North Palm Beach village, Florida","FL",499,5,10.0200400801603,"Severe desert"
"1249675","FL North Port city, Florida","FL",1319,238,180.439727065959,"Moderate desert"
"1250575","FL Oakland Park city, Florida","FL",1283,219,170.693686671863,"Moderate desert"
"1250630","FL Oakleaf Plantation CDP, Florida","FL",1073,28,26.0950605778192,"Severe desert"
"1250638","FL Oak Ridge CDP, Florida","FL",390,150,384.615384615385,"Low availability"
"1250750","FL Ocala city, Florida","FL",1749,1465,837.621497998856,"Adequate supply"
"1251075","FL Ocoee city, Florida","FL",1070,26,24.2990654205607,"Severe desert"
"1251125","FL Ojus CDP, Florida","FL",316,64,202.53164556962,"Moderate desert"
"1251350","FL Oldsmar city, Florida","FL",202,72,356.435643564356,"Low availability"
"1251475","FL Olympia Heights CDP, Florida","FL",509,9,17.6817288801572,"Severe desert"
"1251825","FL Orange City city, Florida","FL",435,208,478.16091954023,"Low availability"
"1253000","FL Orlando city, Florida","FL",12050,3641,302.157676348548,"Low availability"
"1253100","FL Orlovista CDP, Florida","FL",212,40,188.679245283019,"Moderate desert"
"1253150","FL Ormond Beach city, Florida","FL",1440,168,116.666666666667,"Moderate desert"
"1253200","FL Ormond-by-the-Sea CDP, Florida","FL",350,4,11.4285714285714,"Severe desert"
"1253425","FL Osprey CDP, Florida","FL",208,2,9.61538461538462,"Severe desert"
"1253575","FL Oviedo city, Florida","FL",853,69,80.8909730363423,"Severe desert"
"1253725","FL Pace CDP, Florida","FL",589,69,117.147707979626,"Moderate desert"
"1254000","FL Palm Bay city, Florida","FL",2569,630,245.231607629428,"Moderate desert"
"1254075","FL Palm Beach Gardens city, Florida","FL",2579,205,79.4881737107406,"Severe desert"
"1254175","FL Palm City CDP, Florida","FL",1034,2,1.93423597678917,"Severe desert"
"1254200","FL Palm Coast city, Florida","FL",2346,231,98.4654731457801,"Severe desert"
"1254238","FL Palmer Ranch CDP, Florida","FL",728,13,17.8571428571429,"Severe desert"
"1254250","FL Palmetto city, Florida","FL",246,161,654.471544715447,"Adequate supply"
"1254275","FL Palmetto Bay village, Florida","FL",906,68,75.0551876379691,"Severe desert"
"1254350","FL Palm Harbor CDP, Florida","FL",2210,58,26.2443438914027,"Severe desert"
"1254387","FL Palm River-Clair Mel CDP, Florida","FL",400,220,550,"Adequate supply"
"1254450","FL Palm Springs village, Florida","FL",424,159,375,"Low availability"
"1254700","FL Panama City city, Florida","FL",926,1136,1226.7818574514,"Adequate supply"
"1254725","FL Panama City Beach city, Florida","FL",422,51,120.85308056872,"Moderate desert"
"1255125","FL Parkland city, Florida","FL",1134,10,8.81834215167548,"Severe desert"
"1255750","FL Pembroke Park town, Florida","FL",321,35,109.034267912773,"Moderate desert"
"1255775","FL Pembroke Pines city, Florida","FL",7556,988,130.757014293277,"Moderate desert"
"1255925","FL Pensacola city, Florida","FL",2403,859,357.469829379942,"Low availability"
"1256625","FL Pinecrest village, Florida","FL",865,6,6.9364161849711,"Severe desert"
"1256825","FL Pine Hills CDP, Florida","FL",1446,461,318.81051175657,"Low availability"
"1256975","FL Pinellas Park city, Florida","FL",1680,737,438.690476190476,"Low availability"
"1257058","FL Pine Ridge CDP, Florida","FL",257,28,108.949416342412,"Moderate desert"
"1257425","FL Plantation city, Florida","FL",3464,422,121.824480369515,"Moderate desert"
"1257550","FL Plant City city, Florida","FL",643,209,325.038880248834,"Low availability"
"1257900","FL Poinciana CDP, Florida","FL",1012,200,197.628458498024,"Moderate desert"
"1258050","FL Pompano Beach city, Florida","FL",3231,1089,337.047353760446,"Low availability"
"1258350","FL Port Charlotte CDP, Florida","FL",1256,211,167.993630573248,"Moderate desert"
"1258575","FL Port Orange city, Florida","FL",2100,345,164.285714285714,"Moderate desert"
"1258700","FL Port St. John CDP, Florida","FL",723,28,38.7275242047026,"Severe desert"
"1258715","FL Port St. Lucie city, Florida","FL",4262,276,64.7583294228062,"Severe desert"
"1258975","FL Princeton CDP, Florida","FL",563,528,937.833037300178,"Adequate supply"
"1259050","FL Progress Village CDP, Florida","FL",411,67,163.01703163017,"Moderate desert"
"1259200","FL Punta Gorda city, Florida","FL",760,106,139.473684210526,"Moderate desert"
"1260225","FL Richmond Heights CDP, Florida","FL",210,96,457.142857142857,"Low availability"
"1260230","FL Richmond West CDP, Florida","FL",535,49,91.588785046729,"Severe desert"
"1260475","FL Ridge Wood Heights CDP, Florida","FL",221,11,49.7737556561086,"Severe desert"
"1260950","FL Riverview CDP, Florida","FL",3487,810,232.291367938056,"Moderate desert"
"1260975","FL Riviera Beach city, Florida","FL",1293,1180,912.606341840681,"Adequate supply"
"1261500","FL Rockledge city, Florida","FL",590,258,437.28813559322,"Low availability"
"1261937","FL Rotonda CDP, Florida","FL",442,118,266.968325791855,"Low availability"
"1262100","FL Royal Palm Beach village, Florida","FL",968,164,169.421487603306,"Moderate desert"
"1262275","FL Ruskin CDP, Florida","FL",421,40,95.0118764845606,"Severe desert"
"1262425","FL Safety Harbor city, Florida","FL",714,13,18.2072829131653,"Severe desert"
"1262500","FL St. Augustine city, Florida","FL",530,99,186.792452830189,"Moderate desert"
"1262525","FL St. Augustine Beach city, Florida","FL",240,1,4.16666666666667,"Severe desert"
"1262625","FL St. Cloud city, Florida","FL",1166,32,27.4442538593482,"Severe desert"
"1262885","FL St. Pete Beach city, Florida","FL",492,11,22.3577235772358,"Severe desert"
"1263000","FL St. Petersburg city, Florida","FL",10060,5380,534.791252485089,"Adequate supply"
"1263425","FL San Carlos Park CDP, Florida","FL",353,2,5.6657223796034,"Severe desert"
"1263650","FL Sanford city, Florida","FL",1261,721,571.768437747819,"Adequate supply"
"1263700","FL Sanibel city, Florida","FL",430,1,2.32558139534884,"Severe desert"
"1264175","FL Sarasota city, Florida","FL",2163,1288,595.46925566343,"Adequate supply"
"1264325","FL Sarasota Springs CDP, Florida","FL",245,35,142.857142857143,"Moderate desert"
"1264400","FL Satellite Beach city, Florida","FL",275,1,3.63636363636364,"Severe desert"
"1264825","FL Sebastian city, Florida","FL",785,55,70.0636942675159,"Severe desert"
"1264975","FL Seminole city, Florida","FL",818,152,185.819070904645,"Moderate desert"
"1266000","FL Siesta Key CDP, Florida","FL",425,1,2.35294117647059,"Severe desert"
"1266175","FL Silver Springs Shores CDP, Florida","FL",812,101,124.384236453202,"Moderate desert"
"1267270","FL Southchase CDP, Florida","FL",424,39,91.9811320754717,"Severe desert"
"1267325","FL South Daytona city, Florida","FL",432,115,266.203703703704,"Low availability"
"1267550","FL South Miami city, Florida","FL",737,244,331.071913161465,"Low availability"
"1267575","FL South Miami Heights CDP, Florida","FL",639,904,1414.71048513302,"Adequate supply"
"1267675","FL South Pasadena city, Florida","FL",287,198,689.895470383275,"Adequate supply"
"1267725","FL South Patrick Shores CDP, Florida","FL",202,1,4.95049504950495,"Severe desert"
"1267887","FL South Sarasota CDP, Florida","FL",205,7,34.1463414634146,"Severe desert"
"1268100","FL South Venice CDP, Florida","FL",572,5,8.74125874125874,"Severe desert"
"1268350","FL Spring Hill CDP, Florida","FL",2148,285,132.68156424581,"Moderate desert"
"1268875","FL Stuart city, Florida","FL",587,45,76.6609880749574,"Severe desert"
"1268950","FL Sugarmill Woods CDP, Florida","FL",511,3,5.87084148727984,"Severe desert"
"1269250","FL Sun City Center CDP, Florida","FL",1348,42,31.1572700296736,"Severe desert"
"1269555","FL Sunny Isles Beach city, Florida","FL",1165,241,206.8669527897,"Moderate desert"
"1269700","FL Sunrise city, Florida","FL",3428,969,282.67211201867,"Low availability"
"1269812","FL Sunset CDP, Florida","FL",688,25,36.3372093023256,"Severe desert"
"1270075","FL Surfside town, Florida","FL",329,3,9.11854103343465,"Severe desert"
"1270345","FL Sweetwater city, Florida","FL",531,285,536.723163841808,"Adequate supply"
"1270600","FL Tallahassee city, Florida","FL",7851,3418,435.358553050567,"Low availability"
"1270675","FL Tamarac city, Florida","FL",1382,308,222.865412445731,"Moderate desert"
"1270700","FL Tamiami CDP, Florida","FL",1768,106,59.9547511312217,"Severe desert"
"1271000","FL Tampa city, Florida","FL",17915,8624,481.384314819983,"Low availability"
"1271150","FL Tarpon Springs city, Florida","FL",1299,523,402.61739799846,"Low availability"
"1271225","FL Tavares city, Florida","FL",273,123,450.549450549451,"Low availability"
"1271400","FL Temple Terrace city, Florida","FL",389,196,503.856041131105,"Adequate supply"
"1271564","FL The Acreage CDP, Florida","FL",775,93,120,"Moderate desert"
"1271567","FL The Crossings CDP, Florida","FL",1109,103,92.8764652840397,"Severe desert"
"1271569","FL The Hammocks CDP, Florida","FL",1392,102,73.2758620689655,"Severe desert"
"1271580","FL The Meadows CDP, Florida","FL",223,1,4.48430493273543,"Severe desert"
"1271625","FL The Villages CDP, Florida","FL",2037,1,0.490918016691213,"Severe desert"
"1271725","FL Thonotosassa CDP, Florida","FL",293,10,34.1296928327645,"Severe desert"
"1271741","FL Three Lakes CDP, Florida","FL",277,13,46.9314079422383,"Severe desert"
"1271900","FL Titusville city, Florida","FL",959,667,695.516162669447,"Adequate supply"
"1272145","FL Town 'n' Country CDP, Florida","FL",2575,237,92.0388349514563,"Severe desert"
"1273172","FL University CDP, Florida","FL",953,35,36.7261280167891,"Severe desert"
"1273312","FL Upper Grand Lagoon CDP, Florida","FL",566,115,203.180212014134,"Moderate desert"
"1273700","FL Valrico CDP, Florida","FL",986,153,155.172413793103,"Moderate desert"
"1273900","FL Venice city, Florida","FL",1164,56,48.1099656357388,"Severe desert"
"1274150","FL Vero Beach city, Florida","FL",893,41,45.9126539753639,"Severe desert"
"1274200","FL Vero Beach South CDP, Florida","FL",855,113,132.163742690058,"Moderate desert"
"1274225","FL Vero Lake Estates CDP, Florida","FL",299,1,3.34448160535117,"Severe desert"
"1274370","FL Viera West CDP, Florida","FL",200,72,360,"Low availability"
"1274512","FL Villas CDP, Florida","FL",578,10,17.3010380622837,"Severe desert"
"1275200","FL Warrington CDP, Florida","FL",511,331,647.749510763209,"Adequate supply"
"1275725","FL Wekiwa Springs CDP, Florida","FL",667,2,2.99850074962519,"Severe desert"
"1275812","FL Wellington village, Florida","FL",1601,328,204.871955028107,"Moderate desert"
"1275875","FL Wesley Chapel CDP, Florida","FL",2083,73,35.0456072971675,"Severe desert"
"1276062","FL Westchase CDP, Florida","FL",1105,20,18.0995475113122,"Severe desert"
"1276075","FL Westchester CDP, Florida","FL",1389,358,257.739380849532,"Low availability"
"1276487","FL West Little River CDP, Florida","FL",1078,649,602.040816326531,"Adequate supply"
"1276500","FL West Melbourne city, Florida","FL",506,83,164.03162055336,"Moderate desert"
"1276582","FL Weston city, Florida","FL",1837,183,99.6189439303212,"Severe desert"
"1276600","FL West Palm Beach city, Florida","FL",5054,2628,519.9841709537,"Adequate supply"
"1276658","FL West Park city, Florida","FL",287,227,790.940766550523,"Adequate supply"
"1276937","FL West Vero Corridor CDP, Florida","FL",336,51,151.785714285714,"Moderate desert"
"1277075","FL Westwood Lakes CDP, Florida","FL",395,8,20.253164556962,"Severe desert"
"1277675","FL Wildwood city, Florida","FL",1016,7,6.88976377952756,"Severe desert"
"1277735","FL Williamsburg CDP, Florida","FL",344,1,2.90697674418605,"Severe desert"
"1278000","FL Wilton Manors city, Florida","FL",509,26,51.0805500982318,"Severe desert"
"1278250","FL Winter Garden city, Florida","FL",1665,66,39.6396396396396,"Severe desert"
"1278275","FL Winter Haven city, Florida","FL",1513,931,615.333773959022,"Adequate supply"
"1278300","FL Winter Park city, Florida","FL",1391,158,113.587347232207,"Moderate desert"
"1278325","FL Winter Springs city, Florida","FL",1343,24,17.8704393149665,"Severe desert"
"1278740","FL World Golf Village CDP, Florida","FL",463,20,43.1965442764579,"Severe desert"
"1278800","FL Wright CDP, Florida","FL",674,433,642.433234421365,"Adequate supply"
"1279175","FL Yulee CDP, Florida","FL",426,11,25.8215962441315,"Severe desert"
"1300408","GA Acworth city, Georgia","GA",596,241,404.362416107383,"Low availability"
"1301696","GA Alpharetta city, Georgia","GA",3183,118,37.071944706252,"Severe desert"
"1303440","GA Athens-Clarke County unified government (balance), Georgia","GA",5273,1037,196.662241608193,"Moderate desert"
"1304000","GA Atlanta city, Georgia","GA",30476,27717,909.469746685917,"Adequate supply"
"1304204","GA Augusta-Richmond County consolidated government (balance), Georgia","GA",5764,5717,991.845940319223,"Adequate supply"
"1305344","GA Barnesville city, Georgia","GA",248,80,322.58064516129,"Low availability"
"1306884","GA Belvedere Park CDP, Georgia","GA",468,165,352.564102564103,"Low availability"
"1306968","GA Bemiss CDP, Georgia","GA",285,26,91.2280701754386,"Severe desert"
"1310076","GA Braselton town, Georgia","GA",499,19,38.0761523046092,"Severe desert"
"1310132","GA Bremen city, Georgia","GA",231,8,34.6320346320346,"Severe desert"
"1310944","GA Brookhaven city, Georgia","GA",3178,462,145.374449339207,"Moderate desert"
"1311784","GA Buford city, Georgia","GA",437,188,430.205949656751,"Low availability"
"1312260","GA Byron city, Georgia","GA",409,11,26.8948655256724,"Severe desert"
"1312456","GA Calhoun city, Georgia","GA",244,162,663.934426229508,"Adequate supply"
"1312834","GA Candler-McAfee CDP, Georgia","GA",285,439,1540.35087719298,"Adequate supply"
"1312988","GA Canton city, Georgia","GA",724,264,364.640883977901,"Low availability"
"1313492","GA Carrollton city, Georgia","GA",549,673,1225.86520947177,"Adequate supply"
"1313688","GA Cartersville city, Georgia","GA",572,479,837.412587412587,"Adequate supply"
"1314920","GA Centerville city, Georgia","GA",310,53,170.967741935484,"Moderate desert"
"1315172","GA Chamblee city, Georgia","GA",1158,70,60.4490500863558,"Severe desert"
"1319000","GA Columbus city, Georgia","GA",6876,4773,694.153577661431,"Adequate supply"
"1319336","GA Conyers city, Georgia","GA",358,434,1212.2905027933,"Adequate supply"
"1319830","GA Country Club Estates CDP, Georgia","GA",447,224,501.118568232662,"Adequate supply"
"1320932","GA Cumming city, Georgia","GA",223,50,224.215246636771,"Moderate desert"
"1321240","GA Dahlonega city, Georgia","GA",209,6,28.7081339712919,"Severe desert"
"1321324","GA Dallas city, Georgia","GA",561,302,538.324420677362,"Adequate supply"
"1321380","GA Dalton city, Georgia","GA",704,243,345.170454545455,"Low availability"
"1322052","GA Decatur city, Georgia","GA",1285,896,697.27626459144,"Adequate supply"
"1323900","GA Douglasville city, Georgia","GA",1371,660,481.400437636761,"Low availability"
"1324264","GA Druid Hills CDP, Georgia","GA",472,4,8.47457627118644,"Severe desert"
"1324600","GA Duluth city, Georgia","GA",1103,38,34.4514959202176,"Severe desert"
"1324768","GA Dunwoody city, Georgia","GA",1764,8,4.53514739229025,"Severe desert"
"1325720","GA East Point city, Georgia","GA",889,544,611.923509561305,"Adequate supply"
"1328044","GA Evans CDP, Georgia","GA",1037,4,3.8572806171649,"Severe desert"
"1328380","GA Fairburn city, Georgia","GA",561,139,247.77183600713,"Moderate desert"
"1328520","GA Fair Oaks CDP, Georgia","GA",209,30,143.540669856459,"Moderate desert"
"1328968","GA Fayetteville city, Georgia","GA",398,47,118.090452261307,"Moderate desert"
"1330340","GA Flowery Branch city, Georgia","GA",345,12,34.7826086956522,"Severe desert"
"1330956","GA Fort Oglethorpe city, Georgia","GA",212,127,599.056603773585,"Adequate supply"
"1331908","GA Gainesville city, Georgia","GA",1105,752,680.542986425339,"Adequate supply"
"1332482","GA Georgetown CDP, Georgia","GA",213,43,201.8779342723,"Moderate desert"
"1335240","GA Gresham Park CDP, Georgia","GA",312,213,682.692307692308,"Adequate supply"
"1335716","GA Grovetown city, Georgia","GA",453,24,52.9801324503311,"Severe desert"
"1336472","GA Hapeville city, Georgia","GA",259,33,127.413127413127,"Moderate desert"
"1338964","GA Hinesville city, Georgia","GA",974,793,814.168377823409,"Adequate supply"
"1339524","GA Holly Springs city, Georgia","GA",352,9,25.5681818181818,"Severe desert"
"1341347","GA Irondale CDP, Georgia","GA",334,52,155.688622754491,"Moderate desert"
"1341988","GA Jefferson city, Georgia","GA",368,5,13.5869565217391,"Severe desert"
"1342425","GA Johns Creek city, Georgia","GA",2747,11,4.00436840189297,"Severe desert"
"1342604","GA Jonesboro city, Georgia","GA",370,214,578.378378378378,"Adequate supply"
"1343192","GA Kennesaw city, Georgia","GA",952,243,255.252100840336,"Low availability"
"1343640","GA Kingsland city, Georgia","GA",278,86,309.352517985612,"Low availability"
"1345488","GA Lawrenceville city, Georgia","GA",640,690,1078.125,"Adequate supply"
"1346832","GA Lithia Springs CDP, Georgia","GA",699,61,87.2675250357654,"Severe desert"
"1348232","GA Lyons city, Georgia","GA",207,79,381.642512077295,"Low availability"
"1348288","GA Mableton CDP, Georgia","GA",1149,110,95.7354221061793,"Severe desert"
"1348624","GA McDonough city, Georgia","GA",786,516,656.488549618321,"Adequate supply"
"1349008","GA Macon-Bibb County, Georgia","GA",5667,6693,1181.04817363684,"Adequate supply"
"1349756","GA Marietta city, Georgia","GA",2154,734,340.761374187558,"Low availability"
"1350036","GA Martinez CDP, Georgia","GA",676,21,31.0650887573964,"Severe desert"
"1351670","GA Milton city, Georgia","GA",1401,1,0.713775874375446,"Severe desert"
"1353186","GA Mountain Park CDP, Georgia","GA",613,10,16.3132137030995,"Severe desert"
"1355020","GA Newnan city, Georgia","GA",1093,570,521.500457456542,"Adequate supply"
"1355776","GA Norcross city, Georgia","GA",349,5,14.3266475644699,"Severe desert"
"1356112","GA North Decatur CDP, Georgia","GA",997,151,151.454363089268,"Moderate desert"
"1356168","GA North Druid Hills CDP, Georgia","GA",798,125,156.641604010025,"Moderate desert"
"1359724","GA Peachtree City city, Georgia","GA",1428,127,88.9355742296919,"Severe desert"
"1359735","GA Peachtree Corners city, Georgia","GA",1162,26,22.3752151462995,"Severe desert"
"1360340","GA Perry city, Georgia","GA",885,191,215.819209039548,"Moderate desert"
"1362104","GA Pooler city, Georgia","GA",680,74,108.823529411765,"Moderate desert"
"1362524","GA Powder Springs city, Georgia","GA",441,90,204.081632653061,"Moderate desert"
"1363952","GA Redan CDP, Georgia","GA",505,396,784.158415841584,"Adequate supply"
"1365044","GA Richmond Hill city, Georgia","GA",501,34,67.8642714570858,"Severe desert"
"1365296","GA Rincon city, Georgia","GA",322,29,90.0621118012422,"Severe desert"
"1365464","GA Riverdale city, Georgia","GA",366,117,319.672131147541,"Low availability"
"1366668","GA Rome city, Georgia","GA",1010,1348,1334.65346534653,"Adequate supply"
"1367284","GA Roswell city, Georgia","GA",3177,231,72.710103871577,"Severe desert"
"1367984","GA St. Marys city, Georgia","GA",907,273,300.992282249173,"Low availability"
"1368040","GA St. Simons CDP, Georgia","GA",533,1,1.87617260787993,"Severe desert"
"1368516","GA Sandy Springs city, Georgia","GA",4977,439,88.2057464335945,"Severe desert"
"1369000","GA Savannah city, Georgia","GA",4800,4181,871.041666666667,"Adequate supply"
"1369392","GA Scottdale CDP, Georgia","GA",342,303,885.964912280702,"Adequate supply"
"1371492","GA Smyrna city, Georgia","GA",1926,229,118.899273104881,"Moderate desert"
"1371604","GA Snellville city, Georgia","GA",539,165,306.122448979592,"Low availability"
"1372122","GA South Fulton city, Georgia","GA",2544,780,306.603773584906,"Low availability"
"1373704","GA Stockbridge city, Georgia","GA",546,258,472.527472527473,"Low availability"
"1373784","GA Stonecrest city, Georgia","GA",1099,1276,1161.05550500455,"Adequate supply"
"1374180","GA Sugar Hill city, Georgia","GA",582,73,125.429553264605,"Moderate desert"
"1374936","GA Suwanee city, Georgia","GA",962,9,9.35550935550936,"Severe desert"
"1375188","GA Sylvester city, Georgia","GA",242,283,1169.42148760331,"Adequate supply"
"1377652","GA Tucker city, Georgia","GA",1177,63,53.5259133389974,"Severe desert"
"1378044","GA Tyrone town, Georgia","GA",258,2,7.75193798449612,"Severe desert"
"1379388","GA Vidalia city, Georgia","GA",313,94,300.319488817891,"Low availability"
"1379528","GA Villa Rica city, Georgia","GA",401,233,581.047381546135,"Adequate supply"
"1380508","GA Warner Robins city, Georgia","GA",1776,1084,610.36036036036,"Adequate supply"
"1383168","GA Wilmington Island CDP, Georgia","GA",322,2,6.2111801242236,"Severe desert"
"1383420","GA Winder city, Georgia","GA",337,359,1065.28189910979,"Adequate supply"
"1384176","GA Woodstock city, Georgia","GA",1239,209,168.684422921711,"Moderate desert"
"1500550","HI Aiea CDP, Hawaii","HI",399,9,22.5563909774436,"Severe desert"
"1501085","HI Ainaloa CDP, Hawaii","HI",233,117,502.145922746781,"Adequate supply"
"1506290","HI East Honolulu CDP, Hawaii","HI",1609,91,56.5568676196395,"Severe desert"
"1507450","HI Ewa Beach CDP, Hawaii","HI",229,69,301.310043668122,"Low availability"
"1507470","HI Ewa Gentry CDP, Hawaii","HI",398,361,907.035175879397,"Adequate supply"
"1507485","HI Ewa Villages CDP, Hawaii","HI",325,75,230.769230769231,"Moderate desert"
"1509260","HI Haiku-Pauwela CDP, Hawaii","HI",258,59,228.682170542636,"Moderate desert"
"1510000","HI Halawa CDP, Hawaii","HI",525,66,125.714285714286,"Moderate desert"
"1512450","HI Hawaiian Acres CDP, Hawaii","HI",306,26,84.9673202614379,"Severe desert"
"1512600","HI Hawaiian Paradise Park CDP, Hawaii","HI",341,251,736.070381231672,"Adequate supply"
"1514650","HI Hilo CDP, Hawaii","HI",1992,1222,613.453815261044,"Adequate supply"
"1522700","HI Kahului CDP, Hawaii","HI",907,651,717.750826901874,"Adequate supply"
"1523000","HI Kailua CDP, Hawaii","HI",674,197,292.284866468843,"Low availability"
"1523150","HI Kailua CDP, Hawaii","HI",1117,136,121.754700089526,"Moderate desert"
"1523675","HI Kaiminani CDP, Hawaii","HI",459,128,278.867102396514,"Low availability"
"1528250","HI Kaneohe CDP, Hawaii","HI",1081,194,179.463459759482,"Moderate desert"
"1528850","HI Kapaa CDP, Hawaii","HI",340,157,461.764705882353,"Low availability"
"1530300","HI Kapolei CDP, Hawaii","HI",452,391,865.044247787611,"Adequate supply"
"1536500","HI Kihei CDP, Hawaii","HI",616,226,366.883116883117,"Low availability"
"1541600","HI Kula CDP, Hawaii","HI",327,29,88.6850152905199,"Severe desert"
"1542950","HI Lahaina CDP, Hawaii","HI",202,24,118.811881188119,"Moderate desert"
"1545200","HI Lihue CDP, Hawaii","HI",260,372,1430.76923076923,"Adequate supply"
"1547300","HI Maili CDP, Hawaii","HI",303,87,287.128712871287,"Low availability"
"1547450","HI Makaha CDP, Hawaii","HI",400,280,700,"Adequate supply"
"1547600","HI Makakilo CDP, Hawaii","HI",358,86,240.223463687151,"Moderate desert"
"1551000","HI Mililani Mauka CDP, Hawaii","HI",628,61,97.1337579617834,"Severe desert"
"1551050","HI Mililani Town CDP, Hawaii","HI",480,189,393.75,"Low availability"
"1553900","HI Nanakuli CDP, Hawaii","HI",265,105,396.22641509434,"Low availability"
"1554100","HI Napili-Honokowai CDP, Hawaii","HI",264,23,87.1212121212121,"Severe desert"
"1556685","HI Ocean Pointe CDP, Hawaii","HI",218,33,151.376146788991,"Moderate desert"
"1562600","HI Pearl City CDP, Hawaii","HI",1147,379,330.427201394943,"Low availability"
"1565900","HI Pukalani CDP, Hawaii","HI",298,113,379.194630872483,"Low availability"
"1571550","HI Urban Honolulu CDP, Hawaii","HI",15131,6052,399.973564205935,"Low availability"
"1572650","HI Wahiawa CDP, Hawaii","HI",779,557,715.019255455712,"Adequate supply"
"1574450","HI Waianae CDP, Hawaii","HI",413,720,1743.34140435835,"Adequate supply"
"1575510","HI Waihee-Waiehu CDP, Hawaii","HI",284,89,313.380281690141,"Low availability"
"1576925","HI Wailea CDP, Hawaii","HI",303,13,42.9042904290429,"Severe desert"
"1577450","HI Wailuku CDP, Hawaii","HI",463,314,678.185745140389,"Adequate supply"
"1577750","HI Waimalu CDP, Hawaii","HI",484,154,318.181818181818,"Low availability"
"1578500","HI Waimea CDP, Hawaii","HI",467,13,27.8372591006424,"Severe desert"
"1579700","HI Waipahu CDP, Hawaii","HI",892,421,471.973094170404,"Low availability"
"1579860","HI Waipio CDP, Hawaii","HI",288,27,93.75,"Severe desert"
"1601990","ID Ammon city, Idaho","ID",224,90,401.785714285714,"Low availability"
"1607840","ID Blackfoot city, Idaho","ID",395,179,453.164556962025,"Low availability"
"1608830","ID Boise City city, Idaho","ID",5714,2384,417.220861043052,"Low availability"
"1611260","ID Burley city, Idaho","ID",231,110,476.190476190476,"Low availability"
"1612250","ID Caldwell city, Idaho","ID",924,453,490.25974025974,"Low availability"
"1614680","ID Chubbuck city, Idaho","ID",266,196,736.842105263158,"Adequate supply"
"1616750","ID Coeur d'Alene city, Idaho","ID",1496,946,632.352941176471,"Adequate supply"
"1623410","ID Eagle city, Idaho","ID",1090,100,91.743119266055,"Severe desert"
"1629620","ID Garden City city, Idaho","ID",500,197,394,"Low availability"
"1636370","ID Hayden city, Idaho","ID",295,46,155.932203389831,"Moderate desert"
"1639700","ID Idaho Falls city, Idaho","ID",1771,955,539.243365330322,"Adequate supply"
"1644290","ID Kuna city, Idaho","ID",502,46,91.6334661354582,"Severe desert"
"1646540","ID Lewiston city, Idaho","ID",1272,745,585.691823899371,"Adequate supply"
"1652120","ID Meridian city, Idaho","ID",2543,216,84.9390483680692,"Severe desert"
"1652660","ID Middleton city, Idaho","ID",274,17,62.043795620438,"Severe desert"
"1654550","ID Moscow city, Idaho","ID",846,227,268.321513002364,"Low availability"
"1654730","ID Mountain Home city, Idaho","ID",287,78,271.777003484321,"Low availability"
"1656260","ID Nampa city, Idaho","ID",1886,719,381.230116648993,"Low availability"
"1664090","ID Pocatello city, Idaho","ID",1130,828,732.743362831858,"Adequate supply"
"1664810","ID Post Falls city, Idaho","ID",1078,403,373.840445269017,"Low availability"
"1666340","ID Rathdrum city, Idaho","ID",256,50,195.3125,"Moderate desert"
"1667420","ID Rexburg city, Idaho","ID",552,164,297.101449275362,"Low availability"
"1667780","ID Rigby city, Idaho","ID",202,40,198.019801980198,"Moderate desert"
"1672100","ID Sandpoint city, Idaho","ID",449,90,200.445434298441,"Moderate desert"
"1676870","ID Star city, Idaho","ID",327,25,76.4525993883792,"Severe desert"
"1682810","ID Twin Falls city, Idaho","ID",385,603,1566.23376623377,"Adequate supply"
"1700243","IL Addison village, Illinois","IL",849,404,475.85394581861,"Low availability"
"1700685","IL Algonquin village, Illinois","IL",613,27,44.0456769983687,"Severe desert"
"1701010","IL Alsip village, Illinois","IL",855,104,121.637426900585,"Moderate desert"
"1701114","IL Alton city, Illinois","IL",1069,884,826.941066417212,"Adequate supply"
"1701595","IL Antioch village, Illinois","IL",801,198,247.191011235955,"Moderate desert"
"1702154","IL Arlington Heights village, Illinois","IL",3620,498,137.569060773481,"Moderate desert"
"1703012","IL Aurora city, Illinois","IL",4554,1614,354.413702239789,"Low availability"
"1703844","IL Barrington village, Illinois","IL",601,136,226.289517470882,"Moderate desert"
"1704013","IL Bartlett village, Illinois","IL",789,76,96.3244613434727,"Severe desert"
"1704078","IL Batavia city, Illinois","IL",1111,386,347.434743474347,"Low availability"
"1704303","IL Beach Park village, Illinois","IL",222,69,310.810810810811,"Low availability"
"1704845","IL Belleville city, Illinois","IL",1233,951,771.289537712895,"Adequate supply"
"1704975","IL Bellwood village, Illinois","IL",380,163,428.947368421053,"Low availability"
"1705092","IL Belvidere city, Illinois","IL",304,617,2029.60526315789,"Adequate supply"
"1705248","IL Bensenville village, Illinois","IL",231,165,714.285714285714,"Adequate supply"
"1705573","IL Berwyn city, Illinois","IL",1240,216,174.193548387097,"Moderate desert"
"1706587","IL Bloomingdale village, Illinois","IL",789,61,77.3130544993663,"Severe desert"
"1706613","IL Bloomington city, Illinois","IL",3614,915,253.182069728832,"Low availability"
"1706704","IL Blue Island city, Illinois","IL",767,182,237.28813559322,"Moderate desert"
"1707133","IL Bolingbrook village, Illinois","IL",1996,704,352.705410821643,"Low availability"
"1707471","IL Bourbonnais village, Illinois","IL",355,177,498.591549295775,"Low availability"
"1707770","IL Braidwood city, Illinois","IL",289,9,31.1418685121107,"Severe desert"
"1708225","IL Bridgeview village, Illinois","IL",388,9,23.1958762886598,"Severe desert"
"1708446","IL Broadview village, Illinois","IL",373,77,206.434316353887,"Moderate desert"
"1708576","IL Brookfield village, Illinois","IL",458,11,24.0174672489083,"Severe desert"
"1709447","IL Buffalo Grove village, Illinois","IL",1785,275,154.06162464986,"Moderate desert"
"1709642","IL Burbank city, Illinois","IL",952,29,30.4621848739496,"Severe desert"
"1709980","IL Burr Ridge village, Illinois","IL",740,58,78.3783783783784,"Severe desert"
"1710487","IL Calumet City city, Illinois","IL",1191,1185,994.962216624685,"Adequate supply"
"1711007","IL Canton city, Illinois","IL",348,262,752.873563218391,"Adequate supply"
"1711332","IL Carol Stream village, Illinois","IL",1049,788,751.191611058151,"Adequate supply"
"1711358","IL Carpentersville village, Illinois","IL",837,462,551.971326164875,"Adequate supply"
"1711514","IL Carterville city, Illinois","IL",216,13,60.1851851851852,"Severe desert"
"1711592","IL Cary village, Illinois","IL",470,62,131.914893617021,"Moderate desert"
"1712385","IL Champaign city, Illinois","IL",5651,1635,289.329322243851,"Low availability"
"1712684","IL Chatham village, Illinois","IL",386,48,124.352331606218,"Moderate desert"
"1714000","IL Chicago city, Illinois","IL",138062,88115,638.227752748765,"Adequate supply"
"1714026","IL Chicago Heights city, Illinois","IL",1073,892,831.314072693383,"Adequate supply"
"1714065","IL Chicago Ridge village, Illinois","IL",345,161,466.666666666667,"Low availability"
"1714351","IL Cicero town, Illinois","IL",1871,239,127.739176910743,"Moderate desert"
"1714572","IL Clarendon Hills village, Illinois","IL",438,6,13.6986301369863,"Severe desert"
"1715599","IL Collinsville city, Illinois","IL",492,211,428.861788617886,"Low availability"
"1715833","IL Columbia city, Illinois","IL",436,3,6.88073394495413,"Severe desert"
"1716691","IL Country Club Hills city, Illinois","IL",466,666,1429.18454935622,"Adequate supply"
"1717458","IL Crest Hill city, Illinois","IL",684,96,140.350877192982,"Moderate desert"
"1717497","IL Crestwood village, Illinois","IL",418,25,59.8086124401914,"Severe desert"
"1717523","IL Crete village, Illinois","IL",230,19,82.6086956521739,"Severe desert"
"1717887","IL Crystal Lake city, Illinois","IL",1104,308,278.985507246377,"Low availability"
"1718628","IL Darien city, Illinois","IL",579,97,167.530224525043,"Moderate desert"
"1718823","IL Decatur city, Illinois","IL",2753,2221,806.756265891754,"Adequate supply"
"1718992","IL Deerfield village, Illinois","IL",767,120,156.45371577575,"Moderate desert"
"1719642","IL Des Plaines city, Illinois","IL",1616,206,127.475247524752,"Moderate desert"
"1720162","IL Dixon city, Illinois","IL",403,190,471.464019851117,"Low availability"
"1720292","IL Dolton village, Illinois","IL",713,924,1295.93267882188,"Adequate supply"
"1720591","IL Downers Grove village, Illinois","IL",2656,641,241.340361445783,"Moderate desert"
"1722073","IL East Moline city, Illinois","IL",730,885,1212.32876712329,"Adequate supply"
"1722164","IL East Peoria city, Illinois","IL",1103,501,454.215775158658,"Low availability"
"1722697","IL Edwardsville city, Illinois","IL",880,92,104.545454545455,"Moderate desert"
"1722736","IL Effingham city, Illinois","IL",230,366,1591.30434782609,"Adequate supply"
"1722931","IL Elburn village, Illinois","IL",238,2,8.40336134453782,"Severe desert"
"1723074","IL Elgin city, Illinois","IL",3057,1484,485.443245011449,"Low availability"
"1723256","IL Elk Grove Village village, Illinois","IL",1081,16,14.8011100832562,"Severe desert"
"1723620","IL Elmhurst city, Illinois","IL",1610,190,118.012422360248,"Moderate desert"
"1723724","IL Elmwood Park village, Illinois","IL",948,107,112.869198312236,"Moderate desert"
"1724582","IL Evanston city, Illinois","IL",3643,1020,279.98902003843,"Low availability"
"1724634","IL Evergreen Park village, Illinois","IL",624,85,136.217948717949,"Moderate desert"
"1725141","IL Fairview Heights city, Illinois","IL",568,71,125,"Moderate desert"
"1726571","IL Flossmoor village, Illinois","IL",280,62,221.428571428571,"Moderate desert"
"1726935","IL Forest Park village, Illinois","IL",513,176,343.07992202729,"Low availability"
"1727442","IL Fox Lake village, Illinois","IL",574,293,510.452961672474,"Adequate supply"
"1727624","IL Frankfort village, Illinois","IL",579,1,1.72711571675302,"Severe desert"
"1727644","IL Frankfort Square CDP, Illinois","IL",241,31,128.630705394191,"Moderate desert"
"1727702","IL Franklin Park village, Illinois","IL",495,142,286.868686868687,"Low availability"
"1727806","IL Freeburg village, Illinois","IL",237,1,4.21940928270042,"Severe desert"
"1728248","IL Gages Lake CDP, Illinois","IL",231,45,194.805194805195,"Moderate desert"
"1728872","IL Geneva city, Illinois","IL",607,25,41.1861614497529,"Severe desert"
"1728898","IL Genoa city, Illinois","IL",229,18,78.6026200873362,"Severe desert"
"1729171","IL Gilberts village, Illinois","IL",240,5,20.8333333333333,"Severe desert"
"1729639","IL Glen Carbon village, Illinois","IL",259,7,27.027027027027,"Severe desert"
"1729652","IL Glencoe village, Illinois","IL",427,1,2.34192037470726,"Severe desert"
"1729730","IL Glendale Heights village, Illinois","IL",640,269,420.3125,"Low availability"
"1729756","IL Glen Ellyn village, Illinois","IL",1309,163,124.522536287242,"Moderate desert"
"1729938","IL Glenview village, Illinois","IL",2230,191,85.6502242152466,"Severe desert"
"1730029","IL Glenwood village, Illinois","IL",333,131,393.393393393393,"Low availability"
"1730094","IL Godfrey village, Illinois","IL",577,14,24.263431542461,"Severe desert"
"1730900","IL Grandwood Park CDP, Illinois","IL",226,69,305.309734513274,"Low availability"
"1730926","IL Granite City city, Illinois","IL",804,392,487.562189054726,"Low availability"
"1731121","IL Grayslake village, Illinois","IL",538,245,455.390334572491,"Low availability"
"1731446","IL Green Oaks village, Illinois","IL",226,112,495.575221238938,"Low availability"
"1732018","IL Gurnee village, Illinois","IL",1175,435,370.212765957447,"Low availability"
"1732746","IL Hanover Park village, Illinois","IL",1089,173,158.861340679522,"Moderate desert"
"1733435","IL Harwood Heights village, Illinois","IL",255,3,11.7647058823529,"Severe desert"
"1733695","IL Hazel Crest village, Illinois","IL",649,530,816.640986132512,"Adequate supply"
"1734358","IL Herrin city, Illinois","IL",250,99,396,"Low availability"
"1734514","IL Hickory Hills city, Illinois","IL",523,14,26.7686424474187,"Severe desert"
"1734670","IL Highland city, Illinois","IL",306,224,732.02614379085,"Adequate supply"
"1734722","IL Highland Park city, Illinois","IL",1577,192,121.750158528852,"Moderate desert"
"1734865","IL Highwood city, Illinois","IL",204,6,29.4117647058824,"Severe desert"
"1735086","IL Hillside village, Illinois","IL",208,49,235.576923076923,"Moderate desert"
"1735307","IL Hinsdale village, Illinois","IL",563,8,14.2095914742451,"Severe desert"
"1735411","IL Hoffman Estates village, Illinois","IL",1143,107,93.6132983377078,"Severe desert"
"1735835","IL Homer Glen village, Illinois","IL",526,2,3.80228136882129,"Severe desert"
"1735879","IL Homewood village, Illinois","IL",632,259,409.810126582278,"Low availability"
"1736750","IL Huntley village, Illinois","IL",1480,29,19.5945945945946,"Severe desert"
"1738115","IL Jacksonville city, Illinois","IL",277,244,880.86642599278,"Adequate supply"
"1738414","IL Jerseyville city, Illinois","IL",221,251,1135.74660633484,"Adequate supply"
"1738479","IL Johnsburg village, Illinois","IL",248,35,141.129032258065,"Moderate desert"
"1738570","IL Joliet city, Illinois","IL",4852,1728,356.141797197032,"Low availability"
"1740767","IL La Grange village, Illinois","IL",701,32,45.6490727532097,"Severe desert"
"1740793","IL La Grange Park village, Illinois","IL",389,2,5.1413881748072,"Severe desert"
"1741105","IL Lake Forest city, Illinois","IL",615,3,4.8780487804878,"Severe desert"
"1741183","IL Lake in the Hills village, Illinois","IL",529,89,168.241965973535,"Moderate desert"
"1741326","IL Lakemoor village, Illinois","IL",237,21,88.6075949367089,"Severe desert"
"1741586","IL Lake Villa village, Illinois","IL",274,106,386.861313868613,"Low availability"
"1741742","IL Lake Zurich village, Illinois","IL",621,92,148.148148148148,"Moderate desert"
"1742028","IL Lansing village, Illinois","IL",963,499,518.172377985462,"Adequate supply"
"1742184","IL LaSalle city, Illinois","IL",413,94,227.602905569007,"Moderate desert"
"1742795","IL Lemont village, Illinois","IL",470,4,8.51063829787234,"Severe desert"
"1743250","IL Libertyville village, Illinois","IL",797,150,188.205771643664,"Moderate desert"
"1743536","IL Lincoln city, Illinois","IL",558,210,376.344086021505,"Low availability"
"1743666","IL Lincolnshire village, Illinois","IL",542,4,7.38007380073801,"Severe desert"
"1743744","IL Lincolnwood village, Illinois","IL",299,25,83.6120401337793,"Severe desert"
"1743770","IL Lindenhurst village, Illinois","IL",370,13,35.1351351351351,"Severe desert"
"1743939","IL Lisle village, Illinois","IL",756,121,160.05291005291,"Moderate desert"
"1743965","IL Litchfield city, Illinois","IL",272,54,198.529411764706,"Moderate desert"
"1744225","IL Lockport city, Illinois","IL",621,7,11.2721417069243,"Severe desert"
"1744407","IL Lombard village, Illinois","IL",1224,178,145.424836601307,"Moderate desert"
"1745031","IL Loves Park city, Illinois","IL",537,191,355.679702048417,"Low availability"
"1745421","IL Lynwood village, Illinois","IL",445,80,179.775280898876,"Moderate desert"
"1745434","IL Lyons village, Illinois","IL",295,30,101.694915254237,"Moderate desert"
"1745694","IL McHenry city, Illinois","IL",596,245,411.073825503356,"Low availability"
"1745726","IL Machesney Park village, Illinois","IL",303,27,89.1089108910891,"Severe desert"
"1746136","IL Mahomet village, Illinois","IL",236,20,84.7457627118644,"Severe desert"
"1746357","IL Manhattan village, Illinois","IL",238,3,12.6050420168067,"Severe desert"
"1746500","IL Manteno village, Illinois","IL",200,22,110,"Moderate desert"
"1746786","IL Marengo city, Illinois","IL",423,28,66.193853427896,"Severe desert"
"1746916","IL Marion city, Illinois","IL",523,319,609.942638623327,"Adequate supply"
"1747007","IL Markham city, Illinois","IL",268,528,1970.14925373134,"Adequate supply"
"1747540","IL Matteson village, Illinois","IL",862,423,490.719257540603,"Low availability"
"1747774","IL Maywood village, Illinois","IL",477,479,1004.1928721174,"Adequate supply"
"1748242","IL Melrose Park village, Illinois","IL",201,64,318.407960199005,"Low availability"
"1748892","IL Midlothian village, Illinois","IL",684,123,179.824561403509,"Moderate desert"
"1749854","IL Mokena village, Illinois","IL",562,2,3.55871886120996,"Severe desert"
"1749867","IL Moline city, Illinois","IL",858,482,561.771561771562,"Adequate supply"
"1750218","IL Montgomery village, Illinois","IL",372,42,112.903225806452,"Moderate desert"
"1750244","IL Monticello city, Illinois","IL",271,6,22.140221402214,"Severe desert"
"1750491","IL Morris city, Illinois","IL",420,325,773.809523809524,"Adequate supply"
"1750621","IL Morton village, Illinois","IL",530,130,245.283018867925,"Moderate desert"
"1750647","IL Morton Grove village, Illinois","IL",749,84,112.14953271028,"Moderate desert"
"1751089","IL Mount Prospect village, Illinois","IL",2326,574,246.775580395529,"Moderate desert"
"1751180","IL Mount Vernon city, Illinois","IL",400,388,970,"Adequate supply"
"1751349","IL Mundelein village, Illinois","IL",793,189,238.335435056747,"Moderate desert"
"1751622","IL Naperville city, Illinois","IL",6006,1210,201.465201465201,"Moderate desert"
"1752584","IL New Lenox village, Illinois","IL",681,9,13.215859030837,"Severe desert"
"1753000","IL Niles village, Illinois","IL",899,229,254.727474972191,"Low availability"
"1753234","IL Normal town, Illinois","IL",2345,521,222.174840085288,"Moderate desert"
"1753377","IL Norridge village, Illinois","IL",431,5,11.6009280742459,"Severe desert"
"1753442","IL North Aurora village, Illinois","IL",383,8,20.88772845953,"Severe desert"
"1753481","IL Northbrook village, Illinois","IL",1611,16,9.93171942892613,"Severe desert"
"1753559","IL North Chicago city, Illinois","IL",828,722,871.980676328502,"Adequate supply"
"1753663","IL Northfield village, Illinois","IL",311,1,3.21543408360129,"Severe desert"
"1753871","IL Northlake city, Illinois","IL",403,54,133.995037220844,"Moderate desert"
"1754638","IL Oak Forest city, Illinois","IL",699,64,91.5593705293276,"Severe desert"
"1754820","IL Oak Lawn village, Illinois","IL",1803,85,47.1436494731004,"Severe desert"
"1754885","IL Oak Park village, Illinois","IL",2531,841,332.27973133149,"Low availability"
"1755249","IL O'Fallon city, Illinois","IL",1196,316,264.214046822742,"Low availability"
"1755912","IL Olney city, Illinois","IL",259,146,563.706563706564,"Adequate supply"
"1755938","IL Olympia Fields village, Illinois","IL",320,15,46.875,"Severe desert"
"1756484","IL Oregon city, Illinois","IL",212,44,207.547169811321,"Moderate desert"
"1756640","IL Orland Park village, Illinois","IL",1707,43,25.1903925014646,"Severe desert"
"1756887","IL Oswego village, Illinois","IL",713,46,64.5161290322581,"Severe desert"
"1756926","IL Ottawa city, Illinois","IL",743,241,324.36069986541,"Low availability"
"1757225","IL Palatine village, Illinois","IL",1906,468,245.540398740818,"Moderate desert"
"1757381","IL Palos Heights city, Illinois","IL",394,1,2.53807106598985,"Severe desert"
"1757394","IL Palos Hills city, Illinois","IL",640,24,37.5,"Severe desert"
"1757407","IL Palos Park village, Illinois","IL",354,2,5.64971751412429,"Severe desert"
"1757732","IL Park Forest village, Illinois","IL",593,422,711.635750421585,"Adequate supply"
"1757875","IL Park Ridge city, Illinois","IL",1714,7,4.08401400233372,"Severe desert"
"1758447","IL Pekin city, Illinois","IL",530,736,1388.67924528302,"Adequate supply"
"1759000","IL Peoria city, Illinois","IL",4424,4330,978.75226039783,"Adequate supply"
"1759234","IL Peru city, Illinois","IL",297,55,185.185185185185,"Moderate desert"
"1760287","IL Plainfield village, Illinois","IL",845,72,85.207100591716,"Severe desert"
"1762016","IL Prospect Heights city, Illinois","IL",335,8,23.8805970149254,"Severe desert"
"1762367","IL Quincy city, Illinois","IL",1197,584,487.886382623225,"Low availability"
"1763706","IL Richton Park village, Illinois","IL",709,519,732.016925246827,"Adequate supply"
"1764304","IL River Forest village, Illinois","IL",505,4,7.92079207920792,"Severe desert"
"1764343","IL River Grove village, Illinois","IL",324,8,24.6913580246914,"Severe desert"
"1764421","IL Riverside village, Illinois","IL",397,6,15.1133501259446,"Severe desert"
"1764707","IL Robinson city, Illinois","IL",208,36,173.076923076923,"Moderate desert"
"1764746","IL Rochelle city, Illinois","IL",307,136,442.99674267101,"Low availability"
"1765000","IL Rockford city, Illinois","IL",5032,4318,858.108108108108,"Adequate supply"
"1765078","IL Rock Island city, Illinois","IL",1361,1392,1022.77736958119,"Adequate supply"
"1765156","IL Rockton village, Illinois","IL",457,40,87.527352297593,"Severe desert"
"1765338","IL Rolling Meadows city, Illinois","IL",798,49,61.4035087719298,"Severe desert"
"1765442","IL Romeoville village, Illinois","IL",840,111,132.142857142857,"Moderate desert"
"1765611","IL Roscoe village, Illinois","IL",239,3,12.5523012552301,"Severe desert"
"1765806","IL Roselle village, Illinois","IL",759,105,138.339920948617,"Moderate desert"
"1766027","IL Round Lake village, Illinois","IL",597,159,266.331658291457,"Low availability"
"1766040","IL Round Lake Beach village, Illinois","IL",438,378,863.013698630137,"Adequate supply"
"1766703","IL St. Charles city, Illinois","IL",870,168,193.103448275862,"Moderate desert"
"1767236","IL Salem city, Illinois","IL",225,100,444.444444444444,"Low availability"
"1767769","IL Sauk Village village, Illinois","IL",204,212,1039.21568627451,"Adequate supply"
"1767860","IL Savoy village, Illinois","IL",260,43,165.384615384615,"Moderate desert"
"1768003","IL Schaumburg village, Illinois","IL",2343,751,320.529236022194,"Low availability"
"1768081","IL Schiller Park village, Illinois","IL",340,7,20.5882352941176,"Severe desert"
"1769524","IL Shiloh village, Illinois","IL",468,94,200.854700854701,"Moderate desert"
"1769758","IL Shorewood village, Illinois","IL",598,32,53.5117056856187,"Severe desert"
"1769979","IL Silvis city, Illinois","IL",542,328,605.166051660517,"Adequate supply"
"1770122","IL Skokie village, Illinois","IL",2390,586,245.188284518828,"Moderate desert"
"1770720","IL South Elgin village, Illinois","IL",833,102,122.448979591837,"Moderate desert"
"1770850","IL South Holland village, Illinois","IL",859,493,573.923166472643,"Adequate supply"
"1772000","IL Springfield city, Illinois","IL",3750,2985,796,"Adequate supply"
"1772546","IL Sterling city, Illinois","IL",432,184,425.925925925926,"Low availability"
"1773157","IL Streamwood village, Illinois","IL",1275,273,214.117647058824,"Moderate desert"
"1773170","IL Streator city, Illinois","IL",365,174,476.712328767123,"Low availability"
"1773391","IL Sugar Grove village, Illinois","IL",271,5,18.450184501845,"Severe desert"
"1773638","IL Summit village, Illinois","IL",220,36,163.636363636364,"Moderate desert"
"1774119","IL Swansea village, Illinois","IL",380,117,307.894736842105,"Low availability"
"1774223","IL Sycamore city, Illinois","IL",374,55,147.058823529412,"Moderate desert"
"1774574","IL Taylorville city, Illinois","IL",632,376,594.936708860759,"Adequate supply"
"1775484","IL Tinley Park village, Illinois","IL",1811,187,103.257868580895,"Moderate desert"
"1777694","IL Vernon Hills village, Illinois","IL",1026,318,309.941520467836,"Low availability"
"1777993","IL Villa Park village, Illinois","IL",438,87,198.630136986301,"Moderate desert"
"1778929","IL Warrenville city, Illinois","IL",368,49,133.152173913043,"Moderate desert"
"1779033","IL Washington city, Illinois","IL",477,5,10.482180293501,"Severe desert"
"1779150","IL Waterloo city, Illinois","IL",325,1,3.07692307692308,"Severe desert"
"1779267","IL Wauconda village, Illinois","IL",498,11,22.0883534136546,"Severe desert"
"1779293","IL Waukegan city, Illinois","IL",2573,2141,832.102603964244,"Adequate supply"
"1780047","IL Westchester village, Illinois","IL",576,73,126.736111111111,"Moderate desert"
"1780060","IL West Chicago city, Illinois","IL",596,213,357.38255033557,"Low availability"
"1780242","IL Western Springs village, Illinois","IL",319,2,6.26959247648903,"Severe desert"
"1780645","IL Westmont village, Illinois","IL",1122,312,278.07486631016,"Low availability"
"1781048","IL Wheaton city, Illinois","IL",1893,348,183.835182250396,"Moderate desert"
"1781087","IL Wheeling village, Illinois","IL",889,236,265.466816647919,"Low availability"
"1781919","IL Willowbrook village, Illinois","IL",338,37,109.467455621302,"Moderate desert"
"1782049","IL Willow Springs village, Illinois","IL",275,1,3.63636363636364,"Severe desert"
"1782075","IL Wilmette village, Illinois","IL",1230,110,89.4308943089431,"Severe desert"
"1782400","IL Winfield village, Illinois","IL",283,12,42.4028268551237,"Severe desert"
"1782686","IL Winthrop Harbor village, Illinois","IL",239,49,205.020920502092,"Moderate desert"
"1782985","IL Wood Dale city, Illinois","IL",409,16,39.119804400978,"Severe desert"
"1783245","IL Woodridge village, Illinois","IL",549,193,351.548269581056,"Low availability"
"1783271","IL Wood River city, Illinois","IL",215,151,702.325581395349,"Adequate supply"
"1783349","IL Woodstock city, Illinois","IL",823,546,663.426488456865,"Adequate supply"
"1783518","IL Worth village, Illinois","IL",218,17,77.9816513761468,"Severe desert"
"1784038","IL Yorkville city, Illinois","IL",454,210,462.555066079295,"Low availability"
"1784220","IL Zion city, Illinois","IL",762,1280,1679.79002624672,"Adequate supply"
"1802674","IN Auburn city, Indiana","IN",244,94,385.245901639344,"Low availability"
"1802908","IN Avon town, Indiana","IN",693,150,216.450216450216,"Moderate desert"
"1803394","IN Bargersville town, Indiana","IN",644,45,69.8757763975155,"Severe desert"
"1803664","IN Batesville city, Indiana","IN",452,11,24.3362831858407,"Severe desert"
"1804114","IN Bedford city, Indiana","IN",498,280,562.248995983936,"Adequate supply"
"1806220","IN Bluffton city, Indiana","IN",211,153,725.118483412322,"Adequate supply"
"1808416","IN Brownsburg town, Indiana","IN",891,30,33.6700336700337,"Severe desert"
"1810342","IN Carmel city, Indiana","IN",2932,38,12.9604365620737,"Severe desert"
"1812124","IN Charlestown city, Indiana","IN",435,97,222.988505747126,"Moderate desert"
"1812412","IN Chesterton town, Indiana","IN",494,14,28.3400809716599,"Severe desert"
"1812628","IN Cicero town, Indiana","IN",322,9,27.9503105590062,"Severe desert"
"1812934","IN Clarksville town, Indiana","IN",440,675,1534.09090909091,"Adequate supply"
"1814734","IN Columbus city, Indiana","IN",2060,1093,530.582524271845,"Adequate supply"
"1816138","IN Crown Point city, Indiana","IN",898,9,10.0222717149221,"Severe desert"
"1816804","IN Danville town, Indiana","IN",228,72,315.789473684211,"Low availability"
"1819270","IN Dyer town, Indiana","IN",748,1,1.33689839572193,"Severe desert"
"1822000","IN Evansville city, Indiana","IN",3268,3838,1174.41860465116,"Adequate supply"
"1823278","IN Fishers city, Indiana","IN",2604,69,26.4976958525346,"Severe desert"
"1825000","IN Fort Wayne city, Indiana","IN",5892,4793,813.475899524779,"Adequate supply"
"1825450","IN Franklin city, Indiana","IN",809,299,369.592088998764,"Low availability"
"1828386","IN Goshen city, Indiana","IN",633,610,963.665086887836,"Adequate supply"
"1828800","IN Granger CDP, Indiana","IN",619,7,11.3085621970921,"Severe desert"
"1829448","IN Greendale city, Indiana","IN",236,11,46.6101694915254,"Severe desert"
"1829520","IN Greenfield city, Indiana","IN",502,200,398.406374501992,"Low availability"
"1829718","IN Greensburg city, Indiana","IN",264,351,1329.54545454545,"Adequate supply"
"1829898","IN Greenwood city, Indiana","IN",1115,429,384.7533632287,"Low availability"
"1830042","IN Griffith town, Indiana","IN",478,16,33.4728033472803,"Severe desert"
"1831000","IN Hammond city, Indiana","IN",2575,1172,455.145631067961,"Low availability"
"1833466","IN Highland town, Indiana","IN",848,14,16.5094339622642,"Severe desert"
"1834114","IN Hobart city, Indiana","IN",940,137,145.744680851064,"Moderate desert"
"1835302","IN Huntington city, Indiana","IN",354,225,635.593220338983,"Adequate supply"
"1836003","IN Indianapolis city (balance), Indiana","IN",22777,14497,636.475391842648,"Adequate supply"
"1837782","IN Jasper city, Indiana","IN",200,143,715,"Adequate supply"
"1838358","IN Jeffersonville city, Indiana","IN",1732,651,375.866050808314,"Low availability"
"1840392","IN Kokomo city, Indiana","IN",1489,1558,1046.33982538617,"Adequate supply"
"1840788","IN Lafayette city, Indiana","IN",1406,2271,1615.22048364154,"Adequate supply"
"1841535","IN Lake Station city, Indiana","IN",417,58,139.088729016787,"Moderate desert"
"1842246","IN La Porte city, Indiana","IN",420,381,907.142857142857,"Adequate supply"
"1842426","IN Lawrence city, Indiana","IN",1308,327,250,"Low availability"
"1845990","IN Madison city, Indiana","IN",251,412,1641.43426294821,"Adequate supply"
"1847448","IN Martinsville city, Indiana","IN",313,330,1054.31309904153,"Adequate supply"
"1848528","IN Merrillville town, Indiana","IN",1141,523,458.369851007888,"Low availability"
"1848798","IN Michigan City city, Indiana","IN",804,668,830.845771144279,"Adequate supply"
"1849932","IN Mishawaka city, Indiana","IN",985,743,754.314720812183,"Adequate supply"
"1850976","IN Mooresville town, Indiana","IN",357,165,462.18487394958,"Low availability"
"1851912","IN Munster town, Indiana","IN",908,3,3.30396475770925,"Severe desert"
"1852020","IN Nappanee city, Indiana","IN",249,57,228.915662650602,"Moderate desert"
"1852326","IN New Albany city, Indiana","IN",996,1125,1129.51807228916,"Adequate supply"
"1852992","IN New Haven city, Indiana","IN",304,23,75.6578947368421,"Severe desert"
"1854180","IN Noblesville city, Indiana","IN",1950,516,264.615384615385,"Low availability"
"1858662","IN Pendleton town, Indiana","IN",212,6,28.3018867924528,"Severe desert"
"1860246","IN Plainfield town, Indiana","IN",1197,190,158.730158730159,"Moderate desert"
"1860822","IN Plymouth city, Indiana","IN",239,93,389.121338912134,"Low availability"
"1861092","IN Portage city, Indiana","IN",915,180,196.72131147541,"Moderate desert"
"1868220","IN Schererville town, Indiana","IN",929,13,13.9935414424112,"Severe desert"
"1868832","IN Seymour city, Indiana","IN",502,345,687.250996015936,"Adequate supply"
"1869318","IN Shelbyville city, Indiana","IN",380,320,842.105263157895,"Adequate supply"
"1871000","IN South Bend city, Indiana","IN",3388,3673,1084.12042502952,"Adequate supply"
"1871828","IN Speedway town, Indiana","IN",455,102,224.175824175824,"Moderate desert"
"1875248","IN Tell City city, Indiana","IN",237,95,400.84388185654,"Low availability"
"1875986","IN Tipton city, Indiana","IN",225,6,26.6666666666667,"Severe desert"
"1878326","IN Valparaiso city, Indiana","IN",1139,428,375.768217734855,"Low availability"
"1879208","IN Vincennes city, Indiana","IN",556,608,1093.52517985612,"Adequate supply"
"1880306","IN Warsaw city, Indiana","IN",485,359,740.20618556701,"Adequate supply"
"1880504","IN Washington city, Indiana","IN",228,353,1548.24561403509,"Adequate supply"
"1882700","IN Westfield city, Indiana","IN",1310,67,51.1450381679389,"Severe desert"
"1884014","IN Whitestown town, Indiana","IN",288,58,201.388888888889,"Moderate desert"
"1886372","IN Zionsville town, Indiana","IN",1178,102,86.5874363327674,"Severe desert"
"1901630","IA Altoona city, Iowa","IA",377,108,286.472148541114,"Low availability"
"1901855","IA Ames city, Iowa","IA",2132,531,249.06191369606,"Moderate desert"
"1902305","IA Ankeny city, Iowa","IA",1689,95,56.2462995855536,"Severe desert"
"1906355","IA Bettendorf city, Iowa","IA",1487,421,283.120376597176,"Low availability"
"1907480","IA Boone city, Iowa","IA",332,113,340.361445783133,"Low availability"
"1909550","IA Burlington city, Iowa","IA",692,687,992.774566473988,"Adequate supply"
"1911755","IA Cedar Falls city, Iowa","IA",1111,516,464.446444644464,"Low availability"
"1912000","IA Cedar Rapids city, Iowa","IA",4253,2009,472.372442981425,"Low availability"
"1914025","IA Clear Lake city, Iowa","IA",243,150,617.283950617284,"Adequate supply"
"1914430","IA Clinton city, Iowa","IA",565,537,950.442477876106,"Adequate supply"
"1914520","IA Clive city, Iowa","IA",613,13,21.2071778140294,"Severe desert"
"1916230","IA Coralville city, Iowa","IA",396,310,782.828282828283,"Adequate supply"
"1916860","IA Council Bluffs city, Iowa","IA",1208,1293,1070.3642384106,"Adequate supply"
"1917265","IA Creston city, Iowa","IA",213,180,845.070422535211,"Adequate supply"
"1919000","IA Davenport city, Iowa","IA",2819,1598,566.867683575736,"Adequate supply"
"1919945","IA Denison city, Iowa","IA",222,199,896.396396396396,"Adequate supply"
"1921000","IA Des Moines city, Iowa","IA",4189,4290,1024.11076629267,"Adequate supply"
"1922395","IA Dubuque city, Iowa","IA",1386,1549,1117.60461760462,"Adequate supply"
"1924600","IA Eldridge city, Iowa","IA",214,28,130.841121495327,"Moderate desert"
"1928515","IA Fort Dodge city, Iowa","IA",629,901,1432.43243243243,"Adequate supply"
"1929955","IA Garner city, Iowa","IA",202,31,153.465346534653,"Moderate desert"
"1931350","IA Glenwood city, Iowa","IA",201,165,820.89552238806,"Adequate supply"
"1933060","IA Grimes city, Iowa","IA",300,66,220,"Moderate desert"
"1933105","IA Grinnell city, Iowa","IA",277,230,830.324909747292,"Adequate supply"
"1935940","IA Hiawatha city, Iowa","IA",253,26,102.766798418972,"Moderate desert"
"1937560","IA Humboldt city, Iowa","IA",280,47,167.857142857143,"Moderate desert"
"1938100","IA Independence city, Iowa","IA",207,38,183.574879227053,"Moderate desert"
"1938280","IA Indianola city, Iowa","IA",380,313,823.684210526316,"Adequate supply"
"1938595","IA Iowa City city, Iowa","IA",2897,1519,524.335519502934,"Adequate supply"
"1939765","IA Johnston city, Iowa","IA",652,122,187.116564417178,"Moderate desert"
"1942015","IA Knoxville city, Iowa","IA",233,204,875.536480686695,"Adequate supply"
"1944400","IA Le Mars city, Iowa","IA",322,127,394.409937888199,"Low availability"
"1949485","IA Marion city, Iowa","IA",1154,222,192.374350086655,"Moderate desert"
"1949755","IA Marshalltown city, Iowa","IA",909,499,548.954895489549,"Adequate supply"
"1950160","IA Mason City city, Iowa","IA",385,781,2028.57142857143,"Adequate supply"
"1954705","IA Mount Pleasant city, Iowa","IA",265,165,622.641509433962,"Adequate supply"
"1955110","IA Muscatine city, Iowa","IA",497,639,1285.71428571429,"Adequate supply"
"1955695","IA Nevada city, Iowa","IA",301,64,212.624584717608,"Moderate desert"
"1956505","IA Newton city, Iowa","IA",209,293,1401.91387559809,"Adequate supply"
"1957360","IA North Liberty city, Iowa","IA",393,141,358.778625954198,"Low availability"
"1957675","IA Norwalk city, Iowa","IA",389,52,133.676092544987,"Moderate desert"
"1959925","IA Oskaloosa city, Iowa","IA",217,360,1658.98617511521,"Adequate supply"
"1960465","IA Ottumwa city, Iowa","IA",554,330,595.667870036101,"Adequate supply"
"1962040","IA Pella city, Iowa","IA",231,83,359.307359307359,"Low availability"
"1963525","IA Pleasant Hill city, Iowa","IA",263,142,539.923954372623,"Adequate supply"
"1964020","IA Polk City city, Iowa","IA",274,1,3.64963503649635,"Severe desert"
"1971625","IA Sergeant Bluff city, Iowa","IA",233,42,180.257510729614,"Moderate desert"
"1973335","IA Sioux City city, Iowa","IA",1800,2027,1126.11111111111,"Adequate supply"
"1978060","IA Tiffin city, Iowa","IA",218,7,32.1100917431193,"Severe desert"
"1979950","IA Urbandale city, Iowa","IA",1182,66,55.8375634517767,"Severe desert"
"1982425","IA Waterloo city, Iowa","IA",1573,1812,1151.93897012079,"Adequate supply"
"1982695","IA Waukee city, Iowa","IA",836,204,244.019138755981,"Moderate desert"
"1982875","IA Waverly city, Iowa","IA",301,178,591.362126245847,"Adequate supply"
"1983145","IA Webster City city, Iowa","IA",253,82,324.110671936759,"Low availability"
"1983910","IA West Des Moines city, Iowa","IA",2340,486,207.692307692308,"Moderate desert"
"1986520","IA Winterset city, Iowa","IA",219,32,146.118721461187,"Moderate desert"
"2001800","KS Andover city, Kansas","KS",342,14,40.9356725146199,"Severe desert"
"2002900","KS Atchison city, Kansas","KS",225,173,768.888888888889,"Adequate supply"
"2004400","KS Basehor city, Kansas","KS",264,8,30.3030303030303,"Severe desert"
"2005337","KS Bel Aire city, Kansas","KS",286,55,192.307692307692,"Moderate desert"
"2014650","KS Colby city, Kansas","KS",224,6,26.7857142857143,"Severe desert"
"2017800","KS Derby city, Kansas","KS",425,75,176.470588235294,"Moderate desert"
"2018250","KS Dodge City city, Kansas","KS",448,213,475.446428571429,"Low availability"
"2020075","KS El Dorado city, Kansas","KS",391,316,808.184143222506,"Adequate supply"
"2021275","KS Emporia city, Kansas","KS",482,407,844.398340248963,"Adequate supply"
"2021675","KS Eudora city, Kansas","KS",260,25,96.1538461538462,"Severe desert"
"2025325","KS Garden City city, Kansas","KS",873,233,266.895761741123,"Low availability"
"2025425","KS Gardner city, Kansas","KS",452,166,367.256637168142,"Low availability"
"2028300","KS Great Bend city, Kansas","KS",315,272,863.492063492063,"Adequate supply"
"2031100","KS Hays city, Kansas","KS",569,328,576.449912126538,"Adequate supply"
"2031125","KS Haysville city, Kansas","KS",239,95,397.489539748954,"Low availability"
"2033625","KS Hutchinson city, Kansas","KS",792,709,895.20202020202,"Adequate supply"
"2035750","KS Junction City city, Kansas","KS",259,289,1115.83011583012,"Adequate supply"
"2036000","KS Kansas City city, Kansas","KS",3570,2971,832.212885154062,"Adequate supply"
"2038650","KS Lansing city, Kansas","KS",263,49,186.311787072243,"Moderate desert"
"2038900","KS Lawrence city, Kansas","KS",3087,1076,348.558471007451,"Low availability"
"2039000","KS Leavenworth city, Kansas","KS",1174,727,619.250425894378,"Adequate supply"
"2039075","KS Leawood city, Kansas","KS",989,9,9.10010111223458,"Severe desert"
"2039350","KS Lenexa city, Kansas","KS",1667,398,238.75224955009,"Moderate desert"
"2039825","KS Liberal city, Kansas","KS",208,87,418.269230769231,"Low availability"
"2043950","KS McPherson city, Kansas","KS",409,202,493.887530562347,"Low availability"
"2044200","KS Maize city, Kansas","KS",305,44,144.262295081967,"Moderate desert"
"2044250","KS Manhattan city, Kansas","KS",1958,552,281.920326864147,"Low availability"
"2046000","KS Merriam city, Kansas","KS",234,249,1064.10256410256,"Adequate supply"
"2047225","KS Mission city, Kansas","KS",343,79,230.320699708455,"Moderate desert"
"2050475","KS Newton city, Kansas","KS",424,166,391.509433962264,"Low availability"
"2052575","KS Olathe city, Kansas","KS",3312,877,264.794685990338,"Low availability"
"2053775","KS Overland Park city, Kansas","KS",6254,750,119.923249120563,"Moderate desert"
"2057575","KS Prairie Village city, Kansas","KS",918,4,4.35729847494553,"Severe desert"
"2060825","KS Roeland Park city, Kansas","KS",258,74,286.821705426357,"Low availability"
"2062700","KS Salina city, Kansas","KS",1008,835,828.373015873016,"Adequate supply"
"2064500","KS Shawnee city, Kansas","KS",1943,399,205.352547606794,"Moderate desert"
"2067625","KS Spring Hill city, Kansas","KS",344,24,69.7674418604651,"Severe desert"
"2071000","KS Topeka city, Kansas","KS",4029,2324,576.818068999752,"Adequate supply"
"2079000","KS Wichita city, Kansas","KS",8263,4391,531.405058695389,"Adequate supply"
"2079950","KS Winfield city, Kansas","KS",281,209,743.772241992883,"Adequate supply"
"2100802","KY Alexandria city, Kentucky","KY",381,47,123.359580052493,"Moderate desert"
"2102368","KY Ashland city, Kentucky","KY",586,1077,1837.88395904437,"Adequate supply"
"2105446","KY Bellevue city, Kentucky","KY",207,83,400.966183574879,"Low availability"
"2105842","KY Berea city, Kentucky","KY",437,189,432.494279176201,"Low availability"
"2111170","KY Burlington CDP, Kentucky","KY",630,99,157.142857142857,"Moderate desert"
"2117362","KY Corbin city, Kentucky","KY",268,453,1690.29850746269,"Adequate supply"
"2117848","KY Covington city, Kentucky","KY",1345,1444,1073.60594795539,"Adequate supply"
"2119882","KY Danville city, Kentucky","KY",352,304,863.636363636364,"Adequate supply"
"2124274","KY Elizabethtown city, Kentucky","KY",792,624,787.878787878788,"Adequate supply"
"2125300","KY Erlanger city, Kentucky","KY",385,157,407.792207792208,"Low availability"
"2127802","KY Flatwoods city, Kentucky","KY",212,183,863.207547169811,"Adequate supply"
"2127982","KY Florence city, Kentucky","KY",842,722,857.482185273159,"Adequate supply"
"2128594","KY Fort Thomas city, Kentucky","KY",666,57,85.5855855855856,"Severe desert"
"2128900","KY Frankfort city, Kentucky","KY",701,749,1068.47360912981,"Adequate supply"
"2128918","KY Franklin city, Kentucky","KY",232,49,211.206896551724,"Moderate desert"
"2130700","KY Georgetown city, Kentucky","KY",938,516,550.106609808102,"Adequate supply"
"2133022","KY Greenville city, Kentucky","KY",277,178,642.599277978339,"Adequate supply"
"2135362","KY Hazard city, Kentucky","KY",404,42,103.960396039604,"Moderate desert"
"2136604","KY Highland Heights city, Kentucky","KY",258,127,492.248062015504,"Low availability"
"2139142","KY Independence city, Kentucky","KY",473,185,391.120507399577,"Low availability"
"2140222","KY Jeffersontown city, Kentucky","KY",618,203,328.478964401294,"Low availability"
"2143480","KY La Grange city, Kentucky","KY",392,114,290.816326530612,"Low availability"
"2146027","KY Lexington-Fayette urban county, Kentucky","KY",13587,5452,401.265915949069,"Low availability"
"2148006","KY Louisville/Jefferson County metro government (balance), Kentucky","KY",14936,4941,330.811462238886,"Low availability"
"2148378","KY Ludlow city, Kentucky","KY",336,83,247.02380952381,"Moderate desert"
"2148558","KY Lyndon city, Kentucky","KY",366,43,117.486338797814,"Moderate desert"
"2149368","KY Madisonville city, Kentucky","KY",672,411,611.607142857143,"Adequate supply"
"2151978","KY Middletown city, Kentucky","KY",451,130,288.248337028825,"Low availability"
"2154084","KY Mount Sterling city, Kentucky","KY",202,124,613.861386138614,"Adequate supply"
"2154228","KY Mount Washington city, Kentucky","KY",462,166,359.307359307359,"Low availability"
"2155884","KY Newport city, Kentucky","KY",514,615,1196.49805447471,"Adequate supply"
"2156136","KY Nicholasville city, Kentucky","KY",921,668,725.298588490771,"Adequate supply"
"2158620","KY Owensboro city, Kentucky","KY",2035,2038,1001.4742014742,"Adequate supply"
"2158836","KY Paducah city, Kentucky","KY",895,1036,1157.54189944134,"Adequate supply"
"2163264","KY Prospect city, Kentucky","KY",228,2,8.7719298245614,"Severe desert"
"2163912","KY Radcliff city, Kentucky","KY",405,266,656.79012345679,"Adequate supply"
"2164632","KY Reidland CDP, Kentucky","KY",212,22,103.77358490566,"Moderate desert"
"2167944","KY St. Matthews city, Kentucky","KY",630,40,63.4920634920635,"Severe desert"
"2170050","KY Shelbyville city, Kentucky","KY",686,277,403.790087463557,"Low availability"
"2170086","KY Shepherdsville city, Kentucky","KY",642,278,433.021806853583,"Low availability"
"2175738","KY Taylor Mill city, Kentucky","KY",246,12,48.780487804878,"Severe desert"
"2179482","KY Versailles city, Kentucky","KY",273,222,813.186813186813,"Adequate supply"
"2182146","KY Westwood CDP, Kentucky","KY",206,96,466.019417475728,"Low availability"
"2183172","KY Wilder city, Kentucky","KY",390,80,205.128205128205,"Moderate desert"
"2183676","KY Winchester city, Kentucky","KY",334,814,2437.12574850299,"Adequate supply"
"2205175","LA Bayou Blue CDP, Louisiana","LA",200,12,60,"Severe desert"
"2205210","LA Bayou Cane CDP, Louisiana","LA",908,140,154.185022026432,"Moderate desert"
"2206120","LA Belle Chasse CDP, Louisiana","LA",482,83,172.199170124481,"Moderate desert"
"2208920","LA Bossier City city, Louisiana","LA",1263,1139,901.821060965954,"Adequate supply"
"2209480","LA Bridge City CDP, Louisiana","LA",227,282,1242.29074889868,"Adequate supply"
"2210075","LA Broussard city, Louisiana","LA",538,43,79.9256505576208,"Severe desert"
"2212665","LA Carencro city, Louisiana","LA",460,149,323.913043478261,"Low availability"
"2213960","LA Central city, Louisiana","LA",838,56,66.8257756563246,"Severe desert"
"2214135","LA Chalmette CDP, Louisiana","LA",713,393,551.192145862553,"Adequate supply"
"2215605","LA Claiborne CDP, Louisiana","LA",623,103,165.329052969502,"Moderate desert"
"2218125","LA Covington city, Louisiana","LA",393,76,193.384223918575,"Moderate desert"
"2218930","LA Cut Off CDP, Louisiana","LA",256,1,3.90625,"Severe desert"
"2220435","LA Denham Springs city, Louisiana","LA",241,96,398.340248962656,"Low availability"
"2220610","LA DeRidder city, Louisiana","LA",253,73,288.537549407115,"Low availability"
"2220820","LA Destrehan CDP, Louisiana","LA",386,109,282.383419689119,"Low availability"
"2222610","LA Eastwood CDP, Louisiana","LA",235,1,4.25531914893617,"Severe desert"
"2224390","LA Estelle CDP, Louisiana","LA",714,194,271.708683473389,"Low availability"
"2228065","LA Galliano CDP, Louisiana","LA",230,3,13.0434782608696,"Severe desert"
"2228275","LA Gardere CDP, Louisiana","LA",471,205,435.244161358811,"Low availability"
"2232930","LA Harahan city, Louisiana","LA",356,28,78.6516853932584,"Severe desert"
"2236255","LA Houma city, Louisiana","LA",1122,422,376.114081996435,"Low availability"
"2238075","LA Jeanerette city, Louisiana","LA",234,78,333.333333333333,"Low availability"
"2238145","LA Jefferson CDP, Louisiana","LA",375,109,290.666666666667,"Low availability"
"2239475","LA Kenner city, Louisiana","LA",1423,1561,1096.97821503865,"Adequate supply"
"2240665","LA Lacombe CDP, Louisiana","LA",311,6,19.2926045016077,"Severe desert"
"2240735","LA Lafayette city, Louisiana","LA",4003,2781,694.728953285036,"Adequate supply"
"2241155","LA Lake Charles city, Louisiana","LA",2181,2958,1356.25859697387,"Adequate supply"
"2242030","LA Laplace CDP, Louisiana","LA",981,419,427.115188583079,"Low availability"
"2242135","LA Larose CDP, Louisiana","LA",240,4,16.6666666666667,"Severe desert"
"2246615","LA Luling CDP, Louisiana","LA",378,59,156.084656084656,"Moderate desert"
"2248225","LA Mandeville city, Louisiana","LA",493,170,344.827586206897,"Low availability"
"2249800","LA Meraux CDP, Louisiana","LA",296,194,655.405405405405,"Adequate supply"
"2250115","LA Metairie CDP, Louisiana","LA",4946,992,200.566114031541,"Moderate desert"
"2252040","LA Morgan City city, Louisiana","LA",435,144,331.034482758621,"Low availability"
"2252425","LA Moss Bluff CDP, Louisiana","LA",396,21,53.030303030303,"Severe desert"
"2254035","LA New Iberia city, Louisiana","LA",1277,684,535.630383711825,"Adequate supply"
"2255000","LA New Orleans city, Louisiana","LA",16649,21228,1275.03153342543,"Adequate supply"
"2256855","LA Oak Hills Place CDP, Louisiana","LA",297,19,63.973063973064,"Severe desert"
"2257705","LA Old Jefferson CDP, Louisiana","LA",420,31,73.8095238095238,"Severe desert"
"2260530","LA Pineville city, Louisiana","LA",232,252,1086.20689655172,"Adequate supply"
"2260880","LA Plaquemine city, Louisiana","LA",283,29,102.473498233216,"Moderate desert"
"2262385","LA Prairieville CDP, Louisiana","LA",758,16,21.1081794195251,"Severe desert"
"2262647","LA Prien CDP, Louisiana","LA",212,5,23.5849056603774,"Severe desert"
"2263155","LA Raceland CDP, Louisiana","LA",217,96,442.396313364055,"Low availability"
"2263855","LA Red Chute CDP, Louisiana","LA",211,3,14.218009478673,"Severe desert"
"2265150","LA River Ridge CDP, Louisiana","LA",666,50,75.0750750750751,"Severe desert"
"2267250","LA St. Gabriel city, Louisiana","LA",208,22,105.769230769231,"Moderate desert"
"2268300","LA Schriever CDP, Louisiana","LA",422,26,61.6113744075829,"Severe desert"
"2268475","LA Scott city, Louisiana","LA",356,30,84.2696629213483,"Severe desert"
"2269225","LA Shenandoah CDP, Louisiana","LA",576,14,24.3055555555556,"Severe desert"
"2270805","LA Slidell city, Louisiana","LA",551,402,729.582577132486,"Adequate supply"
"2273640","LA Sulphur city, Louisiana","LA",838,119,142.00477326969,"Moderate desert"
"2274340","LA Swartz CDP, Louisiana","LA",206,27,131.067961165049,"Moderate desert"
"2275180","LA Terrytown CDP, Louisiana","LA",374,704,1882.35294117647,"Adequate supply"
"2275425","LA Thibodaux city, Louisiana","LA",479,295,615.866388308977,"Adequate supply"
"2279240","LA Walker town, Louisiana","LA",281,1,3.55871886120996,"Severe desert"
"2280815","LA Westlake city, Louisiana","LA",207,55,265.700483091787,"Low availability"
"2283002","LA Woodmere CDP, Louisiana","LA",332,270,813.253012048193,"Adequate supply"
"2283335","LA Youngsville city, Louisiana","LA",674,7,10.3857566765579,"Severe desert"
"2283405","LA Zachary city, Louisiana","LA",752,26,34.5744680851064,"Severe desert"
"2302060","ME Auburn city, Maine","ME",490,1003,2046.9387755102,"Adequate supply"
"2302795","ME Bangor city, Maine","ME",835,1063,1273.05389221557,"Adequate supply"
"2303355","ME Bath city, Maine","ME",238,511,2147.05882352941,"Adequate supply"
"2304860","ME Biddeford city, Maine","ME",729,607,832.647462277092,"Adequate supply"
"2306925","ME Brewer city, Maine","ME",205,159,775.609756097561,"Adequate supply"
"2308395","ME Brunswick CDP, Maine","ME",487,503,1032.85420944559,"Adequate supply"
"2310320","ME Cape Neddick CDP, Maine","ME",203,2,9.85221674876847,"Severe desert"
"2323200","ME Ellsworth city, Maine","ME",274,237,864.963503649635,"Adequate supply"
"2328205","ME Gorham CDP, Maine","ME",273,98,358.974358974359,"Low availability"
"2336500","ME Kennebunk CDP, Maine","ME",348,73,209.770114942529,"Moderate desert"
"2338740","ME Lewiston city, Maine","ME",789,2079,2634.98098859316,"Adequate supply"
"2355120","ME Old Orchard Beach CDP, Maine","ME",402,338,840.796019900497,"Adequate supply"
"2360545","ME Portland city, Maine","ME",2926,3258,1113.46548188653,"Adequate supply"
"2364675","ME Saco city, Maine","ME",765,341,445.751633986928,"Low availability"
"2365725","ME Sanford city, Maine","ME",583,808,1385.93481989708,"Adequate supply"
"2371990","ME South Portland city, Maine","ME",1098,829,755.009107468124,"Adequate supply"
"2376925","ME Topsham CDP, Maine","ME",246,107,434.959349593496,"Low availability"
"2382105","ME Westbrook city, Maine","ME",763,1205,1579.29226736566,"Adequate supply"
"2400125","MD Aberdeen city, Maryland","MD",609,579,950.738916256158,"Adequate supply"
"2400250","MD Accokeek CDP, Maryland","MD",242,16,66.1157024793389,"Severe desert"
"2400400","MD Adelphi CDP, Maryland","MD",352,13,36.9318181818182,"Severe desert"
"2401600","MD Annapolis city, Maryland","MD",1800,1336,742.222222222222,"Adequate supply"
"2401635","MD Annapolis Neck CDP, Maryland","MD",420,25,59.5238095238095,"Severe desert"
"2401975","MD Arbutus CDP, Maryland","MD",793,98,123.581336696091,"Moderate desert"
"2402275","MD Arnold CDP, Maryland","MD",545,35,64.2201834862385,"Severe desert"
"2402825","MD Aspen Hill CDP, Maryland","MD",1908,811,425.052410901468,"Low availability"
"2403800","MD Ballenger Creek CDP, Maryland","MD",957,289,301.985370950888,"Low availability"
"2404000","MD Baltimore city, Maryland","MD",22715,28740,1265.24323134493,"Adequate supply"
"2404050","MD Baltimore Highlands CDP, Maryland","MD",351,36,102.564102564103,"Moderate desert"
"2405550","MD Bel Air town, Maryland","MD",512,61,119.140625,"Moderate desert"
"2405825","MD Bel Air North CDP, Maryland","MD",955,85,89.0052356020942,"Severe desert"
"2405950","MD Bel Air South CDP, Maryland","MD",2060,517,250.970873786408,"Low availability"
"2406662","MD Bensville CDP, Maryland","MD",436,4,9.1743119266055,"Severe desert"
"2407125","MD Bethesda CDP, Maryland","MD",2738,350,127.830533235939,"Moderate desert"
"2407850","MD Bladensburg town, Maryland","MD",220,277,1259.09090909091,"Adequate supply"
"2408625","MD Boonsboro town, Maryland","MD",208,42,201.923076923077,"Moderate desert"
"2408775","MD Bowie city, Maryland","MD",1748,318,181.922196796339,"Moderate desert"
"2409325","MD Brandywine CDP, Maryland","MD",342,32,93.5672514619883,"Severe desert"
"2410475","MD Brooklyn Park CDP, Maryland","MD",450,156,346.666666666667,"Low availability"
"2410900","MD Brunswick city, Maryland","MD",339,59,174.041297935103,"Moderate desert"
"2412150","MD California CDP, Maryland","MD",340,218,641.176470588235,"Adequate supply"
"2412350","MD Calverton CDP, Maryland","MD",408,77,188.725490196078,"Moderate desert"
"2412600","MD Camp Springs CDP, Maryland","MD",630,99,157.142857142857,"Moderate desert"
"2412912","MD Cape St. Claire CDP, Maryland","MD",266,173,650.375939849624,"Adequate supply"
"2413325","MD Carney CDP, Maryland","MD",645,403,624.806201550388,"Adequate supply"
"2414125","MD Catonsville CDP, Maryland","MD",1359,198,145.695364238411,"Moderate desert"
"2415925","MD Chesapeake Beach town, Maryland","MD",350,27,77.1428571428571,"Severe desert"
"2416625","MD Chevy Chase CDP, Maryland","MD",397,16,40.3022670025189,"Severe desert"
"2416875","MD Chillum CDP, Maryland","MD",803,99,123.287671232877,"Moderate desert"
"2417350","MD Clarksburg CDP, Maryland","MD",700,337,481.428571428571,"Low availability"
"2417900","MD Clinton CDP, Maryland","MD",1409,402,285.308729595458,"Low availability"
"2418150","MD Cloverly CDP, Maryland","MD",321,82,255.451713395639,"Low availability"
"2418250","MD Cockeysville CDP, Maryland","MD",1095,205,187.214611872146,"Moderate desert"
"2418475","MD Colesville CDP, Maryland","MD",322,84,260.869565217391,"Low availability"
"2418750","MD College Park city, Maryland","MD",1648,203,123.179611650485,"Moderate desert"
"2419125","MD Columbia CDP, Maryland","MD",4051,2337,576.894593927425,"Adequate supply"
"2419825","MD Coral Hills CDP, Maryland","MD",539,71,131.725417439703,"Moderate desert"
"2420875","MD Crofton CDP, Maryland","MD",734,47,64.0326975476839,"Severe desert"
"2421475","MD Damascus CDP, Maryland","MD",391,191,488.49104859335,"Low availability"
"2423700","MD Drum Point CDP, Maryland","MD",214,9,42.0560747663551,"Severe desert"
"2423975","MD Dundalk CDP, Maryland","MD",1625,1185,729.230769230769,"Adequate supply"
"2424475","MD Easton town, Maryland","MD",728,355,487.637362637363,"Low availability"
"2424650","MD East Riverdale CDP, Maryland","MD",331,12,36.2537764350453,"Severe desert"
"2424950","MD Edgemere CDP, Maryland","MD",358,17,47.4860335195531,"Severe desert"
"2425050","MD Edgewater CDP, Maryland","MD",247,10,40.4858299595142,"Severe desert"
"2425150","MD Edgewood CDP, Maryland","MD",858,949,1106.06060606061,"Adequate supply"
"2425575","MD Eldersburg CDP, Maryland","MD",959,39,40.667361835245,"Severe desert"
"2425750","MD Elkridge CDP, Maryland","MD",837,207,247.311827956989,"Moderate desert"
"2426000","MD Ellicott City CDP, Maryland","MD",2800,354,126.428571428571,"Moderate desert"
"2426600","MD Essex CDP, Maryland","MD",1288,949,736.801242236025,"Adequate supply"
"2427250","MD Fairland CDP, Maryland","MD",674,736,1091.9881305638,"Adequate supply"
"2427700","MD Fallston CDP, Maryland","MD",365,3,8.21917808219178,"Severe desert"
"2428075","MD Ferndale CDP, Maryland","MD",486,343,705.761316872428,"Adequate supply"
"2428512","MD Flower Hill CDP, Maryland","MD",265,136,513.207547169811,"Adequate supply"
"2428640","MD Forest Glen CDP, Maryland","MD",355,95,267.605633802817,"Low availability"
"2429000","MD Forestville CDP, Maryland","MD",290,155,534.48275862069,"Adequate supply"
"2429525","MD Fort Washington CDP, Maryland","MD",553,43,77.7576853526221,"Severe desert"
"2429790","MD Four Corners CDP, Maryland","MD",326,10,30.6748466257669,"Severe desert"
"2430325","MD Frederick city, Maryland","MD",2383,1493,626.521191775073,"Adequate supply"
"2430575","MD Friendly CDP, Maryland","MD",345,13,37.6811594202899,"Severe desert"
"2430800","MD Friendship Heights Village CDP, Maryland","MD",386,15,38.860103626943,"Severe desert"
"2430900","MD Frostburg city, Maryland","MD",255,145,568.627450980392,"Adequate supply"
"2431175","MD Gaithersburg city, Maryland","MD",2467,768,311.309282529388,"Low availability"
"2431625","MD Garrison CDP, Maryland","MD",222,254,1144.14414414414,"Adequate supply"
"2432025","MD Germantown CDP, Maryland","MD",2438,1380,566.037735849057,"Adequate supply"
"2432350","MD Glassmanor CDP, Maryland","MD",774,95,122.739018087855,"Moderate desert"
"2432650","MD Glen Burnie CDP, Maryland","MD",3037,1409,463.944682252223,"Low availability"
"2433250","MD Glenmont CDP, Maryland","MD",529,98,185.255198487713,"Moderate desert"
"2433400","MD Glenn Dale CDP, Maryland","MD",307,69,224.755700325733,"Moderate desert"
"2434775","MD Greenbelt city, Maryland","MD",1577,441,279.644895370957,"Low availability"
"2436125","MD Halfway CDP, Maryland","MD",318,181,569.182389937107,"Adequate supply"
"2437600","MD Havre de Grace city, Maryland","MD",689,238,345.428156748911,"Low availability"
"2438975","MD Hillcrest Heights CDP, Maryland","MD",557,188,337.522441651706,"Low availability"
"2440200","MD Honeygo CDP, Maryland","MD",427,12,28.1030444964871,"Severe desert"
"2441250","MD Hyattsville city, Maryland","MD",651,206,316.436251920123,"Low availability"
"2441475","MD Ilchester CDP, Maryland","MD",956,107,111.924686192469,"Moderate desert"
"2442875","MD Joppatowne CDP, Maryland","MD",264,97,367.424242424242,"Low availability"
"2443200","MD Kemp Mill CDP, Maryland","MD",776,21,27.0618556701031,"Severe desert"
"2443900","MD Kettering CDP, Maryland","MD",294,87,295.918367346939,"Low availability"
"2444325","MD Kingstown CDP, Maryland","MD",212,1,4.71698113207547,"Severe desert"
"2444350","MD Kingsville CDP, Maryland","MD",249,1,4.01606425702811,"Severe desert"
"2444817","MD Lake Arbor CDP, Maryland","MD",520,263,505.769230769231,"Adequate supply"
"2444975","MD Lake Shore CDP, Maryland","MD",555,16,28.8288288288288,"Severe desert"
"2445325","MD Landover CDP, Maryland","MD",955,337,352.879581151832,"Low availability"
"2445525","MD Langley Park CDP, Maryland","MD",495,11,22.2222222222222,"Severe desert"
"2445550","MD Lanham CDP, Maryland","MD",218,12,55.045871559633,"Severe desert"
"2445650","MD Lansdowne CDP, Maryland","MD",432,551,1275.46296296296,"Adequate supply"
"2445750","MD La Plata town, Maryland","MD",341,156,457.478005865103,"Low availability"
"2445825","MD Largo CDP, Maryland","MD",346,249,719.653179190751,"Adequate supply"
"2445900","MD Laurel city, Maryland","MD",783,174,222.222222222222,"Moderate desert"
"2446375","MD Leisure World CDP, Maryland","MD",339,50,147.492625368732,"Moderate desert"
"2446475","MD Leonardtown town, Maryland","MD",264,239,905.30303030303,"Adequate supply"
"2446725","MD Lexington Park CDP, Maryland","MD",721,670,929.264909847434,"Adequate supply"
"2447040","MD Linganore CDP, Maryland","MD",376,26,69.1489361702128,"Severe desert"
"2447450","MD Lochearn CDP, Maryland","MD",660,325,492.424242424242,"Low availability"
"2448875","MD Lutherville CDP, Maryland","MD",258,3,11.6279069767442,"Severe desert"
"2449950","MD Manchester town, Maryland","MD",228,82,359.649122807018,"Low availability"
"2450775","MD Marlton CDP, Maryland","MD",238,90,378.151260504202,"Low availability"
"2451075","MD Maryland City CDP, Maryland","MD",454,55,121.145374449339,"Moderate desert"
"2451587","MD Mays Chapel CDP, Maryland","MD",616,14,22.7272727272727,"Severe desert"
"2451940","MD Melwood CDP, Maryland","MD",224,17,75.8928571428571,"Severe desert"
"2452300","MD Middle River CDP, Maryland","MD",1060,502,473.584905660377,"Low availability"
"2452562","MD Milford Mill CDP, Maryland","MD",939,523,556.975505857295,"Adequate supply"
"2453325","MD Montgomery Village CDP, Maryland","MD",1065,270,253.521126760563,"Low availability"
"2453875","MD Mount Airy town, Maryland","MD",259,7,27.027027027027,"Severe desert"
"2454275","MD Mount Rainier city, Maryland","MD",311,17,54.6623794212219,"Severe desert"
"2455018","MD National Harbor CDP, Maryland","MD",239,33,138.075313807531,"Moderate desert"
"2455400","MD New Carrollton city, Maryland","MD",294,43,146.258503401361,"Moderate desert"
"2456337","MD North Bethesda CDP, Maryland","MD",1802,542,300.776914539401,"Low availability"
"2456712","MD North Kensington CDP, Maryland","MD",339,129,380.530973451327,"Low availability"
"2456725","MD North Laurel CDP, Maryland","MD",374,70,187.16577540107,"Moderate desert"
"2456875","MD North Potomac CDP, Maryland","MD",882,129,146.258503401361,"Moderate desert"
"2458225","MD Ocean City town, Maryland","MD",262,2,7.63358778625954,"Severe desert"
"2458275","MD Ocean Pines CDP, Maryland","MD",239,2,8.36820083682008,"Severe desert"
"2458300","MD Odenton CDP, Maryland","MD",1304,287,220.092024539877,"Moderate desert"
"2458900","MD Olney CDP, Maryland","MD",1151,148,128.58384013901,"Moderate desert"
"2459325","MD Overlea CDP, Maryland","MD",772,115,148.963730569948,"Moderate desert"
"2459425","MD Owings Mills CDP, Maryland","MD",563,506,898.756660746004,"Adequate supply"
"2459500","MD Oxon Hill CDP, Maryland","MD",534,217,406.367041198502,"Low availability"
"2460275","MD Parkville CDP, Maryland","MD",907,593,653.80374862183,"Adequate supply"
"2460325","MD Parole CDP, Maryland","MD",1058,197,186.200378071834,"Moderate desert"
"2460475","MD Pasadena CDP, Maryland","MD",738,121,163.956639566396,"Moderate desert"
"2460975","MD Perry Hall CDP, Maryland","MD",788,260,329.94923857868,"Low availability"
"2461150","MD Perryville town, Maryland","MD",220,107,486.363636363636,"Low availability"
"2461400","MD Pikesville CDP, Maryland","MD",1294,406,313.755795981453,"Low availability"
"2463300","MD Potomac CDP, Maryland","MD",1742,450,258.323765786452,"Low availability"
"2464000","MD Princess Anne town, Maryland","MD",252,152,603.174603174603,"Adequate supply"
"2464950","MD Randallstown CDP, Maryland","MD",1244,501,402.733118971061,"Low availability"
"2465312","MD Redland CDP, Maryland","MD",423,211,498.817966903073,"Low availability"
"2465600","MD Reisterstown CDP, Maryland","MD",834,743,890.887290167866,"Adequate supply"
"2466635","MD Riverdale Park town, Maryland","MD",234,13,55.5555555555556,"Severe desert"
"2466850","MD Riviera Beach CDP, Maryland","MD",338,32,94.6745562130178,"Severe desert"
"2467675","MD Rockville city, Maryland","MD",2953,716,242.465289536065,"Moderate desert"
"2468300","MD Rosaryville CDP, Maryland","MD",295,38,128.813559322034,"Moderate desert"
"2468400","MD Rosedale CDP, Maryland","MD",869,190,218.642117376295,"Moderate desert"
"2468700","MD Rossville CDP, Maryland","MD",434,403,928.571428571429,"Adequate supply"
"2469925","MD Salisbury city, Maryland","MD",1175,1037,882.553191489362,"Adequate supply"
"2470475","MD Savage CDP, Maryland","MD",420,26,61.9047619047619,"Severe desert"
"2470525","MD Scaggsville CDP, Maryland","MD",204,1,4.90196078431373,"Severe desert"
"2470775","MD Seabrook CDP, Maryland","MD",508,132,259.842519685039,"Low availability"
"2470850","MD Seat Pleasant city, Maryland","MD",405,391,965.432098765432,"Adequate supply"
"2471150","MD Severn CDP, Maryland","MD",1404,724,515.669515669516,"Adequate supply"
"2471200","MD Severna Park CDP, Maryland","MD",1515,38,25.0825082508251,"Severe desert"
"2472350","MD Silver Hill CDP, Maryland","MD",205,209,1019.51219512195,"Adequate supply"
"2472450","MD Silver Spring CDP, Maryland","MD",2336,1448,619.86301369863,"Adequate supply"
"2473600","MD South Kensington CDP, Maryland","MD",316,1,3.16455696202532,"Severe desert"
"2473650","MD South Laurel CDP, Maryland","MD",954,200,209.643605870021,"Moderate desert"
"2475025","MD Stevensville CDP, Maryland","MD",486,11,22.6337448559671,"Severe desert"
"2475725","MD Suitland CDP, Maryland","MD",997,760,762.286860581745,"Adequate supply"
"2475810","MD Summerfield CDP, Maryland","MD",489,87,177.914110429448,"Moderate desert"
"2476650","MD Takoma Park city, Maryland","MD",917,467,509.269356597601,"Adequate supply"
"2476725","MD Taneytown city, Maryland","MD",210,161,766.666666666667,"Adequate supply"
"2477100","MD Temple Hills CDP, Maryland","MD",358,173,483.240223463687,"Low availability"
"2477825","MD Thurmont town, Maryland","MD",287,12,41.8118466898955,"Severe desert"
"2478050","MD Timonium CDP, Maryland","MD",278,139,500,"Adequate supply"
"2478425","MD Towson CDP, Maryland","MD",3244,785,241.985203452528,"Moderate desert"
"2478650","MD Travilah CDP, Maryland","MD",234,8,34.1880341880342,"Severe desert"
"2481175","MD Waldorf CDP, Maryland","MD",2792,1261,451.647564469914,"Low availability"
"2481250","MD Walker Mill CDP, Maryland","MD",215,354,1646.51162790698,"Adequate supply"
"2481275","MD Walkersville town, Maryland","MD",312,21,67.3076923076923,"Severe desert"
"2483100","MD Westminster city, Maryland","MD",534,647,1211.61048689139,"Adequate supply"
"2483290","MD Westphalia CDP, Maryland","MD",354,30,84.7457627118644,"Severe desert"
"2483775","MD Wheaton CDP, Maryland","MD",1687,1104,654.416123295791,"Adequate supply"
"2484350","MD White Marsh CDP, Maryland","MD",385,87,225.974025974026,"Moderate desert"
"2484375","MD White Oak CDP, Maryland","MD",576,526,913.194444444444,"Adequate supply"
"2484784","MD Wildewood CDP, Maryland","MD",291,26,89.3470790378007,"Severe desert"
"2486475","MD Woodlawn CDP, Maryland","MD",1197,611,510.442773600668,"Adequate supply"
"2500135","MA Abington CDP, Massachusetts","MA",856,190,221.96261682243,"Moderate desert"
"2500840","MA Agawam Town city, Massachusetts","MA",851,373,438.307873090482,"Low availability"
"2501260","MA Amesbury Town city, Massachusetts","MA",938,277,295.309168443497,"Low availability"
"2501370","MA Amherst Town city, Massachusetts","MA",938,600,639.658848614073,"Adequate supply"
"2501430","MA Andover CDP, Massachusetts","MA",655,200,305.343511450382,"Low availability"
"2501640","MA Arlington CDP, Massachusetts","MA",2571,562,218.591987553481,"Moderate desert"
"2502690","MA Attleboro city, Massachusetts","MA",1487,461,310.020174848689,"Low availability"
"2503690","MA Barnstable Town city, Massachusetts","MA",1608,815,506.8407960199,"Adequate supply"
"2505105","MA Belmont CDP, Massachusetts","MA",1126,106,94.1385435168739,"Severe desert"
"2505595","MA Beverly city, Massachusetts","MA",2697,1113,412.680756395996,"Low availability"
"2506170","MA Bliss Corner CDP, Massachusetts","MA",220,250,1136.36363636364,"Adequate supply"
"2507000","MA Boston city, Massachusetts","MA",45518,39378,865.108308800914,"Adequate supply"
"2507740","MA Braintree Town city, Massachusetts","MA",1588,809,509.445843828715,"Adequate supply"
"2508130","MA Bridgewater Town city, Massachusetts","MA",583,109,186.96397941681,"Moderate desert"
"2509000","MA Brockton city, Massachusetts","MA",3358,3158,940.440738534842,"Adequate supply"
"2509210","MA Brookline CDP, Massachusetts","MA",3842,1233,320.926600728787,"Low availability"
"2509875","MA Burlington CDP, Massachusetts","MA",1034,206,199.226305609284,"Moderate desert"
"2511000","MA Cambridge city, Massachusetts","MA",7179,6261,872.127037191809,"Adequate supply"
"2513205","MA Chelsea city, Massachusetts","MA",2073,1514,730.342498794018,"Adequate supply"
"2513660","MA Chicopee city, Massachusetts","MA",2819,1391,493.437389145087,"Low availability"
"2514430","MA Clinton CDP, Massachusetts","MA",254,147,578.740157480315,"Adequate supply"
"2514570","MA Cochituate CDP, Massachusetts","MA",209,17,81.3397129186603,"Severe desert"
"2516285","MA Danvers CDP, Massachusetts","MA",881,281,318.955732122588,"Low availability"
"2516530","MA Dedham CDP, Massachusetts","MA",1475,379,256.949152542373,"Low availability"
"2519370","MA Easthampton Town city, Massachusetts","MA",499,218,436.87374749499,"Low availability"
"2520380","MA East Sandwich CDP, Massachusetts","MA",349,10,28.6532951289398,"Severe desert"
"2521990","MA Everett city, Massachusetts","MA",1796,855,476.057906458797,"Low availability"
"2523000","MA Fall River city, Massachusetts","MA",3295,3274,993.626707132018,"Adequate supply"
"2523070","MA Falmouth CDP, Massachusetts","MA",412,207,502.427184466019,"Adequate supply"
"2523875","MA Fitchburg city, Massachusetts","MA",1549,897,579.083279535184,"Adequate supply"
"2524855","MA Foxborough CDP, Massachusetts","MA",315,137,434.920634920635,"Low availability"
"2524960","MA Framingham city, Massachusetts","MA",3008,1873,622.672872340426,"Adequate supply"
"2525172","MA Franklin Town city, Massachusetts","MA",1366,313,229.13616398243,"Moderate desert"
"2525485","MA Gardner city, Massachusetts","MA",389,547,1406.16966580977,"Adequate supply"
"2526150","MA Gloucester city, Massachusetts","MA",1506,641,425.630810092961,"Low availability"
"2527060","MA Greenfield city, Massachusetts","MA",516,966,1872.09302325581,"Adequate supply"
"2529405","MA Haverhill city, Massachusetts","MA",2693,1604,595.61826958782,"Adequate supply"
"2530175","MA Hingham CDP, Massachusetts","MA",469,71,151.38592750533,"Moderate desert"
"2530420","MA Holbrook CDP, Massachusetts","MA",568,326,573.943661971831,"Adequate supply"
"2530840","MA Holyoke city, Massachusetts","MA",1226,2565,2092.16965742251,"Adequate supply"
"2531050","MA Hopkinton CDP, Massachusetts","MA",215,28,130.232558139535,"Moderate desert"
"2531575","MA Hudson CDP, Massachusetts","MA",536,206,384.328358208955,"Low availability"
"2531680","MA Hull CDP, Massachusetts","MA",549,110,200.364298724954,"Moderate desert"
"2532275","MA Ipswich CDP, Massachusetts","MA",227,64,281.938325991189,"Low availability"
"2533185","MA Kingston CDP, Massachusetts","MA",271,40,147.60147601476,"Moderate desert"
"2534550","MA Lawrence city, Massachusetts","MA",1526,3257,2134.33813892529,"Adequate supply"
"2535075","MA Leominster city, Massachusetts","MA",1153,909,788.378143972246,"Adequate supply"
"2535250","MA Lexington CDP, Massachusetts","MA",1443,154,106.722106722107,"Moderate desert"
"2536335","MA Longmeadow CDP, Massachusetts","MA",782,209,267.263427109974,"Low availability"
"2537000","MA Lowell city, Massachusetts","MA",4656,4105,881.658075601375,"Adequate supply"
"2537490","MA Lynn city, Massachusetts","MA",4580,5186,1132.31441048035,"Adequate supply"
"2537595","MA Lynnfield CDP, Massachusetts","MA",738,61,82.6558265582656,"Severe desert"
"2537875","MA Malden city, Massachusetts","MA",2803,1537,548.341063146629,"Adequate supply"
"2538435","MA Marblehead CDP, Massachusetts","MA",986,35,35.4969574036511,"Severe desert"
"2538715","MA Marlborough city, Massachusetts","MA",1470,794,540.136054421769,"Adequate supply"
"2539660","MA Maynard CDP, Massachusetts","MA",632,250,395.569620253165,"Low availability"
"2539730","MA Medfield CDP, Massachusetts","MA",332,91,274.096385542169,"Low availability"
"2539835","MA Medford city, Massachusetts","MA",3337,934,279.892118669464,"Low availability"
"2540115","MA Melrose city, Massachusetts","MA",1496,645,431.149732620321,"Low availability"
"2540710","MA Methuen Town city, Massachusetts","MA",2379,678,284.99369482976,"Low availability"
"2540885","MA Middleborough Center CDP, Massachusetts","MA",215,224,1041.86046511628,"Adequate supply"
"2541200","MA Milford CDP, Massachusetts","MA",838,116,138.424821002387,"Moderate desert"
"2541725","MA Milton CDP, Massachusetts","MA",1268,384,302.839116719243,"Low availability"
"2544140","MA Needham CDP, Massachusetts","MA",1625,198,121.846153846154,"Moderate desert"
"2545000","MA New Bedford city, Massachusetts","MA",3040,3429,1127.96052631579,"Adequate supply"
"2545245","MA Newburyport city, Massachusetts","MA",1128,300,265.957446808511,"Low availability"
"2545560","MA Newton city, Massachusetts","MA",3949,806,204.102304380856,"Moderate desert"
"2546330","MA Northampton city, Massachusetts","MA",1039,583,561.11645813282,"Adequate supply"
"2546598","MA North Attleborough Town city, Massachusetts","MA",1269,82,64.6178092986604,"Severe desert"
"2546785","MA Northborough CDP, Massachusetts","MA",347,6,17.2910662824208,"Severe desert"
"2548710","MA North Pembroke CDP, Massachusetts","MA",409,44,107.579462102689,"Moderate desert"
"2548780","MA North Plymouth CDP, Massachusetts","MA",376,159,422.872340425532,"Low availability"
"2549165","MA North Scituate CDP, Massachusetts","MA",258,10,38.7596899224806,"Severe desert"
"2550285","MA Norwood CDP, Massachusetts","MA",1075,821,763.720930232558,"Adequate supply"
"2550862","MA Ocean Bluff-Brant Rock CDP, Massachusetts","MA",231,42,181.818181818182,"Moderate desert"
"2551790","MA Oxford CDP, Massachusetts","MA",252,15,59.5238095238095,"Severe desert"
"2552144","MA Palmer Town city, Massachusetts","MA",463,204,440.60475161987,"Low availability"
"2552490","MA Peabody city, Massachusetts","MA",2052,1212,590.643274853801,"Adequate supply"
"2553680","MA Pinehurst CDP, Massachusetts","MA",241,4,16.597510373444,"Severe desert"
"2553960","MA Pittsfield city, Massachusetts","MA",1750,1595,911.428571428571,"Adequate supply"
"2554275","MA Plymouth CDP, Massachusetts","MA",272,405,1488.97058823529,"Adequate supply"
"2555535","MA Provincetown CDP, Massachusetts","MA",405,43,106.172839506173,"Moderate desert"
"2555745","MA Quincy city, Massachusetts","MA",5396,3512,650.852483320978,"Adequate supply"
"2556000","MA Randolph Town city, Massachusetts","MA",1493,1294,866.711319490958,"Adequate supply"
"2556095","MA Raynham Center CDP, Massachusetts","MA",264,46,174.242424242424,"Moderate desert"
"2556165","MA Reading CDP, Massachusetts","MA",1234,308,249.594813614263,"Moderate desert"
"2556585","MA Revere city, Massachusetts","MA",2274,1443,634.564643799472,"Adequate supply"
"2559105","MA Salem city, Massachusetts","MA",2362,2606,1103.30228619814,"Adequate supply"
"2559210","MA Salisbury CDP, Massachusetts","MA",286,76,265.734265734266,"Low availability"
"2560050","MA Saugus CDP, Massachusetts","MA",1418,467,329.337094499295,"Low availability"
"2560295","MA Scituate CDP, Massachusetts","MA",417,73,175.059952038369,"Moderate desert"
"2562465","MA Somerset CDP, Massachusetts","MA",728,35,48.0769230769231,"Severe desert"
"2562535","MA Somerville city, Massachusetts","MA",4806,1826,379.941739492301,"Low availability"
"2563345","MA Southbridge Town city, Massachusetts","MA",513,632,1231.96881091618,"Adequate supply"
"2566035","MA South Yarmouth CDP, Massachusetts","MA",327,306,935.779816513761,"Adequate supply"
"2567000","MA Springfield city, Massachusetts","MA",4288,10081,2350.97947761194,"Adequate supply"
"2567700","MA Stoneham CDP, Massachusetts","MA",977,289,295.803480040942,"Low availability"
"2568680","MA Swampscott CDP, Massachusetts","MA",1102,139,126.134301270417,"Moderate desert"
"2569170","MA Taunton city, Massachusetts","MA",1940,1459,752.061855670103,"Adequate supply"
"2569585","MA The Pinehills CDP, Massachusetts","MA",298,37,124.161073825503,"Moderate desert"
"2572250","MA Wakefield CDP, Massachusetts","MA",1151,360,312.771503040834,"Low availability"
"2572460","MA Walpole CDP, Massachusetts","MA",318,50,157.232704402516,"Moderate desert"
"2572600","MA Waltham city, Massachusetts","MA",2633,850,322.825674135967,"Low availability"
"2573440","MA Watertown Town city, Massachusetts","MA",1791,431,240.647682858738,"Moderate desert"
"2573930","MA Webster CDP, Massachusetts","MA",257,498,1937.74319066148,"Adequate supply"
"2574210","MA Wellesley CDP, Massachusetts","MA",1051,184,175.071360608944,"Moderate desert"
"2575680","MA West Concord CDP, Massachusetts","MA",245,51,208.163265306122,"Moderate desert"
"2576030","MA Westfield city, Massachusetts","MA",1350,715,529.62962962963,"Adequate supply"
"2577890","MA West Springfield Town city, Massachusetts","MA",1052,348,330.798479087452,"Low availability"
"2578972","MA Weymouth Town city, Massachusetts","MA",3205,1265,394.695787831513,"Low availability"
"2579495","MA Whitinsville CDP, Massachusetts","MA",260,111,426.923076923077,"Low availability"
"2580195","MA Wilmington CDP, Massachusetts","MA",661,86,130.105900151286,"Moderate desert"
"2580545","MA Winchester CDP, Massachusetts","MA",1032,96,93.0232558139535,"Severe desert"
"2581005","MA Winthrop Town city, Massachusetts","MA",974,154,158.110882956879,"Moderate desert"
"2581035","MA Woburn city, Massachusetts","MA",1397,591,423.049391553329,"Low availability"
"2582000","MA Worcester city, Massachusetts","MA",10495,7556,719.961886612673,"Adequate supply"
"2582595","MA Yarmouth Port CDP, Massachusetts","MA",208,20,96.1538461538462,"Severe desert"
"2601340","MI Allendale CDP, Michigan","MI",981,29,29.5616717635066,"Severe desert"
"2601380","MI Allen Park city, Michigan","MI",643,24,37.3250388802488,"Severe desert"
"2603000","MI Ann Arbor city, Michigan","MI",6403,1934,302.045915976886,"Low availability"
"2604105","MI Auburn Hills city, Michigan","MI",870,102,117.241379310345,"Moderate desert"
"2605920","MI Battle Creek city, Michigan","MI",1067,1231,1153.70196813496,"Adequate supply"
"2607660","MI Berkley city, Michigan","MI",500,18,36,"Severe desert"
"2608640","MI Birmingham city, Michigan","MI",1296,15,11.5740740740741,"Severe desert"
"2610620","MI Brighton city, Michigan","MI",249,89,357.429718875502,"Low availability"
"2612060","MI Burton city, Michigan","MI",863,361,418.308227114716,"Low availability"
"2612320","MI Cadillac city, Michigan","MI",208,391,1879.80769230769,"Adequate supply"
"2614820","MI Charlotte city, Michigan","MI",239,186,778.242677824268,"Adequate supply"
"2616160","MI Clawson city, Michigan","MI",368,249,676.630434782609,"Adequate supply"
"2617020","MI Coldwater city, Michigan","MI",284,218,767.605633802817,"Adequate supply"
"2619500","MI Cutlerville CDP, Michigan","MI",276,117,423.913043478261,"Low availability"
"2621000","MI Dearborn city, Michigan","MI",2594,659,254.047802621434,"Low availability"
"2621020","MI Dearborn Heights city, Michigan","MI",1605,524,326.479750778816,"Low availability"
"2624290","MI Eastpointe city, Michigan","MI",1145,671,586.026200873362,"Adequate supply"
"2627160","MI Fair Plain CDP, Michigan","MI",280,75,267.857142857143,"Low availability"
"2627380","MI Farmington city, Michigan","MI",236,161,682.203389830508,"Adequate supply"
"2627440","MI Farmington Hills city, Michigan","MI",3914,317,80.9913132345427,"Severe desert"
"2627760","MI Fenton city, Michigan","MI",233,155,665.236051502146,"Adequate supply"
"2627880","MI Ferndale city, Michigan","MI",966,94,97.3084886128364,"Severe desert"
"2628360","MI Flat Rock city, Michigan","MI",363,398,1096.41873278237,"Adequate supply"
"2629200","MI Flushing city, Michigan","MI",224,133,593.75,"Adequate supply"
"2629580","MI Forest Hills CDP, Michigan","MI",669,45,67.2645739910314,"Severe desert"
"2630420","MI Fraser city, Michigan","MI",207,480,2318.84057971014,"Adequate supply"
"2631420","MI Garden City city, Michigan","MI",575,251,436.521739130435,"Low availability"
"2633280","MI Grand Blanc city, Michigan","MI",203,42,206.896551724138,"Moderate desert"
"2633340","MI Grand Haven city, Michigan","MI",465,145,311.827956989247,"Low availability"
"2634000","MI Grand Rapids city, Michigan","MI",4740,6663,1405.69620253165,"Adequate supply"
"2634160","MI Grandville city, Michigan","MI",302,204,675.496688741722,"Adequate supply"
"2635540","MI Grosse Pointe Park city, Michigan","MI",427,3,7.02576112412178,"Severe desert"
"2635580","MI Grosse Pointe Woods city, Michigan","MI",638,4,6.26959247648903,"Severe desert"
"2636700","MI Harper Woods city, Michigan","MI",291,427,1467.35395189003,"Adequate supply"
"2637100","MI Haslett CDP, Michigan","MI",862,605,701.856148491879,"Adequate supply"
"2637420","MI Hazel Park city, Michigan","MI",214,388,1813.08411214953,"Adequate supply"
"2638640","MI Holland city, Michigan","MI",695,662,952.517985611511,"Adequate supply"
"2638780","MI Holt CDP, Michigan","MI",911,349,383.095499451153,"Low availability"
"2640860","MI Ionia city, Michigan","MI",236,43,182.203389830508,"Moderate desert"
"2641680","MI Jenison CDP, Michigan","MI",291,5,17.1821305841924,"Severe desert"
"2642820","MI Kentwood city, Michigan","MI",1264,1277,1010.28481012658,"Adequate supply"
"2645420","MI Lambertville CDP, Michigan","MI",307,1,3.25732899022801,"Severe desert"
"2646000","MI Lansing city, Michigan","MI",3642,4725,1297.36408566722,"Adequate supply"
"2646040","MI Lapeer city, Michigan","MI",353,576,1631.72804532578,"Adequate supply"
"2647800","MI Lincoln Park city, Michigan","MI",1007,401,398.212512413108,"Low availability"
"2649000","MI Livonia city, Michigan","MI",2405,396,164.656964656965,"Moderate desert"
"2650560","MI Madison Heights city, Michigan","MI",1159,630,543.572044866264,"Adequate supply"
"2651900","MI Marquette city, Michigan","MI",692,621,897.398843930636,"Adequate supply"
"2652080","MI Marysville city, Michigan","MI",257,17,66.147859922179,"Severe desert"
"2653780","MI Midland city, Michigan","MI",1650,879,532.727272727273,"Adequate supply"
"2653920","MI Milan city, Michigan","MI",269,46,171.003717472119,"Moderate desert"
"2653960","MI Milford village, Michigan","MI",258,132,511.627906976744,"Adequate supply"
"2655020","MI Monroe city, Michigan","MI",731,516,705.882352941176,"Adequate supply"
"2655820","MI Mount Clemens city, Michigan","MI",346,643,1858.38150289017,"Adequate supply"
"2656860","MI Negaunee city, Michigan","MI",212,12,56.6037735849057,"Severe desert"
"2657100","MI New Baltimore city, Michigan","MI",261,127,486.590038314176,"Low availability"
"2657380","MI New Haven village, Michigan","MI",319,28,87.7742946708464,"Severe desert"
"2658945","MI Northview CDP, Michigan","MI",201,137,681.592039800995,"Adequate supply"
"2658980","MI Northville city, Michigan","MI",236,12,50.8474576271187,"Severe desert"
"2659140","MI Norton Shores city, Michigan","MI",469,38,81.0234541577825,"Severe desert"
"2659440","MI Novi city, Michigan","MI",1849,10,5.40832882639265,"Severe desert"
"2659920","MI Oak Park city, Michigan","MI",534,747,1398.87640449438,"Adequate supply"
"2660340","MI Okemos CDP, Michigan","MI",1062,88,82.8625235404896,"Severe desert"
"2661940","MI Owosso city, Michigan","MI",216,332,1537.03703703704,"Adequate supply"
"2662020","MI Oxford village, Michigan","MI",209,9,43.0622009569378,"Severe desert"
"2663820","MI Petoskey city, Michigan","MI",213,139,652.582159624413,"Adequate supply"
"2665060","MI Plymouth city, Michigan","MI",258,113,437.984496124031,"Low availability"
"2665560","MI Portage city, Michigan","MI",1245,414,332.530120481928,"Low availability"
"2668880","MI Riverview city, Michigan","MI",330,258,781.818181818182,"Adequate supply"
"2669020","MI Rochester city, Michigan","MI",330,22,66.6666666666667,"Severe desert"
"2669035","MI Rochester Hills city, Michigan","MI",2555,369,144.422700587084,"Moderate desert"
"2669080","MI Rockford city, Michigan","MI",369,158,428.184281842818,"Low availability"
"2669420","MI Romulus city, Michigan","MI",840,780,928.571428571429,"Adequate supply"
"2669800","MI Roseville city, Michigan","MI",1066,769,721.388367729831,"Adequate supply"
"2670040","MI Royal Oak city, Michigan","MI",2063,402,194.861851672322,"Moderate desert"
"2670680","MI St. Clair city, Michigan","MI",201,19,94.5273631840796,"Severe desert"
"2670760","MI St. Clair Shores city, Michigan","MI",1651,95,57.5408843125379,"Severe desert"
"2670960","MI St. Joseph city, Michigan","MI",384,2,5.20833333333333,"Severe desert"
"2671140","MI Saline city, Michigan","MI",328,57,173.780487804878,"Moderate desert"
"2671740","MI Sault Ste. Marie city, Michigan","MI",294,316,1074.82993197279,"Adequate supply"
"2673560","MI Shields CDP, Michigan","MI",201,12,59.7014925373134,"Severe desert"
"2674900","MI Southfield city, Michigan","MI",1986,1254,631.419939577039,"Adequate supply"
"2674960","MI Southgate city, Michigan","MI",465,406,873.118279569892,"Adequate supply"
"2675100","MI South Lyon city, Michigan","MI",475,17,35.7894736842105,"Severe desert"
"2676460","MI Sterling Heights city, Michigan","MI",3646,1080,296.215030170049,"Low availability"
"2677700","MI Swartz Creek city, Michigan","MI",246,154,626.016260162602,"Adequate supply"
"2679000","MI Taylor city, Michigan","MI",1516,1291,851.583113456464,"Adequate supply"
"2680340","MI Traverse City city, Michigan","MI",583,378,648.370497427101,"Adequate supply"
"2680420","MI Trenton city, Michigan","MI",544,240,441.176470588235,"Low availability"
"2680700","MI Troy city, Michigan","MI",3630,705,194.214876033058,"Moderate desert"
"2682960","MI Walker city, Michigan","MI",431,202,468.677494199536,"Low availability"
"2683060","MI Walled Lake city, Michigan","MI",232,259,1116.37931034483,"Adequate supply"
"2684000","MI Warren city, Michigan","MI",2477,1314,530.480419862737,"Adequate supply"
"2684800","MI Waverly CDP, Michigan","MI",853,351,411.488862837046,"Low availability"
"2684940","MI Wayne city, Michigan","MI",352,415,1178.97727272727,"Adequate supply"
"2686000","MI Westland city, Michigan","MI",1974,1414,716.312056737589,"Adequate supply"
"2688140","MI Wixom city, Michigan","MI",596,74,124.161073825503,"Moderate desert"
"2688380","MI Woodhaven city, Michigan","MI",302,16,52.9801324503311,"Severe desert"
"2688480","MI Woodland Beach CDP, Michigan","MI",260,1,3.84615384615385,"Severe desert"
"2688900","MI Wyandotte city, Michigan","MI",857,154,179.696616102684,"Moderate desert"
"2688940","MI Wyoming city, Michigan","MI",1791,1109,619.207146845338,"Adequate supply"
"2700694","MN Albert Lea city, Minnesota","MN",424,422,995.283018867925,"Adequate supply"
"2700928","MN Alexandria city, Minnesota","MN",243,376,1547.32510288066,"Adequate supply"
"2701486","MN Andover city, Minnesota","MN",627,52,82.9346092503987,"Severe desert"
"2701720","MN Anoka city, Minnesota","MN",472,392,830.508474576271,"Adequate supply"
"2701900","MN Apple Valley city, Minnesota","MN",1013,467,461.006910167818,"Low availability"
"2702026","MN Arden Hills city, Minnesota","MN",237,4,16.8776371308017,"Severe desert"
"2702908","MN Austin city, Minnesota","MN",350,297,848.571428571429,"Adequate supply"
"2704042","MN Baxter city, Minnesota","MN",227,68,299.559471365639,"Low availability"
"2704618","MN Becker city, Minnesota","MN",208,21,100.961538461538,"Moderate desert"
"2705068","MN Bemidji city, Minnesota","MN",295,384,1301.69491525424,"Adequate supply"
"2705752","MN Big Lake city, Minnesota","MN",202,21,103.960396039604,"Moderate desert"
"2706382","MN Blaine city, Minnesota","MN",1653,342,206.896551724138,"Moderate desert"
"2706616","MN Bloomington city, Minnesota","MN",3094,1126,363.930187459599,"Low availability"
"2707300","MN Brainerd city, Minnesota","MN",296,339,1145.27027027027,"Adequate supply"
"2707948","MN Brooklyn Center city, Minnesota","MN",1082,514,475.046210720887,"Low availability"
"2707966","MN Brooklyn Park city, Minnesota","MN",2468,905,366.693679092382,"Low availability"
"2708452","MN Buffalo city, Minnesota","MN",407,153,375.921375921376,"Low availability"
"2708794","MN Burnsville city, Minnesota","MN",1674,792,473.118279569892,"Low availability"
"2709154","MN Byron city, Minnesota","MN",344,8,23.2558139534884,"Severe desert"
"2709370","MN Cambridge city, Minnesota","MN",363,116,319.559228650138,"Low availability"
"2710846","MN Champlin city, Minnesota","MN",663,98,147.812971342383,"Moderate desert"
"2710918","MN Chanhassen city, Minnesota","MN",796,56,70.3517587939699,"Severe desert"
"2710972","MN Chaska city, Minnesota","MN",709,367,517.630465444288,"Adequate supply"
"2711350","MN Chisago City city, Minnesota","MN",241,71,294.605809128631,"Low availability"
"2712700","MN Columbia Heights city, Minnesota","MN",708,444,627.118644067797,"Adequate supply"
"2713114","MN Coon Rapids city, Minnesota","MN",1489,746,501.007387508395,"Adequate supply"
"2713456","MN Cottage Grove city, Minnesota","MN",797,75,94.1028858218319,"Severe desert"
"2713870","MN Crookston city, Minnesota","MN",270,287,1062.96296296296,"Adequate supply"
"2714158","MN Crystal city, Minnesota","MN",699,66,94.4206008583691,"Severe desert"
"2715454","MN Delano city, Minnesota","MN",368,4,10.8695652173913,"Severe desert"
"2715832","MN Detroit Lakes city, Minnesota","MN",273,342,1252.74725274725,"Adequate supply"
"2715976","MN Dilworth city, Minnesota","MN",272,127,466.911764705882,"Low availability"
"2717000","MN Duluth city, Minnesota","MN",2235,3179,1422.37136465324,"Adequate supply"
"2717288","MN Eagan city, Minnesota","MN",1914,465,242.94670846395,"Moderate desert"
"2717612","MN East Grand Forks city, Minnesota","MN",282,538,1907.80141843972,"Adequate supply"
"2718116","MN Eden Prairie city, Minnesota","MN",1890,713,377.248677248677,"Low availability"
"2718188","MN Edina city, Minnesota","MN",2496,688,275.641025641026,"Low availability"
"2718674","MN Elk River city, Minnesota","MN",413,144,348.668280871671,"Low availability"
"2720546","MN Faribault city, Minnesota","MN",478,546,1142.25941422594,"Adequate supply"
"2720618","MN Farmington city, Minnesota","MN",596,127,213.087248322148,"Moderate desert"
"2720906","MN Fergus Falls city, Minnesota","MN",420,472,1123.80952380952,"Adequate supply"
"2721770","MN Forest Lake city, Minnesota","MN",432,181,418.981481481481,"Low availability"
"2722814","MN Fridley city, Minnesota","MN",494,328,663.967611336032,"Adequate supply"
"2724308","MN Golden Valley city, Minnesota","MN",892,330,369.955156950673,"Low availability"
"2725118","MN Grand Rapids city, Minnesota","MN",365,368,1008.21917808219,"Adequate supply"
"2726738","MN Ham Lake city, Minnesota","MN",390,6,15.3846153846154,"Severe desert"
"2727530","MN Hastings city, Minnesota","MN",664,259,390.060240963855,"Low availability"
"2728790","MN Hibbing city, Minnesota","MN",501,625,1247.50499001996,"Adequate supply"
"2730140","MN Hopkins city, Minnesota","MN",596,483,810.402684563758,"Adequate supply"
"2730644","MN Hutchinson city, Minnesota","MN",485,333,686.59793814433,"Adequate supply"
"2731076","MN Inver Grove Heights city, Minnesota","MN",1160,292,251.724137931034,"Low availability"
"2735180","MN Lakeville city, Minnesota","MN",1940,243,125.257731958763,"Moderate desert"
"2736746","MN Le Sueur city, Minnesota","MN",283,129,455.83038869258,"Low availability"
"2737322","MN Lino Lakes city, Minnesota","MN",622,45,72.3472668810289,"Severe desert"
"2737502","MN Little Canada city, Minnesota","MN",538,131,243.494423791822,"Moderate desert"
"2739428","MN Mahtomedi city, Minnesota","MN",282,129,457.446808510638,"Low availability"
"2739878","MN Mankato city, Minnesota","MN",1239,1020,823.244552058111,"Adequate supply"
"2740166","MN Maple Grove city, Minnesota","MN",1811,373,205.963556046383,"Moderate desert"
"2740382","MN Maplewood city, Minnesota","MN",1226,679,553.833605220228,"Adequate supply"
"2740688","MN Marshall city, Minnesota","MN",487,273,560.574948665298,"Adequate supply"
"2741480","MN Medina city, Minnesota","MN",287,6,20.9059233449477,"Severe desert"
"2741696","MN Mendota Heights city, Minnesota","MN",322,42,130.434782608696,"Moderate desert"
"2743000","MN Minneapolis city, Minnesota","MN",18063,11711,648.341914410674,"Adequate supply"
"2743252","MN Minnetonka city, Minnesota","MN",1891,599,316.763617133792,"Low availability"
"2743720","MN Montevideo city, Minnesota","MN",220,137,622.727272727273,"Adequate supply"
"2743774","MN Monticello city, Minnesota","MN",316,84,265.822784810127,"Low availability"
"2743864","MN Moorhead city, Minnesota","MN",1983,1068,538.57791225416,"Adequate supply"
"2744476","MN Mound city, Minnesota","MN",649,91,140.215716486903,"Moderate desert"
"2744530","MN Mounds View city, Minnesota","MN",344,121,351.744186046512,"Low availability"
"2745430","MN New Brighton city, Minnesota","MN",581,269,462.994836488812,"Low availability"
"2745628","MN New Hope city, Minnesota","MN",892,411,460.762331838565,"Low availability"
"2745808","MN New Prague city, Minnesota","MN",250,87,348,"Low availability"
"2746042","MN New Ulm city, Minnesota","MN",270,203,751.851851851852,"Adequate supply"
"2746798","MN North Branch city, Minnesota","MN",348,74,212.64367816092,"Moderate desert"
"2746924","MN Northfield city, Minnesota","MN",510,365,715.686274509804,"Adequate supply"
"2747068","MN North Mankato city, Minnesota","MN",377,196,519.893899204244,"Adequate supply"
"2747221","MN North St. Paul city, Minnesota","MN",314,241,767.515923566879,"Adequate supply"
"2747680","MN Oakdale city, Minnesota","MN",813,308,378.843788437884,"Low availability"
"2747914","MN Oak Park Heights city, Minnesota","MN",242,121,500,"Adequate supply"
"2748580","MN Orono city, Minnesota","MN",391,12,30.690537084399,"Severe desert"
"2749300","MN Owatonna city, Minnesota","MN",685,379,553.284671532847,"Adequate supply"
"2751730","MN Plymouth city, Minnesota","MN",2904,377,129.820936639118,"Moderate desert"
"2752594","MN Prior Lake city, Minnesota","MN",671,136,202.682563338301,"Moderate desert"
"2753026","MN Ramsey city, Minnesota","MN",511,59,115.45988258317,"Moderate desert"
"2753620","MN Red Wing city, Minnesota","MN",365,382,1046.57534246575,"Adequate supply"
"2754214","MN Richfield city, Minnesota","MN",1388,439,316.28242074928,"Low availability"
"2754808","MN Robbinsdale city, Minnesota","MN",858,336,391.608391608392,"Low availability"
"2754880","MN Rochester city, Minnesota","MN",4146,1663,401.109503135552,"Low availability"
"2755186","MN Rogers city, Minnesota","MN",423,31,73.2860520094563,"Severe desert"
"2755726","MN Rosemount city, Minnesota","MN",592,165,278.716216216216,"Low availability"
"2755852","MN Roseville city, Minnesota","MN",1110,749,674.774774774775,"Adequate supply"
"2756680","MN St. Anthony city, Minnesota","MN",296,89,300.675675675676,"Low availability"
"2756896","MN St. Cloud city, Minnesota","MN",1270,1335,1051.1811023622,"Adequate supply"
"2757220","MN St. Louis Park city, Minnesota","MN",2102,716,340.627973358706,"Low availability"
"2757346","MN St. Michael city, Minnesota","MN",474,20,42.1940928270042,"Severe desert"
"2758000","MN St. Paul city, Minnesota","MN",11033,12182,1104.14211909725,"Adequate supply"
"2758036","MN St. Peter city, Minnesota","MN",250,268,1072,"Adequate supply"
"2758612","MN Sartell city, Minnesota","MN",619,31,50.0807754442649,"Severe desert"
"2758684","MN Sauk Rapids city, Minnesota","MN",339,192,566.371681415929,"Adequate supply"
"2758738","MN Savage city, Minnesota","MN",772,146,189.119170984456,"Moderate desert"
"2759350","MN Shakopee city, Minnesota","MN",1017,373,366.764995083579,"Low availability"
"2759998","MN Shoreview city, Minnesota","MN",625,102,163.2,"Moderate desert"
"2761492","MN South St. Paul city, Minnesota","MN",844,230,272.511848341232,"Low availability"
"2761996","MN Spring Lake Park city, Minnesota","MN",222,143,644.144144144144,"Adequate supply"
"2762824","MN Stillwater city, Minnesota","MN",812,279,343.5960591133,"Low availability"
"2766460","MN Vadnais Heights city, Minnesota","MN",333,77,231.231231231231,"Moderate desert"
"2767036","MN Victoria city, Minnesota","MN",222,4,18.018018018018,"Severe desert"
"2767432","MN Waconia city, Minnesota","MN",370,117,316.216216216216,"Low availability"
"2768818","MN Wayzata city, Minnesota","MN",328,85,259.146341463415,"Low availability"
"2769700","MN West St. Paul city, Minnesota","MN",754,604,801.06100795756,"Adequate supply"
"2769970","MN White Bear Lake city, Minnesota","MN",517,240,464.2166344294,"Low availability"
"2770420","MN Willmar city, Minnesota","MN",573,467,815.00872600349,"Adequate supply"
"2771032","MN Winona city, Minnesota","MN",578,434,750.865051903114,"Adequate supply"
"2771428","MN Woodbury city, Minnesota","MN",2215,96,43.3408577878104,"Severe desert"
"2771734","MN Worthington city, Minnesota","MN",241,173,717.842323651452,"Adequate supply"
"2772328","MN Zumbrota city, Minnesota","MN",212,55,259.433962264151,"Low availability"
"2803980","MS Bay St. Louis city, Mississippi","MS",349,303,868.194842406877,"Adequate supply"
"2806220","MS Biloxi city, Mississippi","MS",1173,2450,2088.66155157715,"Adequate supply"
"2807780","MS Booneville city, Mississippi","MS",236,77,326.271186440678,"Low availability"
"2808300","MS Brandon city, Mississippi","MS",611,29,47.4631751227496,"Severe desert"
"2810140","MS Byram city, Mississippi","MS",296,27,91.2162162162162,"Severe desert"
"2814420","MS Clinton city, Mississippi","MS",738,214,289.972899728997,"Low availability"
"2819100","MS Diamondhead city, Mississippi","MS",267,2,7.49063670411985,"Severe desert"
"2819180","MS D'Iberville city, Mississippi","MS",224,242,1080.35714285714,"Adequate supply"
"2825100","MS Flowood city, Mississippi","MS",487,2,4.10677618069815,"Severe desert"
"2826860","MS Gautier city, Mississippi","MS",394,570,1446.70050761421,"Adequate supply"
"2829620","MS Gulf Hills CDP, Mississippi","MS",235,83,353.191489361702,"Low availability"
"2831780","MS Hernando city, Mississippi","MS",615,96,156.09756097561,"Moderate desert"
"2833700","MS Horn Lake city, Mississippi","MS",576,179,310.763888888889,"Low availability"
"2841680","MS Long Beach city, Mississippi","MS",443,299,674.943566591422,"Adequate supply"
"2844520","MS Madison city, Mississippi","MS",452,26,57.5221238938053,"Severe desert"
"2853520","MS Ocean Springs city, Mississippi","MS",605,319,527.272727272727,"Adequate supply"
"2854040","MS Olive Branch city, Mississippi","MS",989,111,112.234580384227,"Moderate desert"
"2854840","MS Oxford city, Mississippi","MS",1185,73,61.6033755274262,"Severe desert"
"2855760","MS Pearl city, Mississippi","MS",295,346,1172.8813559322,"Adequate supply"
"2856800","MS Petal city, Mississippi","MS",332,66,198.795180722892,"Moderate desert"
"2862400","MS Richland city, Mississippi","MS",304,63,207.236842105263,"Moderate desert"
"2862520","MS Ridgeland city, Mississippi","MS",372,86,231.182795698925,"Moderate desert"
"2869280","MS Southaven city, Mississippi","MS",1103,438,397.098821396192,"Low availability"
"2874840","MS Tupelo city, Mississippi","MS",873,1239,1419.2439862543,"Adequate supply"
"2900280","MO Affton CDP, Missouri","MO",576,59,102.430555555556,"Moderate desert"
"2901972","MO Arnold city, Missouri","MO",435,58,133.333333333333,"Moderate desert"
"2903160","MO Ballwin city, Missouri","MO",1225,5,4.08163265306122,"Severe desert"
"2904384","MO Belton city, Missouri","MO",530,429,809.433962264151,"Adequate supply"
"2906652","MO Blue Springs city, Missouri","MO",1414,472,333.804809052334,"Low availability"
"2907966","MO Branson city, Missouri","MO",339,148,436.578171091445,"Low availability"
"2908398","MO Bridgeton city, Missouri","MO",262,11,41.9847328244275,"Severe desert"
"2910828","MO Cameron city, Missouri","MO",204,169,828.43137254902,"Adequate supply"
"2911242","MO Cape Girardeau city, Missouri","MO",1143,1162,1016.62292213473,"Adequate supply"
"2911368","MO Carl Junction city, Missouri","MO",231,41,177.489177489178,"Moderate desert"
"2911656","MO Carthage city, Missouri","MO",418,278,665.071770334928,"Adequate supply"
"2913600","MO Chesterfield city, Missouri","MO",1986,6,3.02114803625378,"Severe desert"
"2913690","MO Chillicothe city, Missouri","MO",259,127,490.34749034749,"Low availability"
"2914572","MO Clayton city, Missouri","MO",668,11,16.4670658682635,"Severe desert"
"2915670","MO Columbia city, Missouri","MO",3887,1865,479.804476459995,"Low availability"
"2916030","MO Concord CDP, Missouri","MO",369,36,97.5609756097561,"Severe desert"
"2917218","MO Crestwood city, Missouri","MO",319,18,56.4263322884013,"Severe desert"
"2917272","MO Creve Coeur city, Missouri","MO",1343,1,0.744601638123604,"Severe desert"
"2918253","MO Dardenne Prairie city, Missouri","MO",304,8,26.3157894736842,"Severe desert"
"2919018","MO Dellwood city, Missouri","MO",221,218,986.425339366516,"Adequate supply"
"2921898","MO Ellisville city, Missouri","MO",391,187,478.260869565217,"Low availability"
"2922834","MO Eureka city, Missouri","MO",303,2,6.6006600660066,"Severe desert"
"2923086","MO Excelsior Springs city, Missouri","MO",402,345,858.208955223881,"Adequate supply"
"2924094","MO Festus city, Missouri","MO",667,270,404.7976011994,"Low availability"
"2924778","MO Florissant city, Missouri","MO",880,950,1079.54545454545,"Adequate supply"
"2926182","MO Fulton city, Missouri","MO",271,203,749.077490774908,"Adequate supply"
"2927190","MO Gladstone city, Missouri","MO",891,210,235.690235690236,"Moderate desert"
"2928090","MO Grain Valley city, Missouri","MO",296,24,81.0810810810811,"Severe desert"
"2928324","MO Grandview city, Missouri","MO",683,890,1303.07467057101,"Adequate supply"
"2930214","MO Hannibal city, Missouri","MO",538,385,715.613382899628,"Adequate supply"
"2931276","MO Hazelwood city, Missouri","MO",396,542,1368.68686868687,"Adequate supply"
"2935000","MO Independence city, Missouri","MO",2807,2253,802.636266476666,"Adequate supply"
"2935648","MO Jackson city, Missouri","MO",440,70,159.090909090909,"Moderate desert"
"2937000","MO Jefferson City city, Missouri","MO",1622,868,535.141800246609,"Adequate supply"
"2937592","MO Joplin city, Missouri","MO",1138,1012,889.279437609842,"Adequate supply"
"2938000","MO Kansas City city, Missouri","MO",22640,13280,586.572438162544,"Adequate supply"
"2938072","MO Kearney city, Missouri","MO",309,10,32.3624595469256,"Severe desert"
"2938306","MO Kennett city, Missouri","MO",264,251,950.757575757576,"Adequate supply"
"2939044","MO Kirkwood city, Missouri","MO",1372,130,94.7521865889213,"Severe desert"
"2940043","MO Lake St. Louis city, Missouri","MO",472,23,48.728813559322,"Severe desert"
"2941348","MO Lee's Summit city, Missouri","MO",3193,616,192.922016911995,"Moderate desert"
"2941438","MO Lemay CDP, Missouri","MO",241,131,543.56846473029,"Adequate supply"
"2942032","MO Liberty city, Missouri","MO",896,298,332.589285714286,"Low availability"
"2945668","MO Manchester city, Missouri","MO",360,6,16.6666666666667,"Severe desert"
"2945830","MO Maplewood city, Missouri","MO",232,70,301.724137931034,"Low availability"
"2946316","MO Marshall city, Missouri","MO",252,165,654.761904761905,"Adequate supply"
"2946586","MO Maryland Heights city, Missouri","MO",956,21,21.9665271966527,"Severe desert"
"2947180","MO Mehlville CDP, Missouri","MO",414,321,775.36231884058,"Adequate supply"
"2951572","MO Neosho city, Missouri","MO",214,134,626.168224299065,"Adequate supply"
"2952616","MO Nixa city, Missouri","MO",514,98,190.661478599222,"Moderate desert"
"2953624","MO Oak Grove city, Missouri","MO",246,74,300.813008130081,"Low availability"
"2953876","MO Oakville CDP, Missouri","MO",914,13,14.2231947483589,"Severe desert"
"2954038","MO Odessa city, Missouri","MO",203,29,142.857142857143,"Moderate desert"
"2954074","MO O'Fallon city, Missouri","MO",2553,437,171.171171171171,"Moderate desert"
"2954352","MO Old Jamestown CDP, Missouri","MO",399,75,187.96992481203,"Moderate desert"
"2954650","MO Olivette city, Missouri","MO",261,21,80.4597701149425,"Severe desert"
"2955766","MO Ozark city, Missouri","MO",596,62,104.026845637584,"Moderate desert"
"2956288","MO Parkville city, Missouri","MO",420,19,45.2380952380952,"Severe desert"
"2958394","MO Pleasant Hill city, Missouri","MO",323,88,272.445820433436,"Low availability"
"2960752","MO Raymore city, Missouri","MO",652,171,262.269938650307,"Low availability"
"2960788","MO Raytown city, Missouri","MO",927,608,655.879180151025,"Adequate supply"
"2961238","MO Republic city, Missouri","MO",261,22,84.2911877394636,"Severe desert"
"2961706","MO Richmond Heights city, Missouri","MO",377,8,21.2201591511936,"Severe desert"
"2963956","MO St. Ann city, Missouri","MO",366,242,661.20218579235,"Adequate supply"
"2964082","MO St. Charles city, Missouri","MO",1888,496,262.71186440678,"Low availability"
"2964550","MO St. Joseph city, Missouri","MO",2201,1777,807.36029077692,"Adequate supply"
"2965000","MO St. Louis city, Missouri","MO",12172,9770,802.66184686165,"Adequate supply"
"2965126","MO St. Peters city, Missouri","MO",1201,103,85.7618651124063,"Severe desert"
"2966440","MO Sedalia city, Missouri","MO",525,450,857.142857142857,"Adequate supply"
"2967700","MO Shrewsbury city, Missouri","MO",243,165,679.012345679012,"Adequate supply"
"2967790","MO Sikeston city, Missouri","MO",430,478,1111.62790697674,"Adequate supply"
"2969266","MO Spanish Lake CDP, Missouri","MO",549,1092,1989.07103825137,"Adequate supply"
"2971746","MO Sunset Hills city, Missouri","MO",389,7,17.9948586118252,"Severe desert"
"2973942","MO Troy city, Missouri","MO",552,405,733.695652173913,"Adequate supply"
"2974626","MO Union city, Missouri","MO",219,116,529.680365296804,"Adequate supply"
"2975220","MO University City city, Missouri","MO",1710,597,349.122807017544,"Low availability"
"2977092","MO Warrensburg city, Missouri","MO",455,208,457.142857142857,"Low availability"
"2977128","MO Warrenton city, Missouri","MO",224,316,1410.71428571429,"Adequate supply"
"2977416","MO Washington city, Missouri","MO",546,49,89.7435897435897,"Severe desert"
"2977992","MO Waynesville city, Missouri","MO",289,60,207.612456747405,"Moderate desert"
"2978118","MO Webb City city, Missouri","MO",259,207,799.227799227799,"Adequate supply"
"2978154","MO Webster Groves city, Missouri","MO",741,73,98.5155195681511,"Severe desert"
"2978442","MO Wentzville city, Missouri","MO",901,465,516.093229744728,"Adequate supply"
"2979820","MO Wildwood city, Missouri","MO",968,1,1.03305785123967,"Severe desert"
"2979882","MO Willard city, Missouri","MO",250,11,44,"Severe desert"
"3004975","MT Belgrade city, Montana","MT",458,54,117.903930131004,"Moderate desert"
"3006550","MT Billings city, Montana","MT",3645,2075,569.272976680384,"Adequate supply"
"3008950","MT Bozeman city, Montana","MT",1589,556,349.905601006923,"Low availability"
"3011397","MT Butte-Silver Bow (balance), Montana","MT",1078,1019,945.269016697588,"Adequate supply"
"3028862","MT Four Corners CDP, Montana","MT",224,4,17.8571428571429,"Severe desert"
"3031450","MT Glendive city, Montana","MT",230,51,221.739130434783,"Moderate desert"
"3032800","MT Great Falls city, Montana","MT",1342,1612,1201.19225037258,"Adequate supply"
"3035050","MT Havre city, Montana","MT",216,288,1333.33333333333,"Adequate supply"
"3035600","MT Helena city, Montana","MT",1074,769,716.014897579143,"Adequate supply"
"3040075","MT Kalispell city, Montana","MT",288,484,1680.55555555556,"Adequate supply"
"3043975","MT Livingston city, Montana","MT",209,152,727.272727272727,"Adequate supply"
"3050200","MT Missoula city, Montana","MT",1428,1791,1254.20168067227,"Adequate supply"
"3055675","MT Orchard Homes CDP, Montana","MT",322,37,114.906832298137,"Moderate desert"
"3079825","MT Whitefish city, Montana","MT",344,70,203.488372093023,"Moderate desert"
"3100905","NE Alliance city, Nebraska","NE",271,193,712.177121771218,"Adequate supply"
"3103390","NE Beatrice city, Nebraska","NE",382,382,1000,"Adequate supply"
"3103950","NE Bellevue city, Nebraska","NE",1961,536,273.329933707292,"Low availability"
"3105350","NE Blair city, Nebraska","NE",280,8,28.5714285714286,"Severe desert"
"3110110","NE Columbus city, Nebraska","NE",676,234,346.153846153846,"Low availability"
"3117670","NE Fremont city, Nebraska","NE",690,250,362.31884057971,"Low availability"
"3118580","NE Gering city, Nebraska","NE",393,175,445.29262086514,"Low availability"
"3119595","NE Grand Island city, Nebraska","NE",1240,829,668.548387096774,"Adequate supply"
"3120260","NE Gretna city, Nebraska","NE",236,16,67.7966101694915,"Severe desert"
"3121415","NE Hastings city, Nebraska","NE",551,812,1473.68421052632,"Adequate supply"
"3122640","NE Holdrege city, Nebraska","NE",200,74,370,"Low availability"
"3125055","NE Kearney city, Nebraska","NE",1296,374,288.58024691358,"Low availability"
"3126385","NE La Vista city, Nebraska","NE",282,153,542.553191489362,"Adequate supply"
"3126910","NE Lexington city, Nebraska","NE",269,214,795.539033457249,"Adequate supply"
"3128000","NE Lincoln city, Nebraska","NE",9672,4381,452.956989247312,"Low availability"
"3133705","NE Nebraska City city, Nebraska","NE",207,64,309.178743961353,"Low availability"
"3134615","NE Norfolk city, Nebraska","NE",696,550,790.229885057471,"Adequate supply"
"3135000","NE North Platte city, Nebraska","NE",357,495,1386.55462184874,"Adequate supply"
"3135980","NE Ogallala city, Nebraska","NE",200,61,305,"Low availability"
"3137000","NE Omaha city, Nebraska","NE",17667,6991,395.709514914813,"Low availability"
"3138295","NE Papillion city, Nebraska","NE",837,107,127.837514934289,"Moderate desert"
"3144245","NE Scottsbluff city, Nebraska","NE",270,279,1033.33333333333,"Adequate supply"
"3146030","NE South Sioux City city, Nebraska","NE",221,432,1954.75113122172,"Adequate supply"
"3206500","NV Boulder City city, Nevada","NV",470,6,12.7659574468085,"Severe desert"
"3209700","NV Carson City, Nevada","NV",1708,894,523.419203747073,"Adequate supply"
"3217500","NV Dayton CDP, Nevada","NV",379,35,92.3482849604222,"Severe desert"
"3222500","NV Elko city, Nevada","NV",746,77,103.217158176944,"Moderate desert"
"3223770","NV Enterprise CDP, Nevada","NV",5548,525,94.6286950252343,"Severe desert"
"3224100","NV Fallon city, Nevada","NV",258,97,375.968992248062,"Low availability"
"3224900","NV Fernley city, Nevada","NV",764,82,107.329842931937,"Moderate desert"
"3226300","NV Gardnerville CDP, Nevada","NV",247,82,331.983805668016,"Low availability"
"3226500","NV Gardnerville Ranchos CDP, Nevada","NV",347,80,230.547550432277,"Moderate desert"
"3231900","NV Henderson city, Nevada","NV",10511,998,94.9481495576063,"Severe desert"
"3240000","NV Las Vegas city, Nevada","NV",24291,5494,226.174303239883,"Moderate desert"
"3246000","NV Mesquite city, Nevada","NV",393,27,68.7022900763359,"Severe desert"
"3247000","NV Minden CDP, Nevada","NV",200,18,90,"Severe desert"
"3247880","NV Moapa Valley CDP, Nevada","NV",238,1,4.20168067226891,"Severe desert"
"3251800","NV North Las Vegas city, Nevada","NV",6391,2358,368.956344859959,"Low availability"
"3253800","NV Pahrump CDP, Nevada","NV",1018,406,398.821218074656,"Low availability"
"3254600","NV Paradise CDP, Nevada","NV",5866,1556,265.257415615411,"Low availability"
"3260600","NV Reno city, Nevada","NV",8929,3772,422.44372270131,"Low availability"
"3267200","NV Silver Springs CDP, Nevada","NV",201,5,24.8756218905473,"Severe desert"
"3268350","NV Spanish Springs CDP, Nevada","NV",440,7,15.9090909090909,"Severe desert"
"3268400","NV Sparks city, Nevada","NV",2731,642,235.078725741487,"Moderate desert"
"3268585","NV Spring Valley CDP, Nevada","NV",7457,695,93.2010191766126,"Severe desert"
"3270900","NV Summerlin South CDP, Nevada","NV",1080,8,7.40740740740741,"Severe desert"
"3271400","NV Sunrise Manor CDP, Nevada","NV",5342,1834,343.317109696743,"Low availability"
"3271600","NV Sun Valley CDP, Nevada","NV",353,29,82.1529745042493,"Severe desert"
"3283800","NV Whitney CDP, Nevada","NV",948,476,502.10970464135,"Adequate supply"
"3284800","NV Winnemucca city, Nevada","NV",416,49,117.788461538462,"Moderate desert"
"3312900","NH Claremont city, New Hampshire","NH",372,710,1908.60215053763,"Adequate supply"
"3314200","NH Concord city, New Hampshire","NH",1696,928,547.169811320755,"Adequate supply"
"3317860","NH Derry CDP, New Hampshire","NH",687,489,711.7903930131,"Adequate supply"
"3318820","NH Dover city, New Hampshire","NH",1365,756,553.846153846154,"Adequate supply"
"3324260","NH Enfield CDP, New Hampshire","NH",240,28,116.666666666667,"Moderate desert"
"3325300","NH Exeter CDP, New Hampshire","NH",347,159,458.21325648415,"Low availability"
"3327380","NH Franklin city, New Hampshire","NH",292,279,955.479452054795,"Adequate supply"
"3332980","NH Hampton CDP, New Hampshire","NH",200,88,440,"Low availability"
"3333780","NH Hanover CDP, New Hampshire","NH",422,44,104.265402843602,"Moderate desert"
"3337860","NH Hudson CDP, New Hampshire","NH",214,134,626.168224299065,"Adequate supply"
"3339300","NH Keene city, New Hampshire","NH",672,924,1375,"Adequate supply"
"3340180","NH Laconia city, New Hampshire","NH",689,696,1010.15965166909,"Adequate supply"
"3341300","NH Lebanon city, New Hampshire","NH",680,178,261.764705882353,"Low availability"
"3343140","NH Londonderry CDP, New Hampshire","NH",244,47,192.622950819672,"Moderate desert"
"3345140","NH Manchester city, New Hampshire","NH",2986,3205,1073.34226389819,"Adequate supply"
"3347940","NH Milford CDP, New Hampshire","NH",234,132,564.102564102564,"Adequate supply"
"3350260","NH Nashua city, New Hampshire","NH",2909,2020,694.396699896872,"Adequate supply"
"3352500","NH Newport CDP, New Hampshire","NH",250,145,580,"Adequate supply"
"3361220","NH Pinardville CDP, New Hampshire","NH",305,85,278.688524590164,"Low availability"
"3362580","NH Plymouth CDP, New Hampshire","NH",201,58,288.557213930348,"Low availability"
"3362900","NH Portsmouth city, New Hampshire","NH",1094,431,393.967093235832,"Low availability"
"3365140","NH Rochester city, New Hampshire","NH",1080,686,635.185185185185,"Adequate supply"
"3369940","NH Somersworth city, New Hampshire","NH",445,493,1107.86516853933,"Adequate supply"
"3375140","NH Suncook CDP, New Hampshire","NH",209,108,516.746411483254,"Adequate supply"
"3400700","NJ Allendale borough, New Jersey","NJ",313,22,70.2875399361022,"Severe desert"
"3401960","NJ Asbury Park city, New Jersey","NJ",1063,1161,1092.19190968956,"Adequate supply"
"3401990","NJ Ashland CDP, New Jersey","NJ",295,11,37.2881355932203,"Severe desert"
"3402020","NJ Atco CDP, New Jersey","NJ",331,3,9.06344410876133,"Severe desert"
"3402200","NJ Audubon borough, New Jersey","NJ",295,137,464.406779661017,"Low availability"
"3402350","NJ Avenel CDP, New Jersey","NJ",328,193,588.414634146341,"Adequate supply"
"3403250","NJ Barrington borough, New Jersey","NJ",317,19,59.9369085173502,"Severe desert"
"3403340","NJ Basking Ridge CDP, New Jersey","NJ",524,250,477.099236641221,"Low availability"
"3403580","NJ Bayonne city, New Jersey","NJ",2782,1057,379.942487419123,"Low availability"
"3404180","NJ Beachwood borough, New Jersey","NJ",222,24,108.108108108108,"Moderate desert"
"3404252","NJ Beattystown CDP, New Jersey","NJ",217,94,433.179723502304,"Low availability"
"3404400","NJ Beckett CDP, New Jersey","NJ",286,15,52.4475524475524,"Severe desert"
"3405170","NJ Bergenfield borough, New Jersey","NJ",1067,300,281.16213683224,"Low availability"
"3405440","NJ Berlin borough, New Jersey","NJ",257,6,23.3463035019455,"Severe desert"
"3406340","NJ Bloomingdale borough, New Jersey","NJ",209,21,100.478468899522,"Moderate desert"
"3406610","NJ Boonton town, New Jersey","NJ",437,257,588.100686498856,"Adequate supply"
"3406790","NJ Bound Brook borough, New Jersey","NJ",264,108,409.090909090909,"Low availability"
"3407000","NJ Bradley Gardens CDP, New Jersey","NJ",658,12,18.2370820668693,"Severe desert"
"3407728","NJ Bridgewater Center CDP, New Jersey","NJ",295,2,6.77966101694915,"Severe desert"
"3407750","NJ Brielle borough, New Jersey","NJ",205,5,24.390243902439,"Severe desert"
"3407810","NJ Brigantine city, New Jersey","NJ",485,13,26.8041237113402,"Severe desert"
"3408110","NJ Brookdale CDP, New Jersey","NJ",435,10,22.9885057471264,"Severe desert"
"3408455","NJ Browns Mills CDP, New Jersey","NJ",389,137,352.185089974293,"Low availability"
"3408920","NJ Burlington city, New Jersey","NJ",327,184,562.691131498471,"Adequate supply"
"3409040","NJ Butler borough, New Jersey","NJ",365,110,301.369863013699,"Low availability"
"3409250","NJ Caldwell borough, New Jersey","NJ",371,162,436.657681940701,"Low availability"
"3410300","NJ Cape May Court House CDP, New Jersey","NJ",369,16,43.360433604336,"Severe desert"
"3410480","NJ Carlstadt borough, New Jersey","NJ",324,32,98.7654320987654,"Severe desert"
"3410600","NJ Carneys Point CDP, New Jersey","NJ",301,172,571.428571428571,"Adequate supply"
"3410750","NJ Carteret borough, New Jersey","NJ",769,864,1123.53706111834,"Adequate supply"
"3412100","NJ Chatham borough, New Jersey","NJ",363,8,22.038567493113,"Severe desert"
"3412385","NJ Cherry Hill Mall CDP, New Jersey","NJ",642,60,93.4579439252336,"Severe desert"
"3413360","NJ Clayton borough, New Jersey","NJ",410,200,487.80487804878,"Low availability"
"3413420","NJ Clementon borough, New Jersey","NJ",256,53,207.03125,"Moderate desert"
"3413570","NJ Cliffside Park borough, New Jersey","NJ",1175,743,632.340425531915,"Adequate supply"
"3413690","NJ Clifton city, New Jersey","NJ",3207,876,273.152478952292,"Low availability"
"3413810","NJ Closter borough, New Jersey","NJ",215,15,69.7674418604651,"Severe desert"
"3414260","NJ Collingswood borough, New Jersey","NJ",880,46,52.2727272727273,"Severe desert"
"3414380","NJ Colonia CDP, New Jersey","NJ",823,110,133.657351154313,"Moderate desert"
"3415820","NJ Cresskill borough, New Jersey","NJ",500,21,42,"Severe desert"
"3418070","NJ Dover town, New Jersey","NJ",402,353,878.109452736318,"Adequate supply"
"3418400","NJ Dumont borough, New Jersey","NJ",640,167,260.9375,"Low availability"
"3418490","NJ Dunellen borough, New Jersey","NJ",431,27,62.6450116009281,"Severe desert"
"3419130","NJ East Franklin CDP, New Jersey","NJ",210,155,738.095238095238,"Adequate supply"
"3419150","NJ East Freehold CDP, New Jersey","NJ",225,26,115.555555555556,"Moderate desert"
"3419390","NJ East Orange city, New Jersey","NJ",2131,4402,2065.69685593618,"Adequate supply"
"3419510","NJ East Rutherford borough, New Jersey","NJ",336,259,770.833333333333,"Adequate supply"
"3419840","NJ Eatontown borough, New Jersey","NJ",518,441,851.351351351351,"Adequate supply"
"3419900","NJ Echelon CDP, New Jersey","NJ",982,293,298.37067209776,"Low availability"
"3420020","NJ Edgewater borough, New Jersey","NJ",955,252,263.874345549738,"Low availability"
"3421000","NJ Elizabeth city, New Jersey","NJ",2119,2150,1014.6295422369,"Adequate supply"
"3421300","NJ Elmwood Park borough, New Jersey","NJ",740,478,645.945945945946,"Adequate supply"
"3421450","NJ Emerson borough, New Jersey","NJ",301,19,63.1229235880399,"Severe desert"
"3421480","NJ Englewood city, New Jersey","NJ",1213,970,799.670239076669,"Adequate supply"
"3421510","NJ Englewood Cliffs borough, New Jersey","NJ",293,2,6.8259385665529,"Severe desert"
"3422470","NJ Fair Lawn borough, New Jersey","NJ",1288,201,156.055900621118,"Moderate desert"
"3422560","NJ Fairview borough, New Jersey","NJ",257,316,1229.5719844358,"Adequate supply"
"3422860","NJ Fanwood borough, New Jersey","NJ",331,11,33.2326283987915,"Severe desert"
"3423310","NJ Finderne CDP, New Jersey","NJ",203,34,167.487684729064,"Moderate desert"
"3423640","NJ Flanders CDP, New Jersey","NJ",431,40,92.8074245939675,"Severe desert"
"3423910","NJ Florham Park borough, New Jersey","NJ",489,27,55.2147239263804,"Severe desert"
"3424030","NJ Fords CDP, New Jersey","NJ",389,121,311.053984575835,"Low availability"
"3424180","NJ Forked River CDP, New Jersey","NJ",213,9,42.2535211267606,"Severe desert"
"3424420","NJ Fort Lee borough, New Jersey","NJ",2383,957,401.594628619387,"Low availability"
"3424930","NJ Franklin borough, New Jersey","NJ",284,83,292.253521126761,"Low availability"
"3424965","NJ Franklin Center CDP, New Jersey","NJ",269,9,33.457249070632,"Severe desert"
"3424990","NJ Franklin Lakes borough, New Jersey","NJ",465,47,101.075268817204,"Moderate desert"
"3425020","NJ Franklin Park CDP, New Jersey","NJ",466,122,261.802575107296,"Low availability"
"3425200","NJ Freehold borough, New Jersey","NJ",370,252,681.081081081081,"Adequate supply"
"3425770","NJ Garfield city, New Jersey","NJ",993,412,414.904330312185,"Low availability"
"3425800","NJ Garwood borough, New Jersey","NJ",246,6,24.390243902439,"Severe desert"
"3426340","NJ Glassboro borough, New Jersey","NJ",720,863,1198.61111111111,"Adequate supply"
"3426520","NJ Glendora CDP, New Jersey","NJ",259,226,872.586872586873,"Adequate supply"
"3426640","NJ Glen Rock borough, New Jersey","NJ",245,10,40.8163265306122,"Severe desert"
"3426820","NJ Gloucester City city, New Jersey","NJ",422,180,426.54028436019,"Low availability"
"3426902","NJ Golden Triangle CDP, New Jersey","NJ",373,9,24.1286863270777,"Severe desert"
"3427840","NJ Green Knoll CDP, New Jersey","NJ",318,155,487.421383647799,"Low availability"
"3427995","NJ Greentree CDP, New Jersey","NJ",498,35,70.281124497992,"Severe desert"
"3428650","NJ Guttenberg town, New Jersey","NJ",416,192,461.538461538462,"Low availability"
"3428680","NJ Hackensack city, New Jersey","NJ",1559,1564,1003.20718409237,"Adequate supply"
"3428710","NJ Hackettstown town, New Jersey","NJ",203,166,817.733990147783,"Adequate supply"
"3428770","NJ Haddonfield borough, New Jersey","NJ",403,3,7.44416873449132,"Severe desert"
"3428800","NJ Haddon Heights borough, New Jersey","NJ",278,123,442.446043165468,"Low availability"
"3429070","NJ Haledon borough, New Jersey","NJ",388,216,556.701030927835,"Adequate supply"
"3429370","NJ Hamilton Square CDP, New Jersey","NJ",293,5,17.0648464163823,"Severe desert"
"3429430","NJ Hammonton town, New Jersey","NJ",518,21,40.5405405405405,"Severe desert"
"3430150","NJ Harrington Park borough, New Jersey","NJ",311,5,16.0771704180064,"Severe desert"
"3430210","NJ Harrison town, New Jersey","NJ",799,25,31.2891113892365,"Severe desert"
"3430420","NJ Hasbrouck Heights borough, New Jersey","NJ",503,123,244.532803180915,"Moderate desert"
"3430570","NJ Hawthorne borough, New Jersey","NJ",561,96,171.122994652406,"Moderate desert"
"3430738","NJ Heathcote CDP, New Jersey","NJ",229,21,91.703056768559,"Severe desert"
"3431470","NJ Highland Park borough, New Jersey","NJ",840,390,464.285714285714,"Low availability"
"3431500","NJ Highlands borough, New Jersey","NJ",340,157,461.764705882353,"Low availability"
"3431880","NJ Hillsborough CDP, New Jersey","NJ",837,63,75.2688172043011,"Severe desert"
"3431920","NJ Hillsdale borough, New Jersey","NJ",303,104,343.234323432343,"Low availability"
"3432250","NJ Hoboken city, New Jersey","NJ",3876,1618,417.440660474716,"Low availability"
"3432910","NJ Hopatcong borough, New Jersey","NJ",291,31,106.529209621993,"Moderate desert"
"3434470","NJ Iselin CDP, New Jersey","NJ",527,130,246.679316888046,"Moderate desert"
"3434890","NJ Jamesburg borough, New Jersey","NJ",269,15,55.7620817843866,"Severe desert"
"3436000","NJ Jersey City city, New Jersey","NJ",16927,10351,611.508241271342,"Adequate supply"
"3436480","NJ Keansburg borough, New Jersey","NJ",387,755,1950.90439276486,"Adequate supply"
"3436510","NJ Kearny town, New Jersey","NJ",883,76,86.0702151755379,"Severe desert"
"3436660","NJ Kendall Park CDP, New Jersey","NJ",568,58,102.112676056338,"Moderate desert"
"3436690","NJ Kenilworth borough, New Jersey","NJ",386,4,10.3626943005181,"Severe desert"
"3436810","NJ Keyport borough, New Jersey","NJ",351,562,1601.1396011396,"Adequate supply"
"3437680","NJ Lake Hiawatha CDP, New Jersey","NJ",265,44,166.037735849057,"Moderate desert"
"3437710","NJ Lake Hopatcong CDP, New Jersey","NJ",217,13,59.9078341013825,"Severe desert"
"3438040","NJ Lake Mohawk CDP, New Jersey","NJ",279,151,541.218637992832,"Adequate supply"
"3438580","NJ Lakewood CDP, New Jersey","NJ",659,1829,2775.41729893778,"Adequate supply"
"3440290","NJ Lincoln Park borough, New Jersey","NJ",465,20,43.010752688172,"Severe desert"
"3440320","NJ Lincroft CDP, New Jersey","NJ",377,208,551.724137931034,"Adequate supply"
"3440350","NJ Linden city, New Jersey","NJ",1003,574,572.283150548355,"Adequate supply"
"3440440","NJ Lindenwold borough, New Jersey","NJ",579,380,656.303972366149,"Adequate supply"
"3440530","NJ Linwood city, New Jersey","NJ",239,4,16.7364016736402,"Severe desert"
"3440680","NJ Little Ferry borough, New Jersey","NJ",228,70,307.017543859649,"Low availability"
"3441100","NJ Lodi borough, New Jersey","NJ",931,542,582.169709989259,"Adequate supply"
"3441310","NJ Long Branch city, New Jersey","NJ",1434,938,654.114365411437,"Adequate supply"
"3442420","NJ McKee City CDP, New Jersey","NJ",339,132,389.380530973451,"Low availability"
"3442510","NJ Madison borough, New Jersey","NJ",651,286,439.324116743472,"Low availability"
"3443050","NJ Manasquan borough, New Jersey","NJ",331,2,6.04229607250755,"Severe desert"
"3443620","NJ Manville borough, New Jersey","NJ",543,128,235.72744014733,"Moderate desert"
"3443890","NJ Margate City city, New Jersey","NJ",327,79,241.590214067278,"Moderate desert"
"3444100","NJ Marlton CDP, New Jersey","NJ",271,30,110.70110701107,"Moderate desert"
"3444430","NJ Martinsville CDP, New Jersey","NJ",321,2,6.23052959501558,"Severe desert"
"3444520","NJ Matawan borough, New Jersey","NJ",400,216,540,"Adequate supply"
"3444880","NJ Maywood borough, New Jersey","NJ",352,201,571.022727272727,"Adequate supply"
"3445480","NJ Mercerville CDP, New Jersey","NJ",266,21,78.9473684210526,"Severe desert"
"3445690","NJ Metuchen borough, New Jersey","NJ",584,133,227.739726027397,"Moderate desert"
"3445900","NJ Middlesex borough, New Jersey","NJ",492,19,38.6178861788618,"Severe desert"
"3446110","NJ Midland Park borough, New Jersey","NJ",226,24,106.194690265487,"Moderate desert"
"3446680","NJ Millville city, New Jersey","NJ",1447,842,581.893572909468,"Adequate supply"
"3447190","NJ Monmouth Junction CDP, New Jersey","NJ",439,30,68.3371298405467,"Severe desert"
"3447610","NJ Montvale borough, New Jersey","NJ",402,34,84.5771144278607,"Severe desert"
"3447895","NJ Moorestown-Lenola CDP, New Jersey","NJ",915,59,64.4808743169399,"Severe desert"
"3448300","NJ Morristown town, New Jersey","NJ",898,643,716.035634743875,"Adequate supply"
"3448750","NJ Mount Ephraim borough, New Jersey","NJ",227,8,35.2422907488987,"Severe desert"
"3449560","NJ Mystic Island CDP, New Jersey","NJ",360,22,61.1111111111111,"Severe desert"
"3449920","NJ Neptune City borough, New Jersey","NJ",238,204,857.142857142857,"Adequate supply"
"3450130","NJ Netcong borough, New Jersey","NJ",235,45,191.489361702128,"Moderate desert"
"3451210","NJ New Brunswick city, New Jersey","NJ",1786,1667,933.370660694289,"Adequate supply"
"3451660","NJ New Milford borough, New Jersey","NJ",465,84,180.645161290323,"Moderate desert"
"3451810","NJ New Providence borough, New Jersey","NJ",436,4,9.1743119266055,"Severe desert"
"3451930","NJ Newton town, New Jersey","NJ",359,288,802.228412256267,"Adequate supply"
"3452320","NJ North Arlington borough, New Jersey","NJ",357,63,176.470588235294,"Moderate desert"
"3452620","NJ North Caldwell borough, New Jersey","NJ",241,3,12.448132780083,"Severe desert"
"3452950","NJ Northfield city, New Jersey","NJ",326,7,21.4723926380368,"Severe desert"
"3453280","NJ North Plainfield borough, New Jersey","NJ",899,143,159.065628476085,"Moderate desert"
"3453610","NJ Norwood borough, New Jersey","NJ",339,7,20.6489675516224,"Severe desert"
"3453850","NJ Oakland borough, New Jersey","NJ",414,10,24.1545893719807,"Severe desert"
"3453910","NJ Oak Ridge CDP, New Jersey","NJ",582,12,20.6185567010309,"Severe desert"
"3454315","NJ Ocean Acres CDP, New Jersey","NJ",528,30,56.8181818181818,"Severe desert"
"3454360","NJ Ocean City city, New Jersey","NJ",625,134,214.4,"Moderate desert"
"3454690","NJ Old Bridge CDP, New Jersey","NJ",908,350,385.462555066079,"Low availability"
"3454990","NJ Oradell borough, New Jersey","NJ",264,5,18.9393939393939,"Severe desert"
"3455770","NJ Palisades Park borough, New Jersey","NJ",982,175,178.207739307536,"Moderate desert"
"3455950","NJ Paramus borough, New Jersey","NJ",1072,181,168.84328358209,"Moderate desert"
"3456130","NJ Park Ridge borough, New Jersey","NJ",252,45,178.571428571429,"Moderate desert"
"3456430","NJ Parsippany CDP, New Jersey","NJ",1034,535,517.408123791103,"Adequate supply"
"3456550","NJ Passaic city, New Jersey","NJ",1000,2733,2733,"Adequate supply"
"3457000","NJ Paterson city, New Jersey","NJ",4095,5057,1234.92063492063,"Adequate supply"
"3457840","NJ Pennsville CDP, New Jersey","NJ",368,176,478.260869565217,"Low availability"
"3458200","NJ Perth Amboy city, New Jersey","NJ",1155,1635,1415.58441558442,"Adequate supply"
"3458350","NJ Phillipsburg town, New Jersey","NJ",883,328,371.460928652322,"Low availability"
"3458770","NJ Pine Hill borough, New Jersey","NJ",508,425,836.614173228346,"Adequate supply"
"3459190","NJ Plainfield city, New Jersey","NJ",854,1238,1449.64871194379,"Adequate supply"
"3459640","NJ Pleasantville city, New Jersey","NJ",372,694,1865.59139784946,"Adequate supply"
"3459880","NJ Point Pleasant borough, New Jersey","NJ",499,8,16.0320641282565,"Severe desert"
"3460030","NJ Pomona CDP, New Jersey","NJ",216,23,106.481481481481,"Moderate desert"
"3460090","NJ Pompton Lakes borough, New Jersey","NJ",430,127,295.348837209302,"Low availability"
"3460120","NJ Pompton Plains CDP, New Jersey","NJ",569,6,10.5448154657294,"Severe desert"
"3460810","NJ Preakness CDP, New Jersey","NJ",872,385,441.51376146789,"Low availability"
"3460900","NJ Princeton, New Jersey","NJ",1283,337,262.665627435698,"Low availability"
"3460975","NJ Princeton Meadows CDP, New Jersey","NJ",266,66,248.12030075188,"Moderate desert"
"3461530","NJ Rahway city, New Jersey","NJ",1128,516,457.446808510638,"Low availability"
"3461680","NJ Ramsey borough, New Jersey","NJ",511,174,340.508806262231,"Low availability"
"3462430","NJ Red Bank borough, New Jersey","NJ",805,111,137.888198757764,"Moderate desert"
"3462910","NJ Ridgefield borough, New Jersey","NJ",303,51,168.316831683168,"Moderate desert"
"3462940","NJ Ridgefield Park village, New Jersey","NJ",467,161,344.75374732334,"Low availability"
"3463000","NJ Ridgewood village, New Jersey","NJ",857,194,226.371061843641,"Moderate desert"
"3463150","NJ Ringwood borough, New Jersey","NJ",211,13,61.6113744075829,"Severe desert"
"3463300","NJ Riverdale borough, New Jersey","NJ",224,4,17.8571428571429,"Severe desert"
"3463360","NJ River Edge borough, New Jersey","NJ",448,50,111.607142857143,"Moderate desert"
"3463858","NJ Robbinsville Center CDP, New Jersey","NJ",391,11,28.1329923273657,"Severe desert"
"3463900","NJ Robertsville CDP, New Jersey","NJ",592,9,15.2027027027027,"Severe desert"
"3464050","NJ Rockaway borough, New Jersey","NJ",215,27,125.581395348837,"Moderate desert"
"3464620","NJ Roselle borough, New Jersey","NJ",396,604,1525.25252525253,"Adequate supply"
"3464650","NJ Roselle Park borough, New Jersey","NJ",239,28,117.154811715481,"Moderate desert"
"3465160","NJ Runnemede borough, New Jersey","NJ",318,12,37.7358490566038,"Severe desert"
"3465280","NJ Rutherford borough, New Jersey","NJ",712,94,132.022471910112,"Moderate desert"
"3465400","NJ Saddle River borough, New Jersey","NJ",200,15,75,"Severe desert"
"3465790","NJ Sayreville borough, New Jersey","NJ",822,556,676.39902676399,"Adequate supply"
"3466450","NJ Seaside Heights borough, New Jersey","NJ",246,72,292.682926829268,"Low availability"
"3466570","NJ Secaucus town, New Jersey","NJ",1064,538,505.639097744361,"Adequate supply"
"3467320","NJ Short Hills CDP, New Jersey","NJ",277,1,3.6101083032491,"Severe desert"
"3467470","NJ Sicklerville CDP, New Jersey","NJ",1673,344,205.618649133293,"Moderate desert"
"3467590","NJ Silver Lake CDP, New Jersey","NJ",205,43,209.756097560976,"Moderate desert"
"3468190","NJ Smithville CDP, New Jersey","NJ",299,90,301.003344481605,"Low availability"
"3468340","NJ Somerdale borough, New Jersey","NJ",221,31,140.27149321267,"Moderate desert"
"3468370","NJ Somerset CDP, New Jersey","NJ",822,161,195.863746958637,"Moderate desert"
"3468430","NJ Somers Point city, New Jersey","NJ",335,284,847.761194029851,"Adequate supply"
"3468460","NJ Somerville borough, New Jersey","NJ",519,315,606.936416184971,"Adequate supply"
"3468550","NJ South Amboy city, New Jersey","NJ",386,156,404.145077720207,"Low availability"
"3468730","NJ South Bound Brook borough, New Jersey","NJ",226,40,176.991150442478,"Moderate desert"
"3469390","NJ South Plainfield borough, New Jersey","NJ",496,24,48.3870967741935,"Severe desert"
"3469420","NJ South River borough, New Jersey","NJ",483,119,246.376811594203,"Moderate desert"
"3469810","NJ Spotswood borough, New Jersey","NJ",355,151,425.352112676056,"Low availability"
"3469900","NJ Springdale CDP, New Jersey","NJ",748,159,212.566844919786,"Moderate desert"
"3471220","NJ Stratford borough, New Jersey","NJ",323,11,34.0557275541796,"Severe desert"
"3471280","NJ Strathmore CDP, New Jersey","NJ",238,36,151.260504201681,"Moderate desert"
"3471430","NJ Summit city, New Jersey","NJ",902,201,222.838137472284,"Moderate desert"
"3472420","NJ Tenafly borough, New Jersey","NJ",599,60,100.16694490818,"Moderate desert"
"3472635","NJ The Hills CDP, New Jersey","NJ",659,9,13.6570561456753,"Severe desert"
"3473020","NJ Tinton Falls borough, New Jersey","NJ",1097,182,165.907019143118,"Moderate desert"
"3473110","NJ Toms River CDP, New Jersey","NJ",2777,718,258.552394670508,"Low availability"
"3473140","NJ Totowa borough, New Jersey","NJ",250,28,112,"Moderate desert"
"3474630","NJ Union City city, New Jersey","NJ",1678,1157,689.511323003576,"Adequate supply"
"3475020","NJ Upper Montclair CDP, New Jersey","NJ",338,3,8.87573964497041,"Severe desert"
"3475590","NJ Vauxhall CDP, New Jersey","NJ",226,100,442.477876106195,"Low availability"
"3475620","NJ Ventnor City city, New Jersey","NJ",477,180,377.358490566038,"Low availability"
"3476010","NJ Villas CDP, New Jersey","NJ",443,41,92.5507900677201,"Severe desert"
"3476070","NJ Vineland city, New Jersey","NJ",1032,1368,1325.58139534884,"Adequate supply"
"3476400","NJ Waldwick borough, New Jersey","NJ",283,15,53.0035335689046,"Severe desert"
"3476490","NJ Wallington borough, New Jersey","NJ",372,49,131.720430107527,"Moderate desert"
"3476700","NJ Wanamassa CDP, New Jersey","NJ",226,37,163.716814159292,"Moderate desert"
"3476730","NJ Wanaque borough, New Jersey","NJ",348,30,86.2068965517241,"Severe desert"
"3477270","NJ Washington borough, New Jersey","NJ",337,169,501.483679525223,"Adequate supply"
"3477600","NJ Watchung borough, New Jersey","NJ",260,7,26.9230769230769,"Severe desert"
"3477750","NJ Watsessing CDP, New Jersey","NJ",428,193,450.934579439252,"Low availability"
"3479040","NJ Westfield town, New Jersey","NJ",1075,207,192.558139534884,"Moderate desert"
"3479100","NJ West Freehold CDP, New Jersey","NJ",757,81,107.001321003963,"Moderate desert"
"3479310","NJ West Long Branch borough, New Jersey","NJ",394,168,426.395939086294,"Low availability"
"3479520","NJ Westmont CDP, New Jersey","NJ",985,109,110.659898477157,"Moderate desert"
"3479610","NJ West New York town, New Jersey","NJ",2785,1935,694.793536804309,"Adequate supply"
"3480270","NJ Westwood borough, New Jersey","NJ",441,217,492.063492063492,"Low availability"
"3480390","NJ Wharton borough, New Jersey","NJ",278,79,284.172661870504,"Low availability"
"3480540","NJ Whippany CDP, New Jersey","NJ",493,2,4.05679513184584,"Severe desert"
"3480630","NJ White Horse CDP, New Jersey","NJ",402,14,34.8258706467662,"Severe desert"
"3481380","NJ Williamstown CDP, New Jersey","NJ",742,138,185.983827493261,"Moderate desert"
"3481950","NJ Woodbridge CDP, New Jersey","NJ",441,512,1160.9977324263,"Adequate supply"
"3482120","NJ Woodbury city, New Jersey","NJ",551,760,1379.31034482759,"Adequate supply"
"3482423","NJ Woodland Park borough, New Jersey","NJ",402,93,231.34328358209,"Moderate desert"
"3482570","NJ Wood-Ridge borough, New Jersey","NJ",269,67,249.07063197026,"Moderate desert"
"3483170","NJ Yardville CDP, New Jersey","NJ",389,20,51.413881748072,"Severe desert"
"3501780","NM Alamogordo city, New Mexico","NM",758,160,211.081794195251,"Moderate desert"
"3502000","NM Albuquerque city, New Mexico","NM",15456,7880,509.834368530021,"Adequate supply"
"3505220","NM Artesia city, New Mexico","NM",469,203,432.835820895522,"Low availability"
"3507880","NM Bloomfield city, New Mexico","NM",217,42,193.548387096774,"Moderate desert"
"3512150","NM Carlsbad city, New Mexico","NM",1414,313,221.357850070721,"Moderate desert"
"3516420","NM Clovis city, New Mexico","NM",1163,773,664.660361134996,"Adequate supply"
"3522625","NM Eldorado at Santa Fe CDP, New Mexico","NM",246,1,4.0650406504065,"Severe desert"
"3525800","NM Farmington city, New Mexico","NM",783,500,638.569604086846,"Adequate supply"
"3528460","NM Gallup city, New Mexico","NM",577,219,379.549393414211,"Low availability"
"3532520","NM Hobbs city, New Mexico","NM",1197,600,501.25313283208,"Adequate supply"
"3539380","NM Las Cruces city, New Mexico","NM",4095,1748,426.862026862027,"Low availability"
"3542320","NM Los Alamos CDP, New Mexico","NM",563,96,170.515097690941,"Moderate desert"
"3542740","NM Los Chaves CDP, New Mexico","NM",220,18,81.8181818181818,"Severe desert"
"3543370","NM Los Lunas village, New Mexico","NM",529,142,268.431001890359,"Low availability"
"3543930","NM Los Ranchos de Albuquerque village, New Mexico","NM",251,123,490.03984063745,"Low availability"
"3544490","NM Lovington city, New Mexico","NM",466,78,167.381974248927,"Moderate desert"
"3552750","NM North Valley CDP, New Mexico","NM",659,35,53.1107738998483,"Severe desert"
"3559260","NM Portales city, New Mexico","NM",281,117,416.370106761566,"Low availability"
"3563460","NM Rio Rancho city, New Mexico","NM",3024,343,113.425925925926,"Moderate desert"
"3564930","NM Roswell city, New Mexico","NM",1152,1208,1048.61111111111,"Adequate supply"
"3565210","NM Ruidoso village, New Mexico","NM",262,47,179.389312977099,"Moderate desert"
"3570500","NM Santa Fe city, New Mexico","NM",3184,1696,532.663316582915,"Adequate supply"
"3574520","NM South Valley CDP, New Mexico","NM",929,298,320.775026910657,"Low availability"
"3575640","NM Sunland Park city, New Mexico","NM",710,55,77.4647887323944,"Severe desert"
"3600408","NY Airmont village, New York","NY",327,200,611.620795107034,"Adequate supply"
"3600457","NY Akwesasne CDP, New York","NY",229,20,87.3362445414847,"Severe desert"
"3601000","NY Albany city, New York","NY",4579,4822,1053.06835553614,"Adequate supply"
"3602044","NY Amityville village, New York","NY",384,56,145.833333333333,"Moderate desert"
"3602066","NY Amsterdam city, New York","NY",569,910,1599.29701230228,"Adequate supply"
"3603408","NY Babylon village, New York","NY",571,10,17.5131348511384,"Severe desert"
"3604143","NY Baldwin CDP, New York","NY",1143,234,204.724409448819,"Moderate desert"
"3604198","NY Baldwinsville village, New York","NY",373,218,584.450402144772,"Adequate supply"
"3604396","NY Bardonia CDP, New York","NY",234,105,448.717948717949,"Low availability"
"3604715","NY Batavia city, New York","NY",389,494,1269.92287917738,"Adequate supply"
"3604913","NY Bayport CDP, New York","NY",433,60,138.568129330254,"Moderate desert"
"3604935","NY Bay Shore CDP, New York","NY",1166,778,667.238421955403,"Adequate supply"
"3605034","NY Bayville village, New York","NY",224,9,40.1785714285714,"Severe desert"
"3605100","NY Beacon city, New York","NY",495,854,1725.25252525253,"Adequate supply"
"3605738","NY Bellmore CDP, New York","NY",438,8,18.2648401826484,"Severe desert"
"3606387","NY Bethpage CDP, New York","NY",571,14,24.5183887915937,"Severe desert"
"3607069","NY Blue Point CDP, New York","NY",291,1,3.43642611683849,"Severe desert"
"3607157","NY Bohemia CDP, New York","NY",302,31,102.649006622517,"Moderate desert"
"3608059","NY Brewerton CDP, New York","NY",258,46,178.294573643411,"Moderate desert"
"3608103","NY Briarcliff Manor village, New York","NY",399,98,245.614035087719,"Moderate desert"
"3608257","NY Brighton CDP, New York","NY",1460,109,74.6575342465753,"Severe desert"
"3611781","NY Calverton CDP, New York","NY",283,58,204.946996466431,"Moderate desert"
"3612144","NY Canandaigua city, New York","NY",262,392,1496.18320610687,"Adequate supply"
"3612331","NY Canton village, New York","NY",368,56,152.173913043478,"Moderate desert"
"3612518","NY Carmel CDP, New York","NY",397,131,329.974811083123,"Low availability"
"3613079","NY Cayuga Heights village, New York","NY",279,30,107.52688172043,"Moderate desert"
"3613233","NY Cedarhurst village, New York","NY",222,13,58.5585585585586,"Severe desert"
"3613376","NY Centereach CDP, New York","NY",619,36,58.1583198707593,"Severe desert"
"3613420","NY Center Moriches CDP, New York","NY",370,14,37.8378378378378,"Severe desert"
"3613442","NY Centerport CDP, New York","NY",224,2,8.92857142857143,"Severe desert"
"3613552","NY Central Islip CDP, New York","NY",1096,609,555.656934306569,"Adequate supply"
"3615000","NY Cheektowaga CDP, New York","NY",1474,1084,735.413839891452,"Adequate supply"
"3615400","NY Chestnut Ridge village, New York","NY",221,153,692.307692307692,"Adequate supply"
"3616749","NY Cohoes city, New York","NY",549,620,1129.32604735883,"Adequate supply"
"3617332","NY Colonie village, New York","NY",265,17,64.1509433962264,"Severe desert"
"3617530","NY Commack CDP, New York","NY",1036,12,11.5830115830116,"Severe desert"
"3618146","NY Copiague CDP, New York","NY",717,138,192.468619246862,"Moderate desert"
"3618157","NY Coram CDP, New York","NY",1512,489,323.412698412698,"Low availability"
"3618256","NY Corning city, New York","NY",453,399,880.794701986755,"Adequate supply"
"3618388","NY Cortland city, New York","NY",474,400,843.881856540084,"Adequate supply"
"3619213","NY Croton-on-Hudson village, New York","NY",295,41,138.983050847458,"Moderate desert"
"3619972","NY Deer Park CDP, New York","NY",933,203,217.577706323687,"Moderate desert"
"3620313","NY Depew village, New York","NY",300,85,283.333333333333,"Low availability"
"3620467","NY De Witt CDP, New York","NY",514,299,581.712062256809,"Adequate supply"
"3620687","NY Dix Hills CDP, New York","NY",637,9,14.1287284144427,"Severe desert"
"3620698","NY Dobbs Ferry village, New York","NY",356,23,64.6067415730337,"Severe desert"
"3621809","NY Eastchester CDP, New York","NY",1118,183,163.685152057245,"Moderate desert"
"3622084","NY East Glenville CDP, New York","NY",344,82,238.372093023256,"Moderate desert"
"3622200","NY East Hampton North CDP, New York","NY",243,234,962.962962962963,"Adequate supply"
"3622260","NY East Hills village, New York","NY",202,44,217.821782178218,"Moderate desert"
"3622315","NY East Islip CDP, New York","NY",591,79,133.671742808799,"Moderate desert"
"3622480","NY East Massapequa CDP, New York","NY",697,8,11.4777618364419,"Severe desert"
"3622502","NY East Meadow CDP, New York","NY",1027,120,116.845180136319,"Moderate desert"
"3622546","NY East Moriches CDP, New York","NY",225,8,35.5555555555556,"Severe desert"
"3622612","NY East Northport CDP, New York","NY",845,45,53.2544378698225,"Severe desert"
"3622733","NY East Patchogue CDP, New York","NY",853,695,814.771395076202,"Adequate supply"
"3622832","NY East Quogue CDP, New York","NY",268,10,37.3134328358209,"Severe desert"
"3622876","NY East Rockaway village, New York","NY",312,25,80.1282051282051,"Severe desert"
"3622964","NY East Setauket CDP, New York","NY",382,1,2.61780104712042,"Severe desert"
"3623701","NY Eggertsville CDP, New York","NY",581,660,1135.97246127367,"Adequate supply"
"3623965","NY Ellenville village, New York","NY",245,295,1204.08163265306,"Adequate supply"
"3624273","NY Elmont CDP, New York","NY",677,41,60.5612998522895,"Severe desert"
"3624405","NY Elwood CDP, New York","NY",333,39,117.117117117117,"Moderate desert"
"3624526","NY Endwell CDP, New York","NY",526,174,330.798479087452,"Low availability"
"3625076","NY Fairport village, New York","NY",330,38,115.151515151515,"Moderate desert"
"3625109","NY Fairview CDP, New York","NY",208,74,355.769230769231,"Low availability"
"3625384","NY Farmingdale village, New York","NY",498,118,236.947791164659,"Moderate desert"
"3625417","NY Farmingville CDP, New York","NY",285,19,66.6666666666667,"Severe desert"
"3625857","NY Firthcliffe CDP, New York","NY",201,7,34.8258706467662,"Severe desert"
"3626121","NY Flanders CDP, New York","NY",327,52,159.021406727829,"Moderate desert"
"3626264","NY Floral Park village, New York","NY",618,35,56.6343042071197,"Severe desert"
"3626946","NY Fort Salonga CDP, New York","NY",213,3,14.0845070422535,"Severe desert"
"3627309","NY Franklin Square CDP, New York","NY",926,27,29.1576673866091,"Severe desert"
"3627485","NY Freeport village, New York","NY",1413,707,500.353857041755,"Adequate supply"
"3627815","NY Fulton city, New York","NY",312,665,2131.41025641026,"Adequate supply"
"3628138","NY Gananda CDP, New York","NY",390,63,161.538461538462,"Moderate desert"
"3628189","NY Garden City Park CDP, New York","NY",201,2,9.9502487562189,"Severe desert"
"3628640","NY Geneva city, New York","NY",533,686,1287.05440900563,"Adequate supply"
"3629113","NY Glen Cove city, New York","NY",1580,649,410.759493670886,"Low availability"
"3629333","NY Glens Falls city, New York","NY",611,669,1094.9263502455,"Adequate supply"
"3629338","NY Glens Falls North CDP, New York","NY",304,336,1105.26315789474,"Adequate supply"
"3629894","NY Grandyle Village CDP, New York","NY",281,5,17.7935943060498,"Severe desert"
"3630169","NY Great Neck village, New York","NY",507,1,1.9723865877712,"Severe desert"
"3630213","NY Great Neck Plaza village, New York","NY",357,5,14.0056022408964,"Severe desert"
"3630279","NY Greece CDP, New York","NY",442,270,610.859728506787,"Adequate supply"
"3630543","NY Greenlawn CDP, New York","NY",890,425,477.52808988764,"Low availability"
"3630642","NY Greenville CDP, New York","NY",570,12,21.0526315789474,"Severe desert"
"3631643","NY Hamburg village, New York","NY",274,60,218.978102189781,"Moderate desert"
"3631786","NY Hamlin CDP, New York","NY",270,79,292.592592592593,"Low availability"
"3631896","NY Hampton Bays CDP, New York","NY",842,193,229.216152019002,"Moderate desert"
"3632391","NY Harris Hill CDP, New York","NY",281,7,24.9110320284698,"Severe desert"
"3632402","NY Harrison village, New York","NY",1200,231,192.5,"Moderate desert"
"3632710","NY Hastings-on-Hudson village, New York","NY",206,16,77.6699029126214,"Severe desert"
"3632732","NY Hauppauge CDP, New York","NY",475,26,54.7368421052632,"Severe desert"
"3632754","NY Haverstraw village, New York","NY",566,275,485.865724381625,"Low availability"
"3633139","NY Hempstead village, New York","NY",1743,2443,1401.60642570281,"Adequate supply"
"3634286","NY Hewlett CDP, New York","NY",222,15,67.5675675675676,"Severe desert"
"3634374","NY Hicksville CDP, New York","NY",1491,19,12.7431254191818,"Severe desert"
"3634484","NY Highland CDP, New York","NY",360,44,122.222222222222,"Moderate desert"
"3634495","NY Highland Falls village, New York","NY",208,140,673.076923076923,"Adequate supply"
"3634847","NY Hilton village, New York","NY",223,62,278.026905829596,"Low availability"
"3635056","NY Holbrook CDP, New York","NY",762,111,145.669291338583,"Moderate desert"
"3635254","NY Holtsville CDP, New York","NY",600,15,25,"Severe desert"
"3636233","NY Huntington CDP, New York","NY",779,41,52.6315789473684,"Severe desert"
"3637044","NY Huntington Station CDP, New York","NY",1052,541,514.25855513308,"Adequate supply"
"3637275","NY Ilion village, New York","NY",254,470,1850.3937007874,"Adequate supply"
"3637583","NY Inwood CDP, New York","NY",388,332,855.670103092784,"Adequate supply"
"3637737","NY Irondequoit CDP, New York","NY",1610,867,538.509316770186,"Adequate supply"
"3637803","NY Irvington village, New York","NY",203,9,44.3349753694581,"Severe desert"
"3637869","NY Islip CDP, New York","NY",599,65,108.514190317195,"Moderate desert"
"3638500","NY Jefferson Valley-Yorktown CDP, New York","NY",776,10,12.8865979381443,"Severe desert"
"3638539","NY Jericho CDP, New York","NY",359,10,27.8551532033426,"Severe desert"
"3638748","NY Johnson City village, New York","NY",459,275,599.128540305011,"Adequate supply"
"3639232","NY Kenmore village, New York","NY",454,115,253.303964757709,"Low availability"
"3639672","NY Kings Park CDP, New York","NY",563,139,246.891651865009,"Moderate desert"
"3639727","NY Kingston city, New York","NY",860,1322,1537.20930232558,"Adequate supply"
"3640398","NY Lake Carmel CDP, New York","NY",448,72,160.714285714286,"Moderate desert"
"3640530","NY Lake Grove village, New York","NY",393,12,30.5343511450382,"Severe desert"
"3640689","NY Lake Mohegan CDP, New York","NY",319,13,40.7523510971787,"Severe desert"
"3640838","NY Lake Ronkonkoma CDP, New York","NY",636,474,745.283018867925,"Adequate supply"
"3641135","NY Lancaster village, New York","NY",204,190,931.372549019608,"Adequate supply"
"3641333","NY Larchmont village, New York","NY",261,27,103.448275862069,"Moderate desert"
"3641399","NY Latham CDP, New York","NY",546,102,186.813186813187,"Moderate desert"
"3641553","NY Lawrence village, New York","NY",280,2,7.14285714285714,"Severe desert"
"3642026","NY Le Roy village, New York","NY",212,106,500,"Adequate supply"
"3642081","NY Levittown CDP, New York","NY",1706,17,9.96483001172333,"Severe desert"
"3642554","NY Lindenhurst village, New York","NY",781,65,83.2266325224072,"Severe desert"
"3643082","NY Lockport city, New York","NY",566,464,819.787985865724,"Adequate supply"
"3643335","NY Long Beach city, New York","NY",1682,529,314.506539833532,"Low availability"
"3643874","NY Lynbrook village, New York","NY",952,192,201.680672268908,"Moderate desert"
"3644534","NY Mahopac CDP, New York","NY",207,51,246.376811594203,"Moderate desert"
"3644787","NY Malverne village, New York","NY",309,2,6.47249190938511,"Severe desert"
"3644831","NY Mamaroneck village, New York","NY",959,266,277.372262773723,"Low availability"
"3644897","NY Manhasset CDP, New York","NY",389,216,555.269922879177,"Adequate supply"
"3645018","NY Manlius village, New York","NY",282,67,237.58865248227,"Moderate desert"
"3645106","NY Manorhaven village, New York","NY",232,12,51.7241379310345,"Severe desert"
"3645139","NY Manorville CDP, New York","NY",562,98,174.377224199288,"Moderate desert"
"3645997","NY Massapequa Park village, New York","NY",787,2,2.54129606099111,"Severe desert"
"3646074","NY Mastic CDP, New York","NY",315,219,695.238095238095,"Adequate supply"
"3646085","NY Mastic Beach CDP, New York","NY",762,379,497.375328083989,"Low availability"
"3646140","NY Mattituck CDP, New York","NY",239,30,125.523012552301,"Moderate desert"
"3646162","NY Maybrook village, New York","NY",224,54,241.071428571429,"Moderate desert"
"3646349","NY Mechanicstown CDP, New York","NY",459,200,435.729847494553,"Low availability"
"3646404","NY Medford CDP, New York","NY",758,115,151.715039577836,"Moderate desert"
"3646514","NY Melville CDP, New York","NY",849,54,63.6042402826855,"Severe desert"
"3646668","NY Merrick CDP, New York","NY",628,22,35.031847133758,"Severe desert"
"3646976","NY Middle Island CDP, New York","NY",589,267,453.310696095076,"Low availability"
"3647042","NY Middletown city, New York","NY",1128,779,690.602836879433,"Adequate supply"
"3647306","NY Miller Place CDP, New York","NY",251,1,3.98406374501992,"Severe desert"
"3647636","NY Mineola village, New York","NY",789,32,40.5576679340938,"Severe desert"
"3647988","NY Monroe village, New York","NY",211,62,293.838862559242,"Low availability"
"3648090","NY Montebello village, New York","NY",208,147,706.730769230769,"Adequate supply"
"3648142","NY Montgomery village, New York","NY",235,4,17.0212765957447,"Severe desert"
"3648879","NY Mount Ivy CDP, New York","NY",421,9,21.3776722090261,"Severe desert"
"3648890","NY Mount Kisco village, New York","NY",470,257,546.808510638298,"Adequate supply"
"3649121","NY Mount Vernon city, New York","NY",3951,2800,708.681346494558,"Adequate supply"
"3649363","NY Myers Corner CDP, New York","NY",332,16,48.1927710843374,"Severe desert"
"3649407","NY Nanuet CDP, New York","NY",612,207,338.235294117647,"Low availability"
"3649825","NY Nesconset CDP, New York","NY",571,8,14.0105078809107,"Severe desert"
"3649891","NY Newark village, New York","NY",331,419,1265.86102719033,"Adequate supply"
"3650034","NY Newburgh city, New York","NY",1185,1090,919.831223628692,"Adequate supply"
"3650067","NY New Cassel CDP, New York","NY",373,283,758.713136729222,"Adequate supply"
"3650100","NY New City CDP, New York","NY",1157,112,96.8020743301642,"Severe desert"
"3650397","NY New Hyde Park village, New York","NY",346,4,11.5606936416185,"Severe desert"
"3650551","NY New Paltz village, New York","NY",238,30,126.050420168067,"Moderate desert"
"3650617","NY New Rochelle city, New York","NY",4732,2655,561.073541842773,"Adequate supply"
"3650837","NY New Windsor CDP, New York","NY",391,38,97.1867007672634,"Severe desert"
"3651000","NY New York city, New York","NY",409001,228922,559.710122958135,"Adequate supply"
"3651262","NY Niskayuna CDP, New York","NY",418,116,277.511961722488,"Low availability"
"3651396","NY North Amityville CDP, New York","NY",664,397,597.89156626506,"Adequate supply"
"3651440","NY North Babylon CDP, New York","NY",418,25,59.8086124401914,"Severe desert"
"3651495","NY North Bay Shore CDP, New York","NY",332,142,427.710843373494,"Low availability"
"3651517","NY North Bellmore CDP, New York","NY",507,10,19.723865877712,"Severe desert"
"3652040","NY North Gates CDP, New York","NY",354,261,737.28813559322,"Adequate supply"
"3653198","NY North Lindenhurst CDP, New York","NY",465,97,208.602150537634,"Moderate desert"
"3653253","NY North Massapequa CDP, New York","NY",533,1,1.87617260787993,"Severe desert"
"3653264","NY North Merrick CDP, New York","NY",483,1,2.0703933747412,"Severe desert"
"3653275","NY North New Hyde Park CDP, New York","NY",259,1,3.86100386100386,"Severe desert"
"3653396","NY Northport village, New York","NY",452,16,35.3982300884956,"Severe desert"
"3653561","NY North Sea CDP, New York","NY",267,41,153.558052434457,"Moderate desert"
"3653682","NY North Tonawanda city, New York","NY",1324,864,652.567975830816,"Adequate supply"
"3653748","NY North Valley Stream CDP, New York","NY",595,8,13.4453781512605,"Severe desert"
"3653852","NY Northwest Harbor CDP, New York","NY",514,33,64.2023346303502,"Severe desert"
"3654100","NY Nyack village, New York","NY",419,518,1236.276849642,"Adequate supply"
"3654144","NY Oakdale CDP, New York","NY",327,158,483.180428134557,"Low availability"
"3654441","NY Oceanside CDP, New York","NY",952,125,131.302521008403,"Moderate desert"
"3654485","NY Ogdensburg city, New York","NY",324,51,157.407407407407,"Moderate desert"
"3654881","NY Oneonta city, New York","NY",202,197,975.247524752475,"Adequate supply"
"3655167","NY Orangeburg CDP, New York","NY",207,203,980.676328502415,"Adequate supply"
"3655189","NY Orange Lake CDP, New York","NY",366,15,40.983606557377,"Severe desert"
"3655266","NY Orchard Park village, New York","NY",244,6,24.5901639344262,"Severe desert"
"3655530","NY Ossining village, New York","NY",921,584,634.093376764386,"Adequate supply"
"3655574","NY Oswego city, New York","NY",395,749,1896.20253164557,"Adequate supply"
"3655992","NY Oyster Bay CDP, New York","NY",524,15,28.6259541984733,"Severe desert"
"3656660","NY Patchogue village, New York","NY",732,334,456.284153005464,"Low availability"
"3656902","NY Pearl River CDP, New York","NY",474,12,25.3164556962025,"Severe desert"
"3656979","NY Peekskill city, New York","NY",1195,1053,881.171548117155,"Adequate supply"
"3657001","NY Pelham village, New York","NY",219,40,182.648401826484,"Moderate desert"
"3658409","NY Plainedge CDP, New York","NY",330,3,9.09090909090909,"Severe desert"
"3658442","NY Plainview CDP, New York","NY",1014,2,1.9723865877712,"Severe desert"
"3658574","NY Plattsburgh city, New York","NY",1024,461,450.1953125,"Low availability"
"3658728","NY Pleasantville village, New York","NY",409,15,36.6748166259169,"Severe desert"
"3659223","NY Port Chester village, New York","NY",1142,315,275.831873905429,"Low availability"
"3659355","NY Port Jefferson village, New York","NY",214,16,74.7663551401869,"Severe desert"
"3659377","NY Port Jefferson Station CDP, New York","NY",318,52,163.522012578616,"Moderate desert"
"3659520","NY Port Washington CDP, New York","NY",681,108,158.590308370044,"Moderate desert"
"3659641","NY Poughkeepsie city, New York","NY",1013,1996,1970.38499506417,"Adequate supply"
"3660455","NY Radisson CDP, New York","NY",398,345,866.834170854271,"Adequate supply"
"3661148","NY Rensselaer city, New York","NY",313,285,910.543130990415,"Adequate supply"
"3661665","NY Ridge CDP, New York","NY",484,165,340.909090909091,"Low availability"
"3661973","NY Riverhead CDP, New York","NY",728,732,1005.49450549451,"Adequate supply"
"3663264","NY Rockville Centre village, New York","NY",1459,716,490.747087045922,"Low availability"
"3663319","NY Rocky Point CDP, New York","NY",385,34,88.3116883116883,"Severe desert"
"3663363","NY Roessleville CDP, New York","NY",265,93,350.943396226415,"Low availability"
"3663418","NY Rome city, New York","NY",758,1245,1642.48021108179,"Adequate supply"
"3663473","NY Ronkonkoma CDP, New York","NY",443,66,148.984198645598,"Moderate desert"
"3663770","NY Roslyn village, New York","NY",254,2,7.8740157480315,"Severe desert"
"3663924","NY Rotterdam CDP, New York","NY",376,205,545.212765957447,"Adequate supply"
"3664309","NY Rye city, New York","NY",704,123,174.715909090909,"Moderate desert"
"3664325","NY Rye Brook village, New York","NY",526,30,57.0342205323194,"Severe desert"
"3664584","NY St. James CDP, New York","NY",369,9,24.390243902439,"Severe desert"
"3664842","NY Salisbury CDP, New York","NY",543,2,3.68324125230203,"Severe desert"
"3665255","NY Saratoga Springs city, New York","NY",1812,671,370.309050772627,"Low availability"
"3665409","NY Sayville CDP, New York","NY",762,69,90.5511811023622,"Severe desert"
"3665431","NY Scarsdale village, New York","NY",274,1,3.64963503649635,"Severe desert"
"3665508","NY Schenectady city, New York","NY",2489,2265,910.004017677782,"Adequate supply"
"3665882","NY Scotchtown CDP, New York","NY",335,47,140.298507462687,"Moderate desert"
"3666058","NY Seaford CDP, New York","NY",482,2,4.149377593361,"Severe desert"
"3666212","NY Selden CDP, New York","NY",675,242,358.518518518519,"Low availability"
"3667070","NY Shirley CDP, New York","NY",786,198,251.908396946565,"Low availability"
"3667638","NY Sleepy Hollow village, New York","NY",558,310,555.555555555556,"Adequate supply"
"3667851","NY Smithtown CDP, New York","NY",919,312,339.499455930359,"Low availability"
"3668374","NY Sound Beach CDP, New York","NY",267,14,52.434456928839,"Severe desert"
"3668462","NY Southampton village, New York","NY",203,9,44.3349753694581,"Severe desert"
"3669001","NY South Farmingdale CDP, New York","NY",488,9,18.4426229508197,"Severe desert"
"3669254","NY South Huntington CDP, New York","NY",399,14,35.0877192982456,"Severe desert"
"3669606","NY Southport CDP, New York","NY",351,50,142.450142450142,"Moderate desert"
"3670387","NY Springs CDP, New York","NY",682,9,13.1964809384164,"Severe desert"
"3670420","NY Spring Valley village, New York","NY",578,1003,1735.29411764706,"Adequate supply"
"3671608","NY Stony Brook CDP, New York","NY",364,1,2.74725274725275,"Severe desert"
"3671663","NY Stony Point CDP, New York","NY",482,91,188.796680497925,"Moderate desert"
"3671894","NY Suffern village, New York","NY",450,101,224.444444444444,"Moderate desert"
"3673176","NY Tarrytown village, New York","NY",659,195,295.902883156297,"Low availability"
"3673352","NY Terryville CDP, New York","NY",322,138,428.571428571429,"Low availability"
"3674166","NY Tonawanda city, New York","NY",361,349,966.759002770083,"Adequate supply"
"3675021","NY Tonawanda Town CDP, New York","NY",2047,829,404.982901807523,"Low availability"
"3675484","NY Troy city, New York","NY",1275,2718,2131.76470588235,"Adequate supply"
"3675583","NY Tuckahoe village, New York","NY",346,225,650.28901734104,"Adequate supply"
"3676089","NY Uniondale CDP, New York","NY",865,177,204.624277456647,"Moderate desert"
"3676540","NY Utica city, New York","NY",1910,2629,1376.43979057592,"Adequate supply"
"3676661","NY Valley Cottage CDP, New York","NY",227,8,35.2422907488987,"Severe desert"
"3676705","NY Valley Stream village, New York","NY",1013,283,279.368213228036,"Low availability"
"3677574","NY Viola CDP, New York","NY",434,307,707.373271889401,"Adequate supply"
"3677772","NY Wading River CDP, New York","NY",572,7,12.2377622377622,"Severe desert"
"3677849","NY Walden village, New York","NY",529,118,223.062381852552,"Moderate desert"
"3678146","NY Wantagh CDP, New York","NY",658,3,4.55927051671732,"Severe desert"
"3678355","NY Warwick village, New York","NY",241,121,502.074688796681,"Adequate supply"
"3678465","NY Washingtonville village, New York","NY",321,17,52.9595015576324,"Severe desert"
"3678674","NY Watervliet city, New York","NY",702,604,860.39886039886,"Adequate supply"
"3678960","NY Webster village, New York","NY",277,345,1245.48736462094,"Adequate supply"
"3679092","NY Wellsville village, New York","NY",310,72,232.258064516129,"Moderate desert"
"3679246","NY West Babylon CDP, New York","NY",1140,292,256.140350877193,"Low availability"
"3679444","NY Westbury village, New York","NY",575,21,36.5217391304348,"Severe desert"
"3680082","NY West Glens Falls CDP, New York","NY",274,21,76.6423357664234,"Severe desert"
"3680203","NY West Haverstraw village, New York","NY",304,323,1062.5,"Adequate supply"
"3680225","NY West Hempstead CDP, New York","NY",566,19,33.5689045936396,"Severe desert"
"3680302","NY West Islip CDP, New York","NY",547,4,7.31261425959781,"Severe desert"
"3680423","NY Westmere CDP, New York","NY",216,44,203.703703703704,"Moderate desert"
"3680907","NY West Seneca CDP, New York","NY",1261,290,229.976209357653,"Moderate desert"
"3681677","NY White Plains city, New York","NY",2962,1273,429.777177582714,"Low availability"
"3682084","NY Williamsville village, New York","NY",239,102,426.778242677824,"Low availability"
"3682117","NY Williston Park village, New York","NY",277,3,10.8303249097473,"Severe desert"
"3682744","NY Woodbury CDP, New York","NY",444,1,2.25225225225225,"Severe desert"
"3682750","NY Woodbury village, New York","NY",302,34,112.582781456954,"Moderate desert"
"3682942","NY Woodmere CDP, New York","NY",473,9,19.0274841437632,"Severe desert"
"3683426","NY Yaphank CDP, New York","NY",201,21,104.477611940299,"Moderate desert"
"3684000","NY Yonkers city, New York","NY",9055,9803,1082.60629486472,"Adequate supply"
"3700160","NC Aberdeen town, North Carolina","NC",319,99,310.344827586207,"Low availability"
"3700680","NC Albemarle city, North Carolina","NC",630,313,496.825396825397,"Low availability"
"3701340","NC Anderson Creek CDP, North Carolina","NC",480,100,208.333333333333,"Moderate desert"
"3701520","NC Apex town, North Carolina","NC",1927,66,34.2501297353399,"Severe desert"
"3702140","NC Asheville city, North Carolina","NC",3825,3150,823.529411764706,"Adequate supply"
"3704840","NC Belmont city, North Carolina","NC",752,86,114.36170212766,"Moderate desert"
"3705040","NC Benson town, North Carolina","NC",245,39,159.183673469388,"Moderate desert"
"3706140","NC Black Mountain town, North Carolina","NC",369,78,211.382113821138,"Moderate desert"
"3706760","NC Boiling Spring Lakes city, North Carolina","NC",304,11,36.1842105263158,"Severe desert"
"3708760","NC Buies Creek CDP, North Carolina","NC",276,3,10.8695652173913,"Severe desert"
"3709060","NC Burlington city, North Carolina","NC",1349,1451,1075.61156412157,"Adequate supply"
"3710620","NC Carrboro town, North Carolina","NC",1239,178,143.664245359161,"Moderate desert"
"3710740","NC Cary town, North Carolina","NC",5574,212,38.0337280229638,"Severe desert"
"3711800","NC Chapel Hill town, North Carolina","NC",3421,257,75.1242326805028,"Severe desert"
"3712000","NC Charlotte city, North Carolina","NC",25227,9972,395.290759900107,"Low availability"
"3712860","NC Clayton town, North Carolina","NC",404,114,282.178217821782,"Low availability"
"3712960","NC Clemmons village, North Carolina","NC",832,24,28.8461538461538,"Severe desert"
"3714100","NC Concord city, North Carolina","NC",3364,394,117.122473246136,"Moderate desert"
"3714700","NC Cornelius town, North Carolina","NC",1030,43,41.747572815534,"Severe desert"
"3715320","NC Creedmoor city, North Carolina","NC",207,30,144.927536231884,"Moderate desert"
"3716400","NC Davidson town, North Carolina","NC",736,15,20.3804347826087,"Severe desert"
"3719000","NC Durham city, North Carolina","NC",9574,4384,457.906831000627,"Low availability"
"3720080","NC Eden city, North Carolina","NC",360,285,791.666666666667,"Adequate supply"
"3720580","NC Elizabeth City city, North Carolina","NC",366,871,2379.78142076503,"Adequate supply"
"3721095","NC Elon town, North Carolina","NC",350,10,28.5714285714286,"Severe desert"
"3721880","NC Etowah CDP, North Carolina","NC",228,36,157.894736842105,"Moderate desert"
"3722820","NC Farmville town, North Carolina","NC",215,78,362.790697674419,"Low availability"
"3722920","NC Fayetteville city, North Carolina","NC",5533,2635,476.233508042653,"Low availability"
"3725300","NC Fuquay-Varina town, North Carolina","NC",1106,184,166.365280289331,"Moderate desert"
"3725480","NC Garner town, North Carolina","NC",727,132,181.568088033012,"Moderate desert"
"3725580","NC Gastonia city, North Carolina","NC",1977,1851,936.267071320182,"Adequate supply"
"3725980","NC Gibsonville town, North Carolina","NC",250,30,120,"Moderate desert"
"3727280","NC Graham city, North Carolina","NC",564,449,796.099290780142,"Adequate supply"
"3728000","NC Greensboro city, North Carolina","NC",8327,6051,726.672270925904,"Adequate supply"
"3728080","NC Greenville city, North Carolina","NC",4513,1259,278.971859073787,"Low availability"
"3729180","NC Hampstead CDP, North Carolina","NC",272,3,11.0294117647059,"Severe desert"
"3729800","NC Harrisburg town, North Carolina","NC",507,56,110.453648915187,"Moderate desert"
"3730120","NC Havelock city, North Carolina","NC",299,131,438.127090301003,"Low availability"
"3730720","NC Hendersonville city, North Carolina","NC",378,622,1645.50264550265,"Adequate supply"
"3731060","NC Hickory city, North Carolina","NC",1150,1291,1122.60869565217,"Adequate supply"
"3731400","NC High Point city, North Carolina","NC",2529,2509,992.091735863978,"Adequate supply"
"3731620","NC Hillsborough town, North Carolina","NC",393,121,307.888040712468,"Low availability"
"3732260","NC Holly Springs town, North Carolina","NC",985,100,101.522842639594,"Moderate desert"
"3732640","NC Hope Mills town, North Carolina","NC",394,79,200.507614213198,"Moderate desert"
"3733120","NC Huntersville town, North Carolina","NC",1588,86,54.1561712846348,"Severe desert"
"3733560","NC Indian Trail town, North Carolina","NC",814,71,87.2235872235872,"Severe desert"
"3734200","NC Jacksonville city, North Carolina","NC",1034,833,805.609284332689,"Adequate supply"
"3735200","NC Kannapolis city, North Carolina","NC",1659,550,331.525015069319,"Low availability"
"3735600","NC Kernersville town, North Carolina","NC",1265,189,149.407114624506,"Moderate desert"
"3735870","NC Kings Grant CDP, North Carolina","NC",285,31,108.771929824561,"Moderate desert"
"3736080","NC Knightdale town, North Carolina","NC",578,131,226.643598615917,"Moderate desert"
"3736510","NC Lake Norman of Catawba CDP, North Carolina","NC",252,1,3.96825396825397,"Severe desert"
"3737680","NC Leland town, North Carolina","NC",612,63,102.941176470588,"Moderate desert"
"3738040","NC Lewisville town, North Carolina","NC",294,18,61.2244897959184,"Severe desert"
"3741960","NC Matthews town, North Carolina","NC",571,12,21.015761821366,"Severe desert"
"3742240","NC Mebane city, North Carolina","NC",797,187,234.629861982434,"Moderate desert"
"3743480","NC Mint Hill town, North Carolina","NC",782,7,8.95140664961637,"Severe desert"
"3743920","NC Monroe city, North Carolina","NC",938,560,597.014925373134,"Adequate supply"
"3744220","NC Mooresville town, North Carolina","NC",1539,201,130.604288499025,"Moderate desert"
"3744320","NC Morehead City town, North Carolina","NC",315,295,936.507936507937,"Adequate supply"
"3744520","NC Morrisville town, North Carolina","NC",805,6,7.45341614906832,"Severe desert"
"3744960","NC Mount Holly city, North Carolina","NC",524,48,91.6030534351145,"Severe desert"
"3745840","NC Myrtle Grove CDP, North Carolina","NC",476,18,37.8151260504202,"Severe desert"
"3746340","NC New Bern city, North Carolina","NC",966,1132,1171.84265010352,"Adequate supply"
"3747000","NC Newton city, North Carolina","NC",205,245,1195.12195121951,"Adequate supply"
"3748345","NC Oak Island town, North Carolina","NC",468,3,6.41025641025641,"Severe desert"
"3751940","NC Pinehurst village, North Carolina","NC",791,10,12.6422250316056,"Severe desert"
"3752260","NC Piney Green CDP, North Carolina","NC",239,37,154.811715481172,"Moderate desert"
"3752760","NC Pleasant Garden town, North Carolina","NC",247,1,4.04858299595142,"Severe desert"
"3755000","NC Raleigh city, North Carolina","NC",13740,4150,302.037845705968,"Low availability"
"3756900","NC Roanoke Rapids city, North Carolina","NC",333,464,1393.39339339339,"Adequate supply"
"3757500","NC Rocky Mount city, North Carolina","NC",1827,1238,677.613574165298,"Adequate supply"
"3757640","NC Rolesville town, North Carolina","NC",207,36,173.913043478261,"Moderate desert"
"3758730","NC St. Stephens CDP, North Carolina","NC",235,30,127.659574468085,"Moderate desert"
"3758860","NC Salisbury city, North Carolina","NC",1050,1479,1408.57142857143,"Adequate supply"
"3759280","NC Sanford city, North Carolina","NC",726,595,819.559228650138,"Adequate supply"
"3761200","NC Shelby city, North Carolina","NC",771,743,963.683527885863,"Adequate supply"
"3763120","NC Southern Pines town, North Carolina","NC",1053,351,333.333333333333,"Low availability"
"3764180","NC Spring Lake town, North Carolina","NC",381,140,367.45406824147,"Low availability"
"3764420","NC Stallings town, North Carolina","NC",203,3,14.7783251231527,"Severe desert"
"3764740","NC Statesville city, North Carolina","NC",606,681,1123.76237623762,"Adequate supply"
"3765040","NC Stokesdale town, North Carolina","NC",302,1,3.3112582781457,"Severe desert"
"3765900","NC Sunset Beach town, North Carolina","NC",336,11,32.7380952380952,"Severe desert"
"3767420","NC Thomasville city, North Carolina","NC",459,329,716.77559912854,"Adequate supply"
"3768400","NC Trinity city, North Carolina","NC",271,17,62.7306273062731,"Severe desert"
"3770540","NC Wake Forest town, North Carolina","NC",1468,107,72.8882833787466,"Severe desert"
"3771460","NC Waxhaw town, North Carolina","NC",432,14,32.4074074074074,"Severe desert"
"3771680","NC Weddington town, North Carolina","NC",437,1,2.2883295194508,"Severe desert"
"3771860","NC Wendell town, North Carolina","NC",250,71,284,"Low availability"
"3771940","NC Wesley Chapel village, North Carolina","NC",249,1,4.01606425702811,"Severe desert"
"3774440","NC Wilmington city, North Carolina","NC",4132,2369,573.330106485963,"Adequate supply"
"3775000","NC Winston-Salem city, North Carolina","NC",6389,5807,908.905932070747,"Adequate supply"
"3775060","NC Winterville town, North Carolina","NC",270,80,296.296296296296,"Low availability"
"3807200","ND Bismarck city, North Dakota","ND",2579,1389,538.580845288872,"Adequate supply"
"3819620","ND Dickinson city, North Dakota","ND",862,605,701.856148491879,"Adequate supply"
"3825700","ND Fargo city, North Dakota","ND",2699,2449,907.373101148573,"Adequate supply"
"3832060","ND Grand Forks city, North Dakota","ND",1467,2217,1511.24744376278,"Adequate supply"
"3840580","ND Jamestown city, North Dakota","ND",368,694,1885.86956521739,"Adequate supply"
"3849900","ND Mandan city, North Dakota","ND",438,620,1415.52511415525,"Adequate supply"
"3853380","ND Minot city, North Dakota","ND",1996,1081,541.583166332665,"Adequate supply"
"3882660","ND Wahpeton city, North Dakota","ND",211,243,1151.65876777251,"Adequate supply"
"3884780","ND West Fargo city, North Dakota","ND",1203,338,280.9642560266,"Low availability"
"3886220","ND Williston city, North Dakota","ND",997,213,213.640922768305,"Moderate desert"
"3901420","OH Alliance city, Ohio","OH",538,317,589.219330855019,"Adequate supply"
"3901742","OH Amelia CDP, Ohio","OH",219,139,634.703196347032,"Adequate supply"
"3901798","OH Amherst city, Ohio","OH",364,16,43.956043956044,"Severe desert"
"3902568","OH Ashland city, Ohio","OH",498,390,783.132530120482,"Adequate supply"
"3903086","OH Aurora city, Ohio","OH",483,6,12.4223602484472,"Severe desert"
"3903184","OH Austintown CDP, Ohio","OH",907,513,565.600882028666,"Adequate supply"
"3903352","OH Avon city, Ohio","OH",762,157,206.036745406824,"Moderate desert"
"3903464","OH Avon Lake city, Ohio","OH",999,154,154.154154154154,"Moderate desert"
"3903585","OH Bainbridge CDP, Ohio","OH",219,4,18.2648401826484,"Severe desert"
"3904416","OH Bay Village city, Ohio","OH",621,72,115.942028985507,"Moderate desert"
"3904500","OH Beachwood city, Ohio","OH",634,19,29.9684542586751,"Severe desert"
"3904720","OH Beavercreek city, Ohio","OH",1395,58,41.5770609318996,"Severe desert"
"3904840","OH Beckett Ridge CDP, Ohio","OH",314,3,9.55414012738853,"Severe desert"
"3904878","OH Bedford city, Ohio","OH",319,227,711.598746081505,"Adequate supply"
"3905130","OH Bellefontaine city, Ohio","OH",447,370,827.740492170022,"Adequate supply"
"3905690","OH Berea city, Ohio","OH",368,189,513.586956521739,"Adequate supply"
"3906278","OH Bexley city, Ohio","OH",482,50,103.734439834025,"Moderate desert"
"3907300","OH Blue Ash city, Ohio","OH",545,9,16.5137614678899,"Severe desert"
"3908364","OH Brecksville city, Ohio","OH",292,1,3.42465753424658,"Severe desert"
"3909064","OH Broadview Heights city, Ohio","OH",409,5,12.2249388753056,"Severe desert"
"3909246","OH Brooklyn city, Ohio","OH",266,30,112.781954887218,"Moderate desert"
"3909288","OH Brook Park city, Ohio","OH",428,21,49.0654205607477,"Severe desert"
"3909680","OH Brunswick city, Ohio","OH",1146,413,360.383944153578,"Low availability"
"3909792","OH Bryan city, Ohio","OH",328,70,213.414634146341,"Moderate desert"
"3910030","OH Bucyrus city, Ohio","OH",293,318,1085.32423208191,"Adequate supply"
"3911332","OH Canal Winchester city, Ohio","OH",409,47,114.914425427873,"Moderate desert"
"3911360","OH Canfield city, Ohio","OH",214,1,4.67289719626168,"Severe desert"
"3912168","OH Carlisle village, Ohio","OH",229,13,56.7685589519651,"Severe desert"
"3913190","OH Centerville city, Ohio","OH",660,277,419.69696969697,"Low availability"
"3913554","OH Chardon city, Ohio","OH",207,61,294.685990338164,"Low availability"
"3914100","OH Chesterland CDP, Ohio","OH",327,5,15.2905198776758,"Severe desert"
"3915000","OH Cincinnati city, Ohio","OH",14623,16009,1094.78219243657,"Adequate supply"
"3915070","OH Circleville city, Ohio","OH",490,478,975.510204081633,"Adequate supply"
"3915644","OH Clayton city, Ohio","OH",276,73,264.492753623188,"Low availability"
"3916014","OH Cleveland Heights city, Ohio","OH",2018,1439,713.082259663033,"Adequate supply"
"3918000","OH Columbus city, Ohio","OH",21975,20375,927.189988623436,"Adequate supply"
"3918350","OH Conneaut city, Ohio","OH",339,235,693.215339233038,"Adequate supply"
"3918812","OH Cortland city, Ohio","OH",209,11,52.6315789473684,"Severe desert"
"3919778","OH Cuyahoga Falls city, Ohio","OH",1595,731,458.307210031348,"Low availability"
"3921266","OH Deer Park city, Ohio","OH",256,17,66.40625,"Severe desert"
"3921308","OH Defiance city, Ohio","OH",271,296,1092.25092250923,"Adequate supply"
"3921434","OH Delaware city, Ohio","OH",1432,640,446.927374301676,"Low availability"
"3921742","OH Dent CDP, Ohio","OH",305,15,49.1803278688525,"Severe desert"
"3922456","OH Dover city, Ohio","OH",285,153,536.842105263158,"Adequate supply"
"3922694","OH Dublin city, Ohio","OH",1652,67,40.5569007263923,"Severe desert"
"3923618","OH Eastlake city, Ohio","OH",250,126,504,"Adequate supply"
"3925256","OH Elyria city, Ohio","OH",1799,1451,806.559199555309,"Adequate supply"
"3925396","OH Englewood city, Ohio","OH",323,100,309.597523219814,"Low availability"
"3925914","OH Fairborn city, Ohio","OH",848,943,1112.02830188679,"Adequate supply"
"3925970","OH Fairfield city, Ohio","OH",1212,90,74.2574257425743,"Severe desert"
"3926446","OH Fairview Park city, Ohio","OH",433,94,217.090069284065,"Moderate desert"
"3927048","OH Findlay city, Ohio","OH",728,924,1269.23076923077,"Adequate supply"
"3927706","OH Forest Park city, Ohio","OH",467,250,535.331905781585,"Adequate supply"
"3927776","OH Forestville CDP, Ohio","OH",697,143,205.164992826399,"Moderate desert"
"3928014","OH Fostoria city, Ohio","OH",254,200,787.40157480315,"Adequate supply"
"3928476","OH Franklin city, Ohio","OH",330,578,1751.51515151515,"Adequate supply"
"3928826","OH Fremont city, Ohio","OH",645,520,806.201550387597,"Adequate supply"
"3929106","OH Gahanna city, Ohio","OH",1327,207,155.990957045968,"Moderate desert"
"3929428","OH Garfield Heights city, Ohio","OH",670,759,1132.83582089552,"Adequate supply"
"3929932","OH Germantown city, Ohio","OH",295,37,125.423728813559,"Moderate desert"
"3931304","OH Grandview Heights city, Ohio","OH",238,3,12.6050420168067,"Severe desert"
"3931402","OH Granville village, Ohio","OH",203,7,34.4827586206897,"Severe desert"
"3931860","OH Green city, Ohio","OH",710,235,330.985915492958,"Low availability"
"3932536","OH Groesbeck CDP, Ohio","OH",242,47,194.214876033058,"Moderate desert"
"3932592","OH Grove City city, Ohio","OH",1013,218,215.202369200395,"Moderate desert"
"3933012","OH Hamilton city, Ohio","OH",1842,1311,711.726384364821,"Adequate supply"
"3933838","OH Harrison city, Ohio","OH",538,10,18.5873605947955,"Severe desert"
"3934748","OH Heath city, Ohio","OH",264,193,731.060606060606,"Adequate supply"
"3935252","OH Highland Heights city, Ohio","OH",329,2,6.0790273556231,"Severe desert"
"3935476","OH Hilliard city, Ohio","OH",1244,97,77.9742765273312,"Severe desert"
"3936610","OH Huber Heights city, Ohio","OH",1176,227,193.027210884354,"Moderate desert"
"3936651","OH Hudson city, Ohio","OH",863,6,6.95249130938586,"Severe desert"
"3937016","OH Huron city, Ohio","OH",250,58,232,"Moderate desert"
"3937842","OH Jackson city, Ohio","OH",273,209,765.567765567765,"Adequate supply"
"3939340","OH Johnstown village, Ohio","OH",239,100,418.410041841004,"Low availability"
"3939914","OH Kenwood CDP, Ohio","OH",448,3,6.69642857142857,"Severe desert"
"3940040","OH Kettering city, Ohio","OH",1733,452,260.819388343912,"Low availability"
"3940642","OH Kirtland city, Ohio","OH",374,4,10.6951871657754,"Severe desert"
"3941664","OH Lakewood city, Ohio","OH",1134,712,627.865961199294,"Adequate supply"
"3941720","OH Lancaster city, Ohio","OH",746,1251,1676.9436997319,"Adequate supply"
"3942364","OH Lebanon city, Ohio","OH",341,308,903.225806451613,"Adequate supply"
"3945108","OH Loveland city, Ohio","OH",372,221,594.086021505376,"Adequate supply"
"3945556","OH Lyndhurst city, Ohio","OH",309,6,19.4174757281553,"Severe desert"
"3946088","OH Mack CDP, Ohio","OH",496,3,6.04838709677419,"Severe desert"
"3946312","OH Madeira city, Ohio","OH",298,2,6.71140939597315,"Severe desert"
"3947306","OH Maple Heights city, Ohio","OH",536,730,1361.94029850746,"Adequate supply"
"3948160","OH Marysville city, Ohio","OH",543,281,517.495395948435,"Adequate supply"
"3948188","OH Mason city, Ohio","OH",961,101,105.098855359001,"Moderate desert"
"3948244","OH Massillon city, Ohio","OH",536,399,744.402985074627,"Adequate supply"
"3948342","OH Maumee city, Ohio","OH",341,17,49.8533724340176,"Severe desert"
"3948482","OH Mayfield Heights city, Ohio","OH",699,569,814.020028612303,"Adequate supply"
"3948790","OH Medina city, Ohio","OH",847,520,613.931523022432,"Adequate supply"
"3949056","OH Mentor city, Ohio","OH",1128,86,76.241134751773,"Severe desert"
"3949434","OH Miamisburg city, Ohio","OH",394,181,459.390862944162,"Low availability"
"3949644","OH Middleburg Heights city, Ohio","OH",250,23,92,"Severe desert"
"3949840","OH Middletown city, Ohio","OH",1629,1603,984.039287906691,"Adequate supply"
"3950176","OH Milford city, Ohio","OH",357,265,742.296918767507,"Adequate supply"
"3951310","OH Monroe city, Ohio","OH",293,29,98.9761092150171,"Severe desert"
"3953102","OH Mount Vernon city, Ohio","OH",347,574,1654.17867435158,"Adequate supply"
"3953550","OH Napoleon city, Ohio","OH",306,72,235.294117647059,"Moderate desert"
"3954040","OH Newark city, Ohio","OH",1223,1569,1282.91087489779,"Adequate supply"
"3954334","OH New Carlisle city, Ohio","OH",203,23,113.300492610837,"Moderate desert"
"3954562","OH New Franklin city, Ohio","OH",326,6,18.4049079754601,"Severe desert"
"3955216","OH New Philadelphia city, Ohio","OH",396,309,780.30303030303,"Adequate supply"
"3956294","OH North Canton city, Ohio","OH",440,16,36.3636363636364,"Severe desert"
"3956322","OH North College Hill city, Ohio","OH",494,203,410.931174089069,"Low availability"
"3956553","OH Northgate CDP, Ohio","OH",298,18,60.4026845637584,"Severe desert"
"3956882","OH North Olmsted city, Ohio","OH",1341,22,16.4056674123788,"Severe desert"
"3956938","OH Northridge CDP, Ohio","OH",277,55,198.5559566787,"Moderate desert"
"3956966","OH North Ridgeville city, Ohio","OH",532,15,28.1954887218045,"Severe desert"
"3957008","OH North Royalton city, Ohio","OH",505,2,3.96039603960396,"Severe desert"
"3957260","OH Norton city, Ohio","OH",451,4,8.86917960088692,"Severe desert"
"3957302","OH Norwalk city, Ohio","OH",577,467,809.358752166378,"Adequate supply"
"3957386","OH Norwood city, Ohio","OH",677,202,298.375184638109,"Low availability"
"3957764","OH Oakwood city, Ohio","OH",303,13,42.9042904290429,"Severe desert"
"3957834","OH Oberlin city, Ohio","OH",238,76,319.327731092437,"Low availability"
"3957862","OH Obetz village, Ohio","OH",270,193,714.814814814815,"Adequate supply"
"3958422","OH Olmsted Falls city, Ohio","OH",276,1,3.6231884057971,"Severe desert"
"3958604","OH Orange village, Ohio","OH",274,1,3.64963503649635,"Severe desert"
"3958730","OH Oregon city, Ohio","OH",436,147,337.155963302752,"Low availability"
"3959416","OH Painesville city, Ohio","OH",361,878,2432.13296398892,"Adequate supply"
"3961000","OH Parma city, Ohio","OH",2550,314,123.137254901961,"Moderate desert"
"3961028","OH Parma Heights city, Ohio","OH",487,147,301.848049281314,"Low availability"
"3961112","OH Pataskala city, Ohio","OH",373,125,335.120643431635,"Low availability"
"3962148","OH Perrysburg city, Ohio","OH",1021,255,249.75514201763,"Moderate desert"
"3962498","OH Pickerington city, Ohio","OH",297,43,144.781144781145,"Moderate desert"
"3962848","OH Piqua city, Ohio","OH",367,541,1474.11444141689,"Adequate supply"
"3964136","OH Portage Lakes CDP, Ohio","OH",202,67,331.683168316832,"Low availability"
"3964486","OH Powell city, Ohio","OH",408,2,4.90196078431373,"Severe desert"
"3965592","OH Ravenna city, Ohio","OH",324,838,2586.41975308642,"Adequate supply"
"3965732","OH Reading city, Ohio","OH",219,93,424.657534246575,"Low availability"
"3966390","OH Reynoldsburg city, Ohio","OH",1108,364,328.519855595668,"Low availability"
"3966894","OH Richmond Heights city, Ohio","OH",254,46,181.102362204724,"Moderate desert"
"3967468","OH Riverside city, Ohio","OH",620,210,338.709677419355,"Low availability"
"3968056","OH Rocky River city, Ohio","OH",758,122,160.949868073879,"Moderate desert"
"3969834","OH Salem city, Ohio","OH",336,312,928.571428571429,"Adequate supply"
"3971416","OH Seven Hills city, Ohio","OH",225,3,13.3333333333333,"Severe desert"
"3971682","OH Shaker Heights city, Ohio","OH",1031,390,378.27352085354,"Low availability"
"3971892","OH Sharonville city, Ohio","OH",413,13,31.4769975786925,"Severe desert"
"3972102","OH Shelby city, Ohio","OH",315,112,355.555555555556,"Low availability"
"3972424","OH Sidney city, Ohio","OH",251,257,1023.90438247012,"Adequate supply"
"3972928","OH Solon city, Ohio","OH",914,9,9.84682713347921,"Severe desert"
"3973264","OH South Euclid city, Ohio","OH",731,229,313.269493844049,"Low availability"
"3973446","OH South Lebanon village, Ohio","OH",354,68,192.090395480226,"Moderate desert"
"3974076","OH Springboro city, Ohio","OH",327,125,382.262996941896,"Low availability"
"3974104","OH Springdale city, Ohio","OH",401,358,892.768079800499,"Adequate supply"
"3974944","OH Stow city, Ohio","OH",1229,211,171.684296175753,"Moderate desert"
"3975014","OH Streetsboro city, Ohio","OH",470,159,338.297872340425,"Low availability"
"3975098","OH Strongsville city, Ohio","OH",1677,16,9.54084675014908,"Severe desert"
"3975126","OH Struthers city, Ohio","OH",292,59,202.054794520548,"Moderate desert"
"3975434","OH Summerside CDP, Ohio","OH",263,165,627.376425855513,"Adequate supply"
"3976022","OH Sylvania city, Ohio","OH",555,34,61.2612612612613,"Severe desert"
"3976106","OH Tallmadge city, Ohio","OH",422,324,767.772511848341,"Adequate supply"
"3976778","OH Tiffin city, Ohio","OH",398,287,721.105527638191,"Adequate supply"
"3976876","OH Tipp City city, Ohio","OH",336,159,473.214285714286,"Low availability"
"3977322","OH Trenton city, Ohio","OH",253,83,328.063241106719,"Low availability"
"3977588","OH Troy city, Ohio","OH",849,653,769.140164899882,"Adequate supply"
"3978050","OH Twinsburg city, Ohio","OH",390,108,276.923076923077,"Low availability"
"3978932","OH University Heights city, Ohio","OH",458,135,294.759825327511,"Low availability"
"3979002","OH Upper Arlington city, Ohio","OH",1393,19,13.6396267049533,"Severe desert"
"3979072","OH Urbana city, Ohio","OH",367,227,618.528610354223,"Adequate supply"
"3979492","OH Vandalia city, Ohio","OH",401,148,369.077306733167,"Low availability"
"3979562","OH Van Wert city, Ohio","OH",207,78,376.811594202899,"Low availability"
"3979716","OH Vermilion city, Ohio","OH",241,30,124.48132780083,"Moderate desert"
"3980304","OH Wadsworth city, Ohio","OH",524,267,509.541984732824,"Adequate supply"
"3980766","OH Wapakoneta city, Ohio","OH",229,130,567.685589519651,"Adequate supply"
"3981718","OH Washington Court House city, Ohio","OH",548,609,1111.31386861314,"Adequate supply"
"3983090","OH West Carrollton city, Ohio","OH",261,281,1076.62835249042,"Adequate supply"
"3983342","OH Westerville city, Ohio","OH",1204,327,271.594684385382,"Low availability"
"3983622","OH Westlake city, Ohio","OH",1180,16,13.5593220338983,"Severe desert"
"3984742","OH Whitehall city, Ohio","OH",421,356,845.605700712589,"Adequate supply"
"3984812","OH White Oak CDP, Ohio","OH",591,106,179.357021996616,"Moderate desert"
"3985036","OH Wickliffe city, Ohio","OH",314,100,318.471337579618,"Low availability"
"3985484","OH Willoughby city, Ohio","OH",854,656,768.149882903981,"Adequate supply"
"3985638","OH Willowick city, Ohio","OH",248,88,354.838709677419,"Low availability"
"3985792","OH Wilmington city, Ohio","OH",417,614,1472.42206235012,"Adequate supply"
"3986254","OH Withamsville CDP, Ohio","OH",441,77,174.603174603175,"Moderate desert"
"3986548","OH Wooster city, Ohio","OH",512,624,1218.75,"Adequate supply"
"3986604","OH Worthington city, Ohio","OH",487,26,53.388090349076,"Severe desert"
"3986730","OH Wyoming city, Ohio","OH",246,13,52.8455284552846,"Severe desert"
"3986772","OH Xenia city, Ohio","OH",715,1048,1465.73426573427,"Adequate supply"
"4000200","OK Ada city, Oklahoma","OK",321,222,691.588785046729,"Adequate supply"
"4001700","OK Altus city, Oklahoma","OK",474,189,398.73417721519,"Low availability"
"4002600","OK Ardmore city, Oklahoma","OK",580,385,663.793103448276,"Adequate supply"
"4004450","OK Bartlesville city, Oklahoma","OK",796,447,561.557788944724,"Adequate supply"
"4005700","OK Bethany city, Oklahoma","OK",494,279,564.777327935223,"Adequate supply"
"4006400","OK Bixby city, Oklahoma","OK",652,46,70.5521472392638,"Severe desert"
"4006700","OK Blanchard city, Oklahoma","OK",222,8,36.036036036036,"Severe desert"
"4009050","OK Broken Arrow city, Oklahoma","OK",3069,516,168.132942326491,"Moderate desert"
"4012900","OK Catoosa city, Oklahoma","OK",217,77,354.838709677419,"Low availability"
"4013950","OK Chickasha city, Oklahoma","OK",405,184,454.320987654321,"Low availability"
"4014200","OK Choctaw city, Oklahoma","OK",252,42,166.666666666667,"Moderate desert"
"4014700","OK Claremore city, Oklahoma","OK",263,258,980.988593155893,"Adequate supply"
"4016350","OK Collinsville city, Oklahoma","OK",270,14,51.8518518518518,"Severe desert"
"4021900","OK Duncan city, Oklahoma","OK",746,232,310.991957104558,"Low availability"
"4023200","OK Edmond city, Oklahoma","OK",3587,873,243.378868134932,"Moderate desert"
"4023700","OK El Reno city, Oklahoma","OK",363,178,490.358126721763,"Low availability"
"4023950","OK Enid city, Oklahoma","OK",1090,388,355.963302752294,"Low availability"
"4027200","OK Fort Gibson town, Oklahoma","OK",248,58,233.870967741935,"Moderate desert"
"4029600","OK Glenpool city, Oklahoma","OK",218,60,275.229357798165,"Low availability"
"4031700","OK Guthrie city, Oklahoma","OK",217,170,783.410138248848,"Adequate supply"
"4031750","OK Guymon city, Oklahoma","OK",321,1,3.11526479750779,"Severe desert"
"4037800","OK Jenks city, Oklahoma","OK",648,8,12.3456790123457,"Severe desert"
"4041850","OK Lawton city, Oklahoma","OK",2100,964,459.047619047619,"Low availability"
"4043750","OK Lone Grove city, Oklahoma","OK",205,3,14.6341463414634,"Severe desert"
"4048350","OK Midwest City city, Oklahoma","OK",1484,1124,757.412398921833,"Adequate supply"
"4049200","OK Moore city, Oklahoma","OK",1232,597,484.577922077922,"Low availability"
"4050100","OK Mustang city, Oklahoma","OK",498,148,297.18875502008,"Low availability"
"4051150","OK Newcastle city, Oklahoma","OK",249,54,216.867469879518,"Moderate desert"
"4052150","OK Noble city, Oklahoma","OK",432,31,71.7592592592593,"Severe desert"
"4052500","OK Norman city, Oklahoma","OK",3999,1522,380.595148787197,"Low availability"
"4055000","OK Oklahoma City city, Oklahoma","OK",27670,10628,384.098301409469,"Low availability"
"4056650","OK Owasso city, Oklahoma","OK",526,75,142.585551330798,"Moderate desert"
"4059850","OK Ponca City city, Oklahoma","OK",480,267,556.25,"Adequate supply"
"4065300","OK Sand Springs city, Oklahoma","OK",496,232,467.741935483871,"Low availability"
"4065400","OK Sapulpa city, Oklahoma","OK",587,213,362.862010221465,"Low availability"
"4066800","OK Shawnee city, Oklahoma","OK",988,531,537.449392712551,"Adequate supply"
"4073250","OK The Village city, Oklahoma","OK",395,23,58.2278481012658,"Severe desert"
"4075000","OK Tulsa city, Oklahoma","OK",12898,11532,894.092107303458,"Adequate supply"
"4075450","OK Tuttle city, Oklahoma","OK",218,1,4.58715596330275,"Severe desert"
"4078500","OK Warr Acres city, Oklahoma","OK",320,183,571.875,"Adequate supply"
"4079450","OK Weatherford city, Oklahoma","OK",299,92,307.692307692308,"Low availability"
"4082950","OK Yukon city, Oklahoma","OK",415,50,120.481927710843,"Moderate desert"
"4101000","OR Albany city, Oregon","OR",1313,1080,822.543792840823,"Adequate supply"
"4101650","OR Aloha CDP, Oregon","OR",1074,301,280.260707635009,"Low availability"
"4101850","OR Altamont CDP, Oregon","OR",499,283,567.134268537074,"Adequate supply"
"4103050","OR Ashland city, Oregon","OR",954,336,352.201257861635,"Low availability"
"4103150","OR Astoria city, Oregon","OR",360,254,705.555555555556,"Adequate supply"
"4103650","OR Baker City city, Oregon","OR",321,215,669.781931464174,"Adequate supply"
"4105350","OR Beaverton city, Oregon","OR",3619,1262,348.715114672562,"Low availability"
"4105800","OR Bend city, Oregon","OR",3671,746,203.214383001907,"Moderate desert"
"4105950","OR Bethany CDP, Oregon","OR",1260,60,47.6190476190476,"Severe desert"
"4110750","OR Canby city, Oregon","OR",934,94,100.642398286938,"Moderate desert"
"4112050","OR Cedar Hills CDP, Oregon","OR",224,12,53.5714285714286,"Severe desert"
"4112150","OR Cedar Mill CDP, Oregon","OR",1075,42,39.0697674418605,"Severe desert"
"4112400","OR Central Point city, Oregon","OR",510,245,480.392156862745,"Low availability"
"4115250","OR Coos Bay city, Oregon","OR",233,446,1914.16309012876,"Adequate supply"
"4115550","OR Cornelius city, Oregon","OR",293,24,81.9112627986348,"Severe desert"
"4115800","OR Corvallis city, Oregon","OR",2372,1060,446.880269814503,"Low availability"
"4115950","OR Cottage Grove city, Oregon","OR",290,133,458.620689655172,"Low availability"
"4117700","OR Dallas city, Oregon","OR",430,338,786.046511627907,"Adequate supply"
"4117800","OR Damascus CDP, Oregon","OR",235,6,25.531914893617,"Severe desert"
"4121550","OR Eagle Point city, Oregon","OR",307,114,371.335504885993,"Low availability"
"4123850","OR Eugene city, Oregon","OR",4928,2661,539.975649350649,"Adequate supply"
"4124250","OR Fairview city, Oregon","OR",510,228,447.058823529412,"Low availability"
"4126200","OR Forest Grove city, Oregon","OR",911,265,290.889132821076,"Low availability"
"4129000","OR Gladstone city, Oregon","OR",489,190,388.548057259714,"Low availability"
"4130550","OR Grants Pass city, Oregon","OR",996,781,784.136546184739,"Adequate supply"
"4130750","OR Green CDP, Oregon","OR",300,13,43.3333333333333,"Severe desert"
"4131250","OR Gresham city, Oregon","OR",3401,1922,565.127903557777,"Adequate supply"
"4132050","OR Happy Valley city, Oregon","OR",613,104,169.657422512235,"Moderate desert"
"4132850","OR Hayesville CDP, Oregon","OR",457,259,566.739606126915,"Adequate supply"
"4133700","OR Hermiston city, Oregon","OR",342,256,748.538011695906,"Adequate supply"
"4134100","OR Hillsboro city, Oregon","OR",2860,777,271.678321678322,"Low availability"
"4134900","OR Hood River city, Oregon","OR",372,169,454.301075268817,"Low availability"
"4136150","OR Independence city, Oregon","OR",297,138,464.646464646465,"Low availability"
"4137000","OR Jacksonville city, Oregon","OR",201,1,4.97512437810945,"Severe desert"
"4137400","OR Jennings Lodge CDP, Oregon","OR",423,123,290.780141843972,"Low availability"
"4138500","OR Keizer city, Oregon","OR",666,377,566.066066066066,"Adequate supply"
"4140350","OR La Grande city, Oregon","OR",254,592,2330.70866141732,"Adequate supply"
"4140550","OR Lake Oswego city, Oregon","OR",1458,73,50.0685871056241,"Severe desert"
"4141650","OR Lebanon city, Oregon","OR",463,564,1218.14254859611,"Adequate supply"
"4142600","OR Lincoln City city, Oregon","OR",235,295,1255.31914893617,"Adequate supply"
"4145000","OR McMinnville city, Oregon","OR",1283,989,770.849571317225,"Adequate supply"
"4147000","OR Medford city, Oregon","OR",2718,1812,666.666666666667,"Adequate supply"
"4147800","OR Metzger CDP, Oregon","OR",279,60,215.05376344086,"Moderate desert"
"4148650","OR Milwaukie city, Oregon","OR",444,278,626.126126126126,"Adequate supply"
"4149450","OR Molalla city, Oregon","OR",461,104,225.596529284165,"Moderate desert"
"4149550","OR Monmouth city, Oregon","OR",442,277,626.696832579186,"Adequate supply"
"4152100","OR Newberg city, Oregon","OR",949,358,377.239199157007,"Low availability"
"4152450","OR Newport city, Oregon","OR",268,271,1011.19402985075,"Adequate supply"
"4153000","OR North Bend city, Oregon","OR",425,200,470.588235294118,"Low availability"
"4153900","OR Oak Grove CDP, Oregon","OR",286,147,513.986013986014,"Adequate supply"
"4153988","OR Oak Hills CDP, Oregon","OR",346,24,69.364161849711,"Severe desert"
"4154325","OR Oatfield CDP, Oregon","OR",495,33,66.6666666666667,"Severe desert"
"4155200","OR Oregon City city, Oregon","OR",815,412,505.521472392638,"Adequate supply"
"4157150","OR Pendleton city, Oregon","OR",643,264,410.575427682737,"Low availability"
"4157450","OR Philomath city, Oregon","OR",231,71,307.359307359307,"Low availability"
"4159000","OR Portland city, Oregon","OR",32725,13977,427.104660045837,"Low availability"
"4159850","OR Prineville city, Oregon","OR",348,122,350.574712643678,"Low availability"
"4160900","OR Raleigh Hills CDP, Oregon","OR",474,66,139.240506329114,"Moderate desert"
"4161200","OR Redmond city, Oregon","OR",608,431,708.881578947368,"Adequate supply"
"4162300","OR River Road CDP, Oregon","OR",288,38,131.944444444444,"Moderate desert"
"4163650","OR Roseburg city, Oregon","OR",640,557,870.3125,"Adequate supply"
"4164600","OR St. Helens city, Oregon","OR",386,504,1305.69948186528,"Adequate supply"
"4164900","OR Salem city, Oregon","OR",6012,3127,520.126413838989,"Adequate supply"
"4165250","OR Sandy city, Oregon","OR",535,61,114.018691588785,"Moderate desert"
"4165400","OR Santa Clara CDP, Oregon","OR",256,24,93.75,"Severe desert"
"4167050","OR Sheridan city, Oregon","OR",246,126,512.19512195122,"Adequate supply"
"4167100","OR Sherwood city, Oregon","OR",313,40,127.79552715655,"Moderate desert"
"4167650","OR Silverton city, Oregon","OR",308,157,509.74025974026,"Adequate supply"
"4169600","OR Springfield city, Oregon","OR",2555,1001,391.780821917808,"Low availability"
"4170200","OR Stayton city, Oregon","OR",310,361,1164.51612903226,"Adequate supply"
"4172950","OR The Dalles city, Oregon","OR",253,579,2288.53754940711,"Adequate supply"
"4173650","OR Tigard city, Oregon","OR",2119,543,256.252949504483,"Low availability"
"4174850","OR Troutdale city, Oregon","OR",384,144,375,"Low availability"
"4174950","OR Tualatin city, Oregon","OR",1188,102,85.8585858585859,"Severe desert"
"4180025","OR West Haven-Sylvan CDP, Oregon","OR",386,18,46.6321243523316,"Severe desert"
"4180150","OR West Linn city, Oregon","OR",1013,24,23.6920039486673,"Severe desert"
"4180900","OR West Slope CDP, Oregon","OR",312,42,134.615384615385,"Moderate desert"
"4182800","OR Wilsonville city, Oregon","OR",712,120,168.539325842697,"Moderate desert"
"4183750","OR Woodburn city, Oregon","OR",717,455,634.588563458856,"Adequate supply"
"4200820","PA Aliquippa city, Pennsylvania","PA",377,365,968.169761273209,"Adequate supply"
"4202000","PA Allentown city, Pennsylvania","PA",2170,3082,1420.27649769585,"Adequate supply"
"4202056","PA Allison Park CDP, Pennsylvania","PA",519,10,19.2678227360308,"Severe desert"
"4202184","PA Altoona city, Pennsylvania","PA",1156,1529,1322.66435986159,"Adequate supply"
"4202416","PA Ancient Oaks CDP, Pennsylvania","PA",213,2,9.38967136150235,"Severe desert"
"4202832","PA Archbald borough, Pennsylvania","PA",219,37,168.949771689498,"Moderate desert"
"4202896","PA Ardmore CDP, Pennsylvania","PA",670,155,231.34328358209,"Moderate desert"
"4203008","PA Arlington Heights CDP, Pennsylvania","PA",211,26,123.222748815166,"Moderate desert"
"4203544","PA Audubon CDP, Pennsylvania","PA",315,1,3.17460317460317,"Severe desert"
"4203608","PA Avalon borough, Pennsylvania","PA",225,133,591.111111111111,"Adequate supply"
"4203895","PA Bala Cynwyd CDP, Pennsylvania","PA",391,13,33.2480818414322,"Severe desert"
"4203928","PA Baldwin borough, Pennsylvania","PA",671,313,466.467958271237,"Low availability"
"4205904","PA Berwyn CDP, Pennsylvania","PA",258,136,527.131782945737,"Adequate supply"
"4206064","PA Bethel Park municipality, Pennsylvania","PA",1311,180,137.299771167048,"Moderate desert"
"4206088","PA Bethlehem city, Pennsylvania","PA",1263,1618,1281.07680126682,"Adequate supply"
"4206504","PA Birdsboro borough, Pennsylvania","PA",261,15,57.4712643678161,"Severe desert"
"4206984","PA Blandon CDP, Pennsylvania","PA",247,8,32.3886639676113,"Severe desert"
"4207224","PA Blue Bell CDP, Pennsylvania","PA",302,7,23.1788079470199,"Severe desert"
"4207368","PA Boalsburg CDP, Pennsylvania","PA",215,59,274.418604651163,"Low availability"
"4208416","PA Brentwood borough, Pennsylvania","PA",246,161,654.471544715447,"Adequate supply"
"4208760","PA Bristol borough, Pennsylvania","PA",249,216,867.469879518072,"Adequate supply"
"4209248","PA Broomall CDP, Pennsylvania","PA",305,10,32.7868852459016,"Severe desert"
"4209728","PA Bryn Mawr CDP, Pennsylvania","PA",351,11,31.3390313390313,"Severe desert"
"4211000","PA Camp Hill borough, Pennsylvania","PA",313,10,31.9488817891374,"Severe desert"
"4211152","PA Canonsburg borough, Pennsylvania","PA",228,208,912.280701754386,"Adequate supply"
"4211272","PA Carlisle borough, Pennsylvania","PA",594,453,762.626262626263,"Adequate supply"
"4211720","PA Catasauqua borough, Pennsylvania","PA",211,217,1028.43601895735,"Adequate supply"
"4212504","PA Chalfont borough, Pennsylvania","PA",249,9,36.144578313253,"Severe desert"
"4212536","PA Chambersburg borough, Pennsylvania","PA",543,371,683.241252302026,"Adequate supply"
"4214264","PA Clifton Heights borough, Pennsylvania","PA",248,103,415.322580645161,"Low availability"
"4215328","PA Colonial Park CDP, Pennsylvania","PA",361,40,110.803324099723,"Moderate desert"
"4215384","PA Columbia borough, Pennsylvania","PA",300,429,1430,"Adequate supply"
"4215848","PA Conshohocken borough, Pennsylvania","PA",557,93,166.965888689408,"Moderate desert"
"4216848","PA Crafton borough, Pennsylvania","PA",244,232,950.819672131148,"Adequate supply"
"4219160","PA Dickson City borough, Pennsylvania","PA",241,79,327.800829875519,"Low availability"
"4219576","PA Dormont borough, Pennsylvania","PA",295,50,169.491525423729,"Moderate desert"
"4219784","PA Doylestown borough, Pennsylvania","PA",333,54,162.162162162162,"Moderate desert"
"4219920","PA Drexel Hill CDP, Pennsylvania","PA",823,108,131.227217496962,"Moderate desert"
"4220352","PA Dunmore borough, Pennsylvania","PA",712,104,146.067415730337,"Moderate desert"
"4221648","PA Easton city, Pennsylvania","PA",860,575,668.604651162791,"Adequate supply"
"4222104","PA East York CDP, Pennsylvania","PA",224,1,4.46428571428571,"Severe desert"
"4222672","PA Edwardsville borough, Pennsylvania","PA",234,421,1799.1452991453,"Adequate supply"
"4223016","PA Elizabethtown borough, Pennsylvania","PA",254,85,334.645669291339,"Low availability"
"4223128","PA Elkins Park CDP, Pennsylvania","PA",382,8,20.9424083769634,"Severe desert"
"4223584","PA Emmaus borough, Pennsylvania","PA",303,135,445.544554455446,"Low availability"
"4223832","PA Ephrata borough, Pennsylvania","PA",348,30,86.2068965517241,"Severe desert"
"4224440","PA Exton CDP, Pennsylvania","PA",208,1,4.80769230769231,"Severe desert"
"4224712","PA Fairless Hills CDP, Pennsylvania","PA",341,252,739.00293255132,"Adequate supply"
"4226408","PA Folcroft borough, Pennsylvania","PA",349,116,332.378223495702,"Low availability"
"4226432","PA Folsom CDP, Pennsylvania","PA",266,11,41.3533834586466,"Severe desert"
"4227552","PA Franklin Park borough, Pennsylvania","PA",323,3,9.28792569659443,"Severe desert"
"4228144","PA Fullerton CDP, Pennsylvania","PA",237,247,1042.194092827,"Adequate supply"
"4229800","PA Glenshaw CDP, Pennsylvania","PA",251,17,67.7290836653386,"Severe desert"
"4229808","PA Glenside CDP, Pennsylvania","PA",256,9,35.15625,"Severe desert"
"4231200","PA Greensburg city, Pennsylvania","PA",620,900,1451.61290322581,"Adequate supply"
"4231256","PA Green Tree borough, Pennsylvania","PA",322,10,31.055900621118,"Severe desert"
"4232448","PA Hanover borough, Pennsylvania","PA",244,160,655.737704918033,"Adequate supply"
"4232616","PA Harleysville CDP, Pennsylvania","PA",270,69,255.555555555556,"Low availability"
"4233088","PA Hatboro borough, Pennsylvania","PA",269,197,732.342007434944,"Adequate supply"
"4234064","PA Hermitage city, Pennsylvania","PA",650,296,455.384615384615,"Low availability"
"4234144","PA Hershey CDP, Pennsylvania","PA",513,248,483.430799220273,"Low availability"
"4235364","PA Homeacre-Lyndora CDP, Pennsylvania","PA",213,237,1112.67605633803,"Adequate supply"
"4235800","PA Horsham CDP, Pennsylvania","PA",376,12,31.9148936170213,"Severe desert"
"4237208","PA Irwin borough, Pennsylvania","PA",252,93,369.047619047619,"Low availability"
"4237955","PA Jefferson Hills borough, Pennsylvania","PA",389,25,64.26735218509,"Severe desert"
"4238000","PA Jenkintown borough, Pennsylvania","PA",374,29,77.5401069518717,"Severe desert"
"4239736","PA King of Prussia CDP, Pennsylvania","PA",829,23,27.7442702050663,"Severe desert"
"4239784","PA Kingston borough, Pennsylvania","PA",581,397,683.304647160069,"Adequate supply"
"4240608","PA Kulpsville CDP, Pennsylvania","PA",224,211,941.964285714286,"Adequate supply"
"4241216","PA Lancaster city, Pennsylvania","PA",1239,1902,1535.10895883777,"Adequate supply"
"4241432","PA Lansdale borough, Pennsylvania","PA",596,124,208.053691275168,"Moderate desert"
"4241440","PA Lansdowne borough, Pennsylvania","PA",401,98,244.389027431421,"Moderate desert"
"4242928","PA Levittown CDP, Pennsylvania","PA",1633,822,503.368034292713,"Adequate supply"
"4242976","PA Lewisburg borough, Pennsylvania","PA",228,208,912.280701754386,"Adequate supply"
"4243720","PA Linwood CDP, Pennsylvania","PA",211,131,620.85308056872,"Adequate supply"
"4244864","PA Lower Burrell city, Pennsylvania","PA",383,76,198.433420365535,"Moderate desert"
"4248480","PA Media borough, Pennsylvania","PA",222,10,45.045045045045,"Severe desert"
"4249128","PA Middletown borough, Pennsylvania","PA",460,169,367.391304347826,"Low availability"
"4250344","PA Monessen city, Pennsylvania","PA",299,63,210.702341137124,"Moderate desert"
"4250528","PA Monroeville municipality, Pennsylvania","PA",918,476,518.518518518518,"Adequate supply"
"4250672","PA Montgomeryville CDP, Pennsylvania","PA",312,8,25.6410256410256,"Severe desert"
"4251144","PA Morrisville borough, Pennsylvania","PA",426,202,474.178403755869,"Low availability"
"4251384","PA Mountain Top CDP, Pennsylvania","PA",482,15,31.1203319502075,"Severe desert"
"4251656","PA Mount Joy borough, Pennsylvania","PA",276,38,137.68115942029,"Moderate desert"
"4251744","PA Mount Oliver borough, Pennsylvania","PA",205,312,1521.9512195122,"Adequate supply"
"4251912","PA Mount Pocono borough, Pennsylvania","PA",252,28,111.111111111111,"Moderate desert"
"4252320","PA Munhall borough, Pennsylvania","PA",290,441,1520.68965517241,"Adequate supply"
"4252432","PA Murrysville municipality, Pennsylvania","PA",710,2,2.8169014084507,"Severe desert"
"4252584","PA Nanticoke city, Pennsylvania","PA",283,117,413.427561837456,"Low availability"
"4253464","PA New Cumberland borough, Pennsylvania","PA",263,35,133.079847908745,"Moderate desert"
"4253712","PA New Hope borough, Pennsylvania","PA",246,1,4.0650406504065,"Severe desert"
"4254656","PA Norristown borough, Pennsylvania","PA",801,1338,1670.41198501873,"Adequate supply"
"4254696","PA Northampton borough, Pennsylvania","PA",413,251,607.74818401937,"Adequate supply"
"4255000","PA Northern Cambria borough, Pennsylvania","PA",256,80,312.5,"Low availability"
"4255572","PA Northwest Harborcreek CDP, Pennsylvania","PA",261,52,199.233716475096,"Moderate desert"
"4255664","PA Norwood borough, Pennsylvania","PA",209,28,133.971291866029,"Moderate desert"
"4256088","PA Oakmont borough, Pennsylvania","PA",301,115,382.059800664452,"Low availability"
"4256456","PA Oil City city, Pennsylvania","PA",239,468,1958.1589958159,"Adequate supply"
"4256576","PA Old Forge borough, Pennsylvania","PA",333,87,261.261261261261,"Low availability"
"4257696","PA Palmerton borough, Pennsylvania","PA",332,99,298.192771084337,"Low availability"
"4257816","PA Paoli CDP, Pennsylvania","PA",300,12,40,"Severe desert"
"4258032","PA Parkesburg borough, Pennsylvania","PA",223,129,578.47533632287,"Adequate supply"
"4258036","PA Park Forest Village CDP, Pennsylvania","PA",686,37,53.935860058309,"Severe desert"
"4258240","PA Parkville CDP, Pennsylvania","PA",266,6,22.5563909774436,"Severe desert"
"4259312","PA Penn Wynne CDP, Pennsylvania","PA",359,1,2.78551532033426,"Severe desert"
"4259384","PA Perkasie borough, Pennsylvania","PA",312,22,70.5128205128205,"Severe desert"
"4260000","PA Philadelphia city, Pennsylvania","PA",58444,33198,568.030935596468,"Adequate supply"
"4260120","PA Phoenixville borough, Pennsylvania","PA",792,168,212.121212121212,"Moderate desert"
"4261000","PA Pittsburgh city, Pennsylvania","PA",11669,13839,1185.96280743851,"Adequate supply"
"4261536","PA Plum borough, Pennsylvania","PA",581,116,199.655765920826,"Moderate desert"
"4262416","PA Pottstown borough, Pennsylvania","PA",648,560,864.197530864197,"Adequate supply"
"4262432","PA Pottsville city, Pennsylvania","PA",325,517,1590.76923076923,"Adequate supply"
"4262736","PA Progress CDP, Pennsylvania","PA",256,85,332.03125,"Low availability"
"4262792","PA Prospect Park borough, Pennsylvania","PA",218,24,110.091743119266,"Moderate desert"
"4263048","PA Quakertown borough, Pennsylvania","PA",278,225,809.352517985611,"Adequate supply"
"4264464","PA Richboro CDP, Pennsylvania","PA",203,1,4.92610837438424,"Severe desert"
"4264784","PA Ridgway borough, Pennsylvania","PA",232,141,607.758620689655,"Adequate supply"
"4266144","PA Rosemont CDP, Pennsylvania","PA",209,1,4.78468899521531,"Severe desert"
"4266256","PA Roslyn CDP, Pennsylvania","PA",406,13,32.0197044334975,"Severe desert"
"4267712","PA Sanatoga CDP, Pennsylvania","PA",234,251,1072.64957264957,"Adequate supply"
"4268432","PA Scottdale borough, Pennsylvania","PA",213,21,98.5915492957746,"Severe desert"
"4269715","PA Shanor-Northvue CDP, Pennsylvania","PA",202,43,212.871287128713,"Moderate desert"
"4269752","PA Sharon Hill borough, Pennsylvania","PA",307,160,521.172638436482,"Adequate supply"
"4271856","PA Souderton borough, Pennsylvania","PA",260,123,473.076923076923,"Low availability"
"4273312","PA Spring Mount CDP, Pennsylvania","PA",205,1,4.8780487804878,"Severe desert"
"4273528","PA Spry CDP, Pennsylvania","PA",219,3,13.6986301369863,"Severe desert"
"4275648","PA Swarthmore borough, Pennsylvania","PA",268,1,3.73134328358209,"Severe desert"
"4275816","PA Swissvale borough, Pennsylvania","PA",389,540,1388.17480719794,"Adequate supply"
"4275832","PA Swoyersville borough, Pennsylvania","PA",223,34,152.466367713004,"Moderate desert"
"4277016","PA Toftrees CDP, Pennsylvania","PA",215,3,13.953488372093,"Severe desert"
"4280218","PA Village Green-Green Ridge CDP, Pennsylvania","PA",270,10,37.037037037037,"Severe desert"
"4281328","PA Washington city, Pennsylvania","PA",290,404,1393.10344827586,"Adequate supply"
"4281752","PA Wayne CDP, Pennsylvania","PA",393,1,2.54452926208651,"Severe desert"
"4281824","PA Waynesboro borough, Pennsylvania","PA",238,216,907.563025210084,"Adequate supply"
"4282008","PA Weigelstown CDP, Pennsylvania","PA",616,27,43.8311688311688,"Severe desert"
"4282704","PA West Chester borough, Pennsylvania","PA",451,391,866.962305986696,"Adequate supply"
"4283512","PA West Mifflin borough, Pennsylvania","PA",801,653,815.230961298377,"Adequate supply"
"4284144","PA West View borough, Pennsylvania","PA",205,46,224.390243902439,"Moderate desert"
"4284512","PA Whitehall borough, Pennsylvania","PA",653,160,245.022970903522,"Moderate desert"
"4285464","PA Willow Street CDP, Pennsylvania","PA",341,38,111.436950146628,"Moderate desert"
"4286288","PA Woodlyn CDP, Pennsylvania","PA",426,266,624.413145539906,"Adequate supply"
"4286776","PA Wyndmoor CDP, Pennsylvania","PA",241,3,12.448132780083,"Severe desert"
"4286880","PA Wyomissing borough, Pennsylvania","PA",276,14,50.7246376811594,"Severe desert"
"4286968","PA Yeadon borough, Pennsylvania","PA",267,161,602.996254681648,"Adequate supply"
"4419180","RI Cranston city, Rhode Island","RI",4157,1146,275.679576617753,"Low availability"
"4420260","RI Cumberland Hill CDP, Rhode Island","RI",352,112,318.181818181818,"Low availability"
"4422960","RI East Providence city, Rhode Island","RI",2118,1885,889.990557129367,"Adequate supply"
"4431600","RI Greenville CDP, Rhode Island","RI",293,6,20.4778156996587,"Severe desert"
"4448700","RI Narragansett Pier CDP, Rhode Island","RI",252,171,678.571428571429,"Adequate supply"
"4449960","RI Newport city, Rhode Island","RI",1390,1174,844.604316546763,"Adequate supply"
"4450140","RI Newport East CDP, Rhode Island","RI",814,387,475.429975429975,"Low availability"
"4454640","RI Pawtucket city, Rhode Island","RI",3581,2369,661.54705389556,"Adequate supply"
"4459000","RI Providence city, Rhode Island","RI",9601,7763,808.561608165816,"Adequate supply"
"4470700","RI Tiverton CDP, Rhode Island","RI",281,75,266.903914590747,"Low availability"
"4472500","RI Valley Falls CDP, Rhode Island","RI",347,227,654.178674351585,"Adequate supply"
"4473132","RI Wakefield-Peace Dale CDP, Rhode Island","RI",505,245,485.148514851485,"Low availability"
"4474300","RI Warwick city, Rhode Island","RI",3987,1438,360.67218459995,"Low availability"
"4476820","RI Westerly CDP, Rhode Island","RI",685,443,646.715328467153,"Adequate supply"
"4480780","RI Woonsocket city, Rhode Island","RI",1123,1912,1702.58236865539,"Adequate supply"
"4500550","SC Aiken city, South Carolina","SC",1618,676,417.799752781211,"Low availability"
"4504690","SC Beaufort city, South Carolina","SC",334,421,1260.47904191617,"Adequate supply"
"4507210","SC Bluffton town, South Carolina","SC",798,4,5.0125313283208,"Severe desert"
"4507345","SC Boiling Springs CDP, South Carolina","SC",283,86,303.886925795053,"Low availability"
"4510855","SC Camden city, South Carolina","SC",384,157,408.854166666667,"Low availability"
"4511833","SC Carolina Forest CDP, South Carolina","SC",817,51,62.4235006119951,"Severe desert"
"4512655","SC Cayce city, South Carolina","SC",324,174,537.037037037037,"Adequate supply"
"4513330","SC Charleston city, South Carolina","SC",7264,1892,260.462555066079,"Low availability"
"4515355","SC Clover town, South Carolina","SC",239,95,397.489539748954,"Low availability"
"4516000","SC Columbia city, South Carolina","SC",5715,3942,689.763779527559,"Adequate supply"
"4516405","SC Conway city, South Carolina","SC",783,272,347.381864623244,"Low availability"
"4521985","SC Easley city, South Carolina","SC",865,273,315.606936416185,"Low availability"
"4525540","SC Five Forks CDP, South Carolina","SC",440,3,6.81818181818182,"Severe desert"
"4525810","SC Florence city, South Carolina","SC",1262,799,633.122028526149,"Adequate supply"
"4526305","SC Forest Acres city, South Carolina","SC",352,40,113.636363636364,"Moderate desert"
"4526890","SC Fort Mill town, South Carolina","SC",636,266,418.238993710692,"Low availability"
"4527070","SC Fountain Inn city, South Carolina","SC",223,41,183.856502242152,"Moderate desert"
"4528455","SC Garden City CDP, South Carolina","SC",329,14,42.5531914893617,"Severe desert"
"4528870","SC Georgetown city, South Carolina","SC",294,140,476.190476190476,"Low availability"
"4529815","SC Goose Creek city, South Carolina","SC",1162,441,379.518072289157,"Low availability"
"4530850","SC Greenville city, South Carolina","SC",4214,2665,632.415757000475,"Adequate supply"
"4530985","SC Greer city, South Carolina","SC",1097,441,402.00546946217,"Low availability"
"4532065","SC Hanahan city, South Carolina","SC",645,63,97.6744186046512,"Severe desert"
"4532245","SC Hardeeville city, South Carolina","SC",486,16,32.9218106995885,"Severe desert"
"4534045","SC Hilton Head Island town, South Carolina","SC",1121,120,107.047279214987,"Moderate desert"
"4534495","SC Hollywood town, South Carolina","SC",218,17,77.9816513761468,"Severe desert"
"4535890","SC Irmo town, South Carolina","SC",410,131,319.512195121951,"Low availability"
"4536430","SC James Island town, South Carolina","SC",327,9,27.5229357798165,"Severe desert"
"4539220","SC Ladson CDP, South Carolina","SC",531,116,218.455743879473,"Moderate desert"
"4539785","SC Lake Wylie CDP, South Carolina","SC",551,1,1.81488203266788,"Severe desert"
"4541335","SC Lexington town, South Carolina","SC",589,171,290.322580645161,"Low availability"
"4541830","SC Litchfield Beach CDP, South Carolina","SC",290,41,141.379310344828,"Moderate desert"
"4542010","SC Little River CDP, South Carolina","SC",242,25,103.305785123967,"Moderate desert"
"4543000","SC Lugoff CDP, South Carolina","SC",336,84,250,"Low availability"
"4545115","SC Mauldin city, South Carolina","SC",621,198,318.840579710145,"Low availability"
"4547275","SC Moncks Corner town, South Carolina","SC",283,155,547.703180212014,"Adequate supply"
"4548535","SC Mount Pleasant town, South Carolina","SC",4275,7,1.6374269005848,"Severe desert"
"4548985","SC Murrells Inlet CDP, South Carolina","SC",405,2,4.93827160493827,"Severe desert"
"4549075","SC Myrtle Beach city, South Carolina","SC",1176,651,553.571428571429,"Adequate supply"
"4550695","SC North Augusta city, South Carolina","SC",1126,362,321.492007104796,"Low availability"
"4550875","SC North Charleston city, South Carolina","SC",2846,3251,1142.30498945889,"Adequate supply"
"4551280","SC North Myrtle Beach city, South Carolina","SC",453,2,4.41501103752759,"Severe desert"
"4551720","SC Oak Grove CDP, South Carolina","SC",459,45,98.0392156862745,"Severe desert"
"4556365","SC Piedmont CDP, South Carolina","SC",215,8,37.2093023255814,"Severe desert"
"4558030","SC Port Royal town, South Carolina","SC",257,133,517.509727626459,"Adequate supply"
"4558170","SC Powdersville CDP, South Carolina","SC",331,2,6.04229607250755,"Severe desert"
"4559110","SC Red Bank CDP, South Carolina","SC",229,44,192.139737991266,"Moderate desert"
"4559190","SC Red Hill CDP, South Carolina","SC",250,86,344,"Low availability"
"4561405","SC Rock Hill city, South Carolina","SC",1488,799,536.962365591398,"Adequate supply"
"4565095","SC Seneca city, South Carolina","SC",304,267,878.289473684211,"Adequate supply"
"4565207","SC Seven Oaks CDP, South Carolina","SC",216,290,1342.59259259259,"Adequate supply"
"4566580","SC Simpsonville city, South Carolina","SC",438,98,223.744292237443,"Moderate desert"
"4567390","SC Socastee CDP, South Carolina","SC",350,159,454.285714285714,"Low availability"
"4568290","SC Spartanburg city, South Carolina","SC",1577,2093,1327.20355104629,"Adequate supply"
"4570270","SC Summerville town, South Carolina","SC",1195,852,712.970711297071,"Adequate supply"
"4570405","SC Sumter city, South Carolina","SC",1348,947,702.522255192878,"Adequate supply"
"4571395","SC Taylors CDP, South Carolina","SC",473,330,697.674418604651,"Adequate supply"
"4571417","SC Tega Cay city, South Carolina","SC",273,2,7.32600732600733,"Severe desert"
"4573465","SC Valley Falls CDP, South Carolina","SC",247,63,255.060728744939,"Low availability"
"4573870","SC Wade Hampton CDP, South Carolina","SC",495,94,189.89898989899,"Moderate desert"
"4575535","SC Welcome CDP, South Carolina","SC",202,44,217.821782178218,"Moderate desert"
"4575850","SC West Columbia city, South Carolina","SC",505,95,188.118811881188,"Moderate desert"
"4577042","SC White Knoll CDP, South Carolina","SC",203,57,280.788177339901,"Low availability"
"4600100","SD Aberdeen city, South Dakota","SD",546,812,1487.17948717949,"Adequate supply"
"4606620","SD Box Elder city, South Dakota","SD",400,102,255,"Low availability"
"4607580","SD Brookings city, South Dakota","SD",338,515,1523.66863905325,"Adequate supply"
"4631060","SD Huron city, South Dakota","SD",428,448,1046.72897196262,"Adequate supply"
"4643100","SD Mitchell city, South Dakota","SD",290,524,1806.89655172414,"Adequate supply"
"4649600","SD Pierre city, South Dakota","SD",357,335,938.375350140056,"Adequate supply"
"4652980","SD Rapid City city, South Dakota","SD",1237,2150,1738.07599029911,"Adequate supply"
"4659020","SD Sioux Falls city, South Dakota","SD",5031,2947,585.768236931028,"Adequate supply"
"4660020","SD Spearfish city, South Dakota","SD",205,317,1546.34146341463,"Adequate supply"
"4662100","SD Sturgis city, South Dakota","SD",250,138,552,"Adequate supply"
"4666700","SD Vermillion city, South Dakota","SD",591,370,626.057529610829,"Adequate supply"
"4669300","SD Watertown city, South Dakota","SD",570,491,861.40350877193,"Adequate supply"
"4673060","SD Yankton city, South Dakota","SD",520,515,990.384615384615,"Adequate supply"
"4701480","TN Apison CDP, Tennessee","TN",224,1,4.46428571428571,"Severe desert"
"4701740","TN Arlington town, Tennessee","TN",452,3,6.63716814159292,"Severe desert"
"4702320","TN Athens city, Tennessee","TN",459,834,1816.99346405229,"Adequate supply"
"4702340","TN Atoka town, Tennessee","TN",324,3,9.25925925925926,"Severe desert"
"4703440","TN Bartlett city, Tennessee","TN",1546,9,5.82147477360931,"Severe desert"
"4708540","TN Bristol city, Tennessee","TN",531,280,527.306967984934,"Adequate supply"
"4714000","TN Chattanooga city, Tennessee","TN",4536,5618,1238.53615520282,"Adequate supply"
"4715160","TN Clarksville city, Tennessee","TN",5010,1363,272.055888223553,"Low availability"
"4715400","TN Cleveland city, Tennessee","TN",1091,943,864.344637946838,"Adequate supply"
"4715580","TN Clinton city, Tennessee","TN",204,352,1725.49019607843,"Adequate supply"
"4716420","TN Collierville town, Tennessee","TN",1289,1,0.775795190069822,"Severe desert"
"4716540","TN Columbia city, Tennessee","TN",1215,817,672.427983539095,"Adequate supply"
"4718540","TN Crossville city, Tennessee","TN",472,363,769.067796610169,"Adequate supply"
"4720620","TN Dickson city, Tennessee","TN",467,1059,2267.66595289079,"Adequate supply"
"4722200","TN Dyersburg city, Tennessee","TN",727,348,478.679504814305,"Low availability"
"4722340","TN Eagleton Village CDP, Tennessee","TN",203,55,270.935960591133,"Low availability"
"4722720","TN East Ridge city, Tennessee","TN",321,206,641.744548286604,"Adequate supply"
"4725440","TN Fairview city, Tennessee","TN",330,72,218.181818181818,"Moderate desert"
"4725760","TN Farragut town, Tennessee","TN",634,4,6.30914826498423,"Severe desert"
"4725920","TN Fayetteville city, Tennessee","TN",291,122,419.243986254296,"Low availability"
"4727740","TN Franklin city, Tennessee","TN",2144,326,152.05223880597,"Moderate desert"
"4728540","TN Gallatin city, Tennessee","TN",1401,928,662.384011420414,"Adequate supply"
"4729920","TN Goodlettsville city, Tennessee","TN",352,247,701.704545454545,"Adequate supply"
"4730980","TN Greeneville town, Tennessee","TN",548,317,578.467153284672,"Adequate supply"
"4731810","TN Halls CDP, Tennessee","TN",412,149,361.650485436893,"Low availability"
"4732600","TN Harrison CDP, Tennessee","TN",303,22,72.6072607260726,"Severe desert"
"4733260","TN Henderson city, Tennessee","TN",225,215,955.555555555556,"Adequate supply"
"4733280","TN Hendersonville city, Tennessee","TN",1464,359,245.218579234973,"Moderate desert"
"4737640","TN Jackson city, Tennessee","TN",1906,2542,1333.68310598111,"Adequate supply"
"4738320","TN Johnson City city, Tennessee","TN",2315,1772,765.442764578834,"Adequate supply"
"4739560","TN Kingsport city, Tennessee","TN",1575,2199,1396.19047619048,"Adequate supply"
"4740000","TN Knoxville city, Tennessee","TN",6428,9784,1522.09085252022,"Adequate supply"
"4741200","TN La Vergne city, Tennessee","TN",456,105,230.263157894737,"Moderate desert"
"4741520","TN Lebanon city, Tennessee","TN",1298,634,488.4437596302,"Low availability"
"4741760","TN Lenoir City city, Tennessee","TN",432,199,460.648148148148,"Low availability"
"4741860","TN Lewisburg city, Tennessee","TN",297,295,993.265993265993,"Adequate supply"
"4746380","TN Maryville city, Tennessee","TN",969,347,358.101135190918,"Low availability"
"4748000","TN Memphis city, Tennessee","TN",22060,14908,675.793291024479,"Adequate supply"
"4748360","TN Middle Valley CDP, Tennessee","TN",220,41,186.363636363636,"Moderate desert"
"4749060","TN Millington city, Tennessee","TN",334,19,56.8862275449102,"Severe desert"
"4750780","TN Mount Juliet city, Tennessee","TN",744,85,114.247311827957,"Moderate desert"
"4751560","TN Murfreesboro city, Tennessee","TN",3184,1497,470.163316582915,"Low availability"
"4752006","TN Nashville-Davidson metropolitan government (balance), Tennessee","TN",25966,17735,683.008549641839,"Adequate supply"
"4754920","TN Oakland town, Tennessee","TN",227,6,26.431718061674,"Severe desert"
"4755120","TN Oak Ridge city, Tennessee","TN",1115,758,679.820627802691,"Adequate supply"
"4760280","TN Portland city, Tennessee","TN",248,83,334.677419354839,"Low availability"
"4760480","TN Powell CDP, Tennessee","TN",615,226,367.479674796748,"Low availability"
"4761960","TN Red Bank city, Tennessee","TN",256,113,441.40625,"Low availability"
"4767120","TN Sevierville city, Tennessee","TN",231,154,666.666666666667,"Adequate supply"
"4767200","TN Seymour CDP, Tennessee","TN",400,17,42.5,"Severe desert"
"4767760","TN Shelbyville city, Tennessee","TN",498,176,353.413654618474,"Low availability"
"4769420","TN Smyrna town, Tennessee","TN",980,496,506.122448979592,"Adequate supply"
"4769560","TN Soddy-Daisy city, Tennessee","TN",292,28,95.8904109589041,"Severe desert"
"4770500","TN Springfield city, Tennessee","TN",227,251,1105.7268722467,"Adequate supply"
"4770580","TN Spring Hill city, Tennessee","TN",1758,6,3.41296928327645,"Severe desert"
"4775000","TN Trenton city, Tennessee","TN",273,96,351.648351648352,"Low availability"
"4775320","TN Tullahoma city, Tennessee","TN",349,390,1117.47851002865,"Adequate supply"
"4779980","TN White Bluff town, Tennessee","TN",208,93,447.115384615385,"Low availability"
"4780200","TN White House city, Tennessee","TN",408,35,85.7843137254902,"Severe desert"
"4801000","TX Abilene city, Texas","TX",2433,1803,741.060419235512,"Adequate supply"
"4801240","TX Addison town, Texas","TX",527,5,9.4876660341556,"Severe desert"
"4801576","TX Alamo city, Texas","TX",629,230,365.659777424483,"Low availability"
"4801600","TX Alamo Heights city, Texas","TX",408,9,22.0588235294118,"Severe desert"
"4801924","TX Allen city, Texas","TX",2731,222,81.288905162944,"Severe desert"
"4802272","TX Alvin city, Texas","TX",802,212,264.339152119701,"Low availability"
"4803000","TX Amarillo city, Texas","TX",4241,3858,909.691110587126,"Adequate supply"
"4803216","TX Andrews city, Texas","TX",468,17,36.3247863247863,"Severe desert"
"4803264","TX Angleton city, Texas","TX",733,217,296.043656207367,"Low availability"
"4803300","TX Anna city, Texas","TX",671,409,609.538002980626,"Adequate supply"
"4803600","TX Aransas Pass city, Texas","TX",475,134,282.105263157895,"Low availability"
"4803768","TX Argyle city, Texas","TX",225,7,31.1111111111111,"Severe desert"
"4804000","TX Arlington city, Texas","TX",9333,4628,495.87485267331,"Low availability"
"4804462","TX Atascocita CDP, Texas","TX",1647,445,270.188221007893,"Low availability"
"4804504","TX Athens city, Texas","TX",478,272,569.037656903766,"Adequate supply"
"4804600","TX Aubrey city, Texas","TX",207,106,512.07729468599,"Adequate supply"
"4805000","TX Austin city, Texas","TX",43815,9591,218.897637795276,"Moderate desert"
"4805168","TX Azle city, Texas","TX",355,12,33.8028169014084,"Severe desert"
"4805180","TX Bacliff CDP, Texas","TX",370,23,62.1621621621622,"Severe desert"
"4805372","TX Balch Springs city, Texas","TX",423,615,1453.90070921986,"Adequate supply"
"4805864","TX Bastrop city, Texas","TX",497,102,205.23138832998,"Moderate desert"
"4805984","TX Bay City city, Texas","TX",755,479,634.437086092715,"Adequate supply"
"4806128","TX Baytown city, Texas","TX",1654,986,596.130592503023,"Adequate supply"
"4807000","TX Beaumont city, Texas","TX",3032,4636,1529.02374670185,"Adequate supply"
"4807132","TX Bedford city, Texas","TX",1138,237,208.260105448155,"Moderate desert"
"4807192","TX Beeville city, Texas","TX",419,314,749.403341288783,"Adequate supply"
"4807300","TX Bellaire city, Texas","TX",786,20,25.4452926208651,"Severe desert"
"4807492","TX Belton city, Texas","TX",392,295,752.551020408163,"Adequate supply"
"4807552","TX Benbrook city, Texas","TX",589,80,135.823429541596,"Moderate desert"
"4808236","TX Big Spring city, Texas","TX",922,594,644.251626898048,"Adequate supply"
"4808392","TX Bishop city, Texas","TX",229,42,183.406113537118,"Moderate desert"
"4809160","TX Boerne city, Texas","TX",558,95,170.250896057348,"Moderate desert"
"4809250","TX Bolivar Peninsula CDP, Texas","TX",241,3,12.448132780083,"Severe desert"
"4809328","TX Bonham city, Texas","TX",271,285,1051.66051660517,"Adequate supply"
"4810156","TX Brenham city, Texas","TX",434,453,1043.77880184332,"Adequate supply"
"4810192","TX Briar CDP, Texas","TX",231,1,4.32900432900433,"Severe desert"
"4810252","TX Bridge City city, Texas","TX",350,36,102.857142857143,"Moderate desert"
"4810897","TX Brushy Creek CDP, Texas","TX",476,11,23.109243697479,"Severe desert"
"4810912","TX Bryan city, Texas","TX",3015,1392,461.691542288557,"Low availability"
"4811080","TX Buda city, Texas","TX",458,14,30.5676855895196,"Severe desert"
"4811368","TX Burkburnett city, Texas","TX",237,41,172.995780590717,"Moderate desert"
"4811428","TX Burleson city, Texas","TX",1414,108,76.3790664780764,"Severe desert"
"4811464","TX Burnet city, Texas","TX",372,141,379.032258064516,"Low availability"
"4812532","TX Canyon city, Texas","TX",595,62,104.201680672269,"Moderate desert"
"4812580","TX Canyon Lake CDP, Texas","TX",1054,28,26.5654648956357,"Severe desert"
"4813024","TX Carrollton city, Texas","TX",2931,357,121.801432958035,"Moderate desert"
"4813492","TX Cedar Hill city, Texas","TX",1355,687,507.011070110701,"Adequate supply"
"4813552","TX Cedar Park city, Texas","TX",2732,178,65.1537335285505,"Severe desert"
"4813684","TX Celina city, Texas","TX",810,67,82.7160493827161,"Severe desert"
"4814236","TX Channelview CDP, Texas","TX",568,149,262.323943661972,"Low availability"
"4814920","TX Cibolo city, Texas","TX",793,42,52.9634300126103,"Severe desert"
"4814929","TX Cinco Ranch CDP, Texas","TX",798,1,1.2531328320802,"Severe desert"
"4815364","TX Cleburne city, Texas","TX",505,415,821.782178217822,"Adequate supply"
"4815436","TX Cleveland city, Texas","TX",204,119,583.333333333333,"Adequate supply"
"4815976","TX College Station city, Texas","TX",5799,764,131.746852905673,"Moderate desert"
"4815988","TX Colleyville city, Texas","TX",579,3,5.18134715025907,"Severe desert"
"4816432","TX Conroe city, Texas","TX",1750,537,306.857142857143,"Low availability"
"4816468","TX Converse city, Texas","TX",940,316,336.170212765957,"Low availability"
"4816612","TX Coppell city, Texas","TX",1033,34,32.9138431752178,"Severe desert"
"4816624","TX Copperas Cove city, Texas","TX",1038,239,230.250481695568,"Moderate desert"
"4816696","TX Corinth city, Texas","TX",516,52,100.77519379845,"Moderate desert"
"4817000","TX Corpus Christi city, Texas","TX",6250,5410,865.6,"Adequate supply"
"4817060","TX Corsicana city, Texas","TX",488,276,565.573770491803,"Adequate supply"
"4817960","TX Crowley city, Texas","TX",402,84,208.955223880597,"Moderate desert"
"4819000","TX Dallas city, Texas","TX",54111,16103,297.591986841862,"Low availability"
"4819624","TX Deer Park city, Texas","TX",632,72,113.924050632911,"Moderate desert"
"4819792","TX Del Rio city, Texas","TX",1047,727,694.364851957975,"Adequate supply"
"4819900","TX Denison city, Texas","TX",296,359,1212.83783783784,"Adequate supply"
"4819972","TX Denton city, Texas","TX",5134,1065,207.440592130892,"Moderate desert"
"4820092","TX DeSoto city, Texas","TX",1406,922,655.761024182077,"Adequate supply"
"4820344","TX Dickinson city, Texas","TX",733,103,140.518417462483,"Moderate desert"
"4821556","TX Dumas city, Texas","TX",230,21,91.304347826087,"Severe desert"
"4821628","TX Duncanville city, Texas","TX",938,406,432.835820895522,"Low availability"
"4821892","TX Eagle Pass city, Texas","TX",1081,426,394.079555966698,"Low availability"
"4822132","TX Eastland city, Texas","TX",220,33,150,"Moderate desert"
"4822660","TX Edinburg city, Texas","TX",2689,1267,471.178876905913,"Low availability"
"4822864","TX El Campo city, Texas","TX",407,41,100.737100737101,"Moderate desert"
"4823044","TX Elgin city, Texas","TX",328,80,243.90243902439,"Moderate desert"
"4824000","TX El Paso city, Texas","TX",17852,13108,734.259466726417,"Adequate supply"
"4824348","TX Ennis city, Texas","TX",356,269,755.61797752809,"Adequate supply"
"4824768","TX Euless city, Texas","TX",1343,193,143.708116157856,"Moderate desert"
"4825224","TX Fairview town, Texas","TX",601,2,3.32778702163062,"Severe desert"
"4825452","TX Farmers Branch city, Texas","TX",892,20,22.4215246636771,"Severe desert"
"4825572","TX Fate city, Texas","TX",276,105,380.434782608696,"Low availability"
"4826160","TX Floresville city, Texas","TX",336,133,395.833333333333,"Low availability"
"4826232","TX Flower Mound town, Texas","TX",1968,53,26.9308943089431,"Severe desert"
"4826604","TX Forney city, Texas","TX",840,454,540.47619047619,"Adequate supply"
"4826808","TX Fort Stockton city, Texas","TX",489,153,312.883435582822,"Low availability"
"4827000","TX Fort Worth city, Texas","TX",24808,11808,475.975491776846,"Low availability"
"4827102","TX Four Corners CDP, Texas","TX",212,10,47.1698113207547,"Severe desert"
"4827348","TX Fredericksburg city, Texas","TX",264,37,140.151515151515,"Moderate desert"
"4827420","TX Freeport city, Texas","TX",253,152,600.790513833992,"Adequate supply"
"4827540","TX Fresno CDP, Texas","TX",396,59,148.989898989899,"Moderate desert"
"4827648","TX Friendswood city, Texas","TX",1384,16,11.5606936416185,"Severe desert"
"4827684","TX Frisco city, Texas","TX",5623,339,60.2881024364218,"Severe desert"
"4827876","TX Fulshear city, Texas","TX",364,4,10.989010989011,"Severe desert"
"4827984","TX Gainesville city, Texas","TX",281,640,2277.58007117438,"Adequate supply"
"4828068","TX Galveston city, Texas","TX",2365,1857,785.200845665962,"Adequate supply"
"4829000","TX Garland city, Texas","TX",4382,1753,400.045641259699,"Low availability"
"4829336","TX Georgetown city, Texas","TX",2463,213,86.4799025578563,"Severe desert"
"4829840","TX Glenn Heights city, Texas","TX",247,257,1040.48582995951,"Adequate supply"
"4830464","TX Grand Prairie city, Texas","TX",4027,1452,360.566178296499,"Low availability"
"4830644","TX Grapevine city, Texas","TX",1697,12,7.07130229817325,"Severe desert"
"4830920","TX Greenville city, Texas","TX",494,359,726.720647773279,"Adequate supply"
"4831328","TX Groves city, Texas","TX",445,43,96.6292134831461,"Severe desert"
"4831928","TX Haltom City city, Texas","TX",766,63,82.2454308093995,"Severe desert"
"4832312","TX Harker Heights city, Texas","TX",668,102,152.694610778443,"Moderate desert"
"4832372","TX Harlingen city, Texas","TX",1543,1077,697.99092676604,"Adequate supply"
"4832984","TX Heath city, Texas","TX",265,6,22.6415094339623,"Severe desert"
"4833320","TX Hereford city, Texas","TX",287,237,825.783972125436,"Adequate supply"
"4833560","TX Hidalgo city, Texas","TX",230,76,330.434782608696,"Low availability"
"4833824","TX Highland Park town, Texas","TX",435,1,2.29885057471264,"Severe desert"
"4833848","TX Highland Village city, Texas","TX",278,1,3.59712230215827,"Severe desert"
"4834220","TX Hitchcock city, Texas","TX",333,208,624.624624624625,"Adequate supply"
"4834673","TX Homestead Meadows South CDP, Texas","TX",203,25,123.152709359606,"Moderate desert"
"4834676","TX Hondo city, Texas","TX",206,44,213.592233009709,"Moderate desert"
"4834856","TX Hornsby Bend CDP, Texas","TX",390,171,438.461538461538,"Low availability"
"4835000","TX Houston city, Texas","TX",60472,20578,340.289720862548,"Low availability"
"4835348","TX Humble city, Texas","TX",474,415,875.527426160338,"Adequate supply"
"4835576","TX Hurst city, Texas","TX",1023,145,141.739980449658,"Moderate desert"
"4835624","TX Hutto city, Texas","TX",426,42,98.5915492957746,"Severe desert"
"4837000","TX Irving city, Texas","TX",4854,1121,230.94355170993,"Moderate desert"
"4837216","TX Jacksonville city, Texas","TX",493,520,1054.76673427992,"Adequate supply"
"4837612","TX Jersey Village city, Texas","TX",281,18,64.0569395017794,"Severe desert"
"4838080","TX Joshua city, Texas","TX",337,96,284.86646884273,"Low availability"
"4838476","TX Katy city, Texas","TX",554,13,23.4657039711191,"Severe desert"
"4838488","TX Kaufman city, Texas","TX",201,74,368.1592039801,"Low availability"
"4838548","TX Keene city, Texas","TX",213,14,65.7276995305164,"Severe desert"
"4838632","TX Keller city, Texas","TX",1631,47,28.8166768853464,"Severe desert"
"4838896","TX Kennedale city, Texas","TX",370,43,116.216216216216,"Moderate desert"
"4839040","TX Kerrville city, Texas","TX",425,139,327.058823529412,"Low availability"
"4839124","TX Kilgore city, Texas","TX",459,126,274.509803921569,"Low availability"
"4839148","TX Killeen city, Texas","TX",3899,2427,622.467299307515,"Adequate supply"
"4839352","TX Kingsville city, Texas","TX",1104,752,681.159420289855,"Adequate supply"
"4839952","TX Kyle city, Texas","TX",1049,54,51.4775977121068,"Severe desert"
"4840168","TX Lacy-Lakeview city, Texas","TX",220,126,572.727272727273,"Adequate supply"
"4840264","TX Lago Vista city, Texas","TX",376,6,15.9574468085106,"Severe desert"
"4840336","TX Laguna Vista town, Texas","TX",210,12,57.1428571428571,"Severe desert"
"4840588","TX Lake Jackson city, Texas","TX",882,170,192.743764172336,"Moderate desert"
"4840984","TX Lakeway city, Texas","TX",632,1,1.58227848101266,"Severe desert"
"4841116","TX La Marque city, Texas","TX",825,237,287.272727272727,"Low availability"
"4841212","TX Lancaster city, Texas","TX",1284,502,390.965732087227,"Low availability"
"4841440","TX La Porte city, Texas","TX",1066,222,208.255159474672,"Moderate desert"
"4841464","TX Laredo city, Texas","TX",4780,2106,440.585774058577,"Low availability"
"4841980","TX League City city, Texas","TX",3695,79,21.3802435723951,"Severe desert"
"4842016","TX Leander city, Texas","TX",1892,64,33.8266384778013,"Severe desert"
"4842388","TX Leon Valley city, Texas","TX",353,119,337.110481586402,"Low availability"
"4842448","TX Levelland city, Texas","TX",249,134,538.152610441767,"Adequate supply"
"4842508","TX Lewisville city, Texas","TX",3067,336,109.553309422889,"Moderate desert"
"4843012","TX Little Elm city, Texas","TX",1319,367,278.241091736164,"Low availability"
"4843096","TX Live Oak city, Texas","TX",250,42,168,"Moderate desert"
"4843132","TX Livingston town, Texas","TX",226,131,579.646017699115,"Adequate supply"
"4843240","TX Lockhart city, Texas","TX",447,72,161.073825503356,"Moderate desert"
"4843888","TX Longview city, Texas","TX",1564,1667,1065.85677749361,"Adequate supply"
"4844116","TX Los Fresnos city, Texas","TX",237,81,341.772151898734,"Low availability"
"4845000","TX Lubbock city, Texas","TX",8117,2539,312.800295675742,"Low availability"
"4845072","TX Lufkin city, Texas","TX",873,1117,1279.4959908362,"Adequate supply"
"4845096","TX Luling city, Texas","TX",222,41,184.684684684685,"Moderate desert"
"4845120","TX Lumberton city, Texas","TX",385,2,5.19480519480519,"Severe desert"
"4845384","TX McAllen city, Texas","TX",3122,1799,576.233183856502,"Adequate supply"
"4845744","TX McKinney city, Texas","TX",7104,1081,152.167792792793,"Moderate desert"
"4846452","TX Mansfield city, Texas","TX",1718,184,107.101280558789,"Moderate desert"
"4847496","TX Melissa city, Texas","TX",264,57,215.909090909091,"Moderate desert"
"4847892","TX Mesquite city, Texas","TX",3346,2293,685.295875672445,"Adequate supply"
"4848072","TX Midland city, Texas","TX",6043,709,117.325831540626,"Moderate desert"
"4848096","TX Midlothian city, Texas","TX",1194,13,10.8877721943049,"Severe desert"
"4848684","TX Mineral Wells city, Texas","TX",412,261,633.495145631068,"Adequate supply"
"4848768","TX Mission city, Texas","TX",1856,839,452.047413793103,"Low availability"
"4848772","TX Mission Bend CDP, Texas","TX",555,65,117.117117117117,"Moderate desert"
"4848804","TX Missouri City city, Texas","TX",1379,132,95.7215373459028,"Severe desert"
"4849800","TX Mount Pleasant city, Texas","TX",440,269,611.363636363636,"Adequate supply"
"4849968","TX Muleshoe city, Texas","TX",226,1,4.42477876106195,"Severe desert"
"4850092","TX Murillo CDP, Texas","TX",339,137,404.129793510324,"Low availability"
"4850100","TX Murphy city, Texas","TX",459,41,89.3246187363834,"Severe desert"
"4850580","TX Nederland city, Texas","TX",418,44,105.263157894737,"Moderate desert"
"4850820","TX New Braunfels city, Texas","TX",2695,479,177.736549165121,"Moderate desert"
"4851708","TX Nolanville city, Texas","TX",279,35,125.448028673835,"Moderate desert"
"4852356","TX North Richland Hills city, Texas","TX",1249,75,60.0480384307446,"Severe desert"
"4853388","TX Odessa city, Texas","TX",4620,1710,370.12987012987,"Low availability"
"4854132","TX Orange city, Texas","TX",421,793,1883.61045130641,"Adequate supply"
"4854912","TX Pampa city, Texas","TX",365,216,591.780821917808,"Adequate supply"
"4856000","TX Pasadena city, Texas","TX",2022,1172,579.624134520277,"Adequate supply"
"4856348","TX Pearland city, Texas","TX",2898,66,22.7743271221532,"Severe desert"
"4856482","TX Pecan Grove CDP, Texas","TX",602,12,19.9335548172757,"Severe desert"
"4857176","TX Pflugerville city, Texas","TX",1344,352,261.904761904762,"Low availability"
"4858016","TX Plano city, Texas","TX",8825,1451,164.419263456091,"Moderate desert"
"4858892","TX Port Isabel city, Texas","TX",332,161,484.939759036145,"Low availability"
"4858904","TX Portland city, Texas","TX",528,99,187.5,"Moderate desert"
"4858916","TX Port Lavaca city, Texas","TX",260,105,403.846153846154,"Low availability"
"4858940","TX Port Neches city, Texas","TX",403,142,352.357320099256,"Low availability"
"4859576","TX Princeton city, Texas","TX",333,93,279.279279279279,"Low availability"
"4859696","TX Prosper town, Texas","TX",436,20,45.8715596330275,"Severe desert"
"4861196","TX Red Oak city, Texas","TX",251,23,91.6334661354582,"Severe desert"
"4861568","TX Rendon CDP, Texas","TX",509,2,3.92927308447937,"Severe desert"
"4861796","TX Richardson city, Texas","TX",3818,422,110.529072812991,"Moderate desert"
"4861892","TX Richmond city, Texas","TX",536,149,277.985074626866,"Low availability"
"4862588","TX Robinson city, Texas","TX",217,26,119.815668202765,"Moderate desert"
"4862804","TX Rockport city, Texas","TX",292,99,339.041095890411,"Low availability"
"4862828","TX Rockwall city, Texas","TX",1107,226,204.155374887082,"Moderate desert"
"4863284","TX Rosenberg city, Texas","TX",1354,394,290.989660265879,"Low availability"
"4863500","TX Round Rock city, Texas","TX",3087,391,126.660187884678,"Moderate desert"
"4863572","TX Rowlett city, Texas","TX",1680,888,528.571428571429,"Adequate supply"
"4863668","TX Royse City city, Texas","TX",444,87,195.945945945946,"Moderate desert"
"4864064","TX Sachse city, Texas","TX",545,83,152.293577981651,"Moderate desert"
"4864112","TX Saginaw city, Texas","TX",506,73,144.268774703557,"Moderate desert"
"4864472","TX San Angelo city, Texas","TX",1852,1637,883.909287257019,"Adequate supply"
"4865000","TX San Antonio city, Texas","TX",32063,18236,568.755263075819,"Adequate supply"
"4865408","TX Sanger city, Texas","TX",200,9,45,"Severe desert"
"4865516","TX San Juan city, Texas","TX",494,214,433.198380566802,"Low availability"
"4865600","TX San Marcos city, Texas","TX",2891,268,92.7014873746108,"Severe desert"
"4865726","TX Santa Fe city, Texas","TX",318,4,12.5786163522013,"Severe desert"
"4866128","TX Schertz city, Texas","TX",735,48,65.3061224489796,"Severe desert"
"4866392","TX Seabrook city, Texas","TX",567,10,17.636684303351,"Severe desert"
"4866428","TX Seagoville city, Texas","TX",321,98,305.295950155763,"Low availability"
"4866644","TX Seguin city, Texas","TX",512,457,892.578125,"Adequate supply"
"4866704","TX Selma city, Texas","TX",240,12,50,"Severe desert"
"4867496","TX Sherman city, Texas","TX",624,571,915.064102564103,"Adequate supply"
"4867763","TX Sienna CDP, Texas","TX",405,2,4.93827160493827,"Severe desert"
"4868636","TX Socorro city, Texas","TX",877,125,142.531356898518,"Moderate desert"
"4869020","TX South Houston city, Texas","TX",473,208,439.746300211416,"Low availability"
"4869032","TX Southlake city, Texas","TX",768,1,1.30208333333333,"Severe desert"
"4869596","TX Spring CDP, Texas","TX",996,399,400.602409638554,"Low availability"
"4869908","TX Stafford city, Texas","TX",546,7,12.8205128205128,"Severe desert"
"4870154","TX Steiner Ranch CDP, Texas","TX",961,1,1.04058272632674,"Severe desert"
"4870208","TX Stephenville city, Texas","TX",897,221,246.376811594203,"Moderate desert"
"4870808","TX Sugar Land city, Texas","TX",3405,23,6.75477239353891,"Severe desert"
"4870904","TX Sulphur Springs city, Texas","TX",298,245,822.147651006711,"Adequate supply"
"4871156","TX Sunnyvale town, Texas","TX",274,43,156.934306569343,"Moderate desert"
"4871948","TX Taylor city, Texas","TX",471,160,339.702760084926,"Low availability"
"4872176","TX Temple city, Texas","TX",1994,1192,597.793380140421,"Adequate supply"
"4872284","TX Terrell city, Texas","TX",489,452,924.335378323108,"Adequate supply"
"4872392","TX Texas City city, Texas","TX",1299,669,515.011547344111,"Adequate supply"
"4872530","TX The Colony city, Texas","TX",1052,180,171.102661596958,"Moderate desert"
"4872656","TX The Woodlands CDP, Texas","TX",4850,1117,230.309278350515,"Moderate desert"
"4873057","TX Timberwood Park CDP, Texas","TX",921,6,6.51465798045603,"Severe desert"
"4873316","TX Tomball city, Texas","TX",468,21,44.8717948717949,"Severe desert"
"4873710","TX Trophy Club town, Texas","TX",365,28,76.7123287671233,"Severe desert"
"4874144","TX Tyler city, Texas","TX",2077,1384,666.345690900337,"Adequate supply"
"4874408","TX Universal City city, Texas","TX",429,67,156.177156177156,"Moderate desert"
"4874492","TX University Park city, Texas","TX",922,4,4.33839479392625,"Severe desert"
"4874588","TX Uvalde city, Texas","TX",478,385,805.439330543933,"Adequate supply"
"4875428","TX Victoria city, Texas","TX",2469,760,307.816929931146,"Low availability"
"4876000","TX Waco city, Texas","TX",5052,3008,595.407759303246,"Adequate supply"
"4876672","TX Watauga city, Texas","TX",566,83,146.643109540636,"Moderate desert"
"4876816","TX Waxahachie city, Texas","TX",767,227,295.958279009126,"Low availability"
"4876864","TX Weatherford city, Texas","TX",1101,462,419.618528610354,"Low availability"
"4876948","TX Webster city, Texas","TX",212,116,547.169811320755,"Adequate supply"
"4877196","TX Wells Branch CDP, Texas","TX",411,138,335.766423357664,"Low availability"
"4877272","TX Weslaco city, Texas","TX",1338,652,487.29446935725,"Low availability"
"4877728","TX West Odessa CDP, Texas","TX",818,12,14.6699266503667,"Severe desert"
"4878388","TX Whitehouse city, Texas","TX",235,40,170.212765957447,"Moderate desert"
"4878436","TX White Oak city, Texas","TX",249,2,8.03212851405622,"Severe desert"
"4878544","TX White Settlement city, Texas","TX",460,147,319.565217391304,"Low availability"
"4879000","TX Wichita Falls city, Texas","TX",2333,1546,662.666095156451,"Adequate supply"
"4879408","TX Willis city, Texas","TX",318,31,97.4842767295598,"Severe desert"
"4880356","TX Wylie city, Texas","TX",999,114,114.114114114114,"Moderate desert"
"4900540","UT Alpine city, Utah","UT",454,3,6.6079295154185,"Severe desert"
"4901310","UT American Fork city, Utah","UT",577,162,280.762564991335,"Low availability"
"4906810","UT Bluffdale city, Utah","UT",235,65,276.595744680851,"Low availability"
"4907690","UT Bountiful city, Utah","UT",1064,133,125,"Moderate desert"
"4908460","UT Brigham City city, Utah","UT",519,225,433.526011560694,"Low availability"
"4911320","UT Cedar City city, Utah","UT",619,263,424.878836833603,"Low availability"
"4911980","UT Centerville city, Utah","UT",467,22,47.1092077087794,"Severe desert"
"4913850","UT Clearfield city, Utah","UT",804,577,717.661691542289,"Adequate supply"
"4914290","UT Clinton city, Utah","UT",267,47,176.029962546817,"Moderate desert"
"4916270","UT Cottonwood Heights city, Utah","UT",875,82,93.7142857142857,"Severe desert"
"4920120","UT Draper city, Utah","UT",1329,92,69.2249811888638,"Severe desert"
"4920810","UT Eagle Mountain city, Utah","UT",350,31,88.5714285714286,"Severe desert"
"4924740","UT Farmington city, Utah","UT",536,60,111.940298507463,"Moderate desert"
"4934970","UT Herriman city, Utah","UT",1075,67,62.3255813953488,"Severe desert"
"4935190","UT Highland city, Utah","UT",246,1,4.0650406504065,"Severe desert"
"4936070","UT Holladay city, Utah","UT",866,96,110.854503464203,"Moderate desert"
"4937170","UT Hurricane city, Utah","UT",516,31,60.077519379845,"Severe desert"
"4938710","UT Ivins city, Utah","UT",224,5,22.3214285714286,"Severe desert"
"4940360","UT Kaysville city, Utah","UT",839,117,139.451728247914,"Moderate desert"
"4940470","UT Kearns metro township, Utah","UT",452,103,227.87610619469,"Moderate desert"
"4943660","UT Layton city, Utah","UT",1647,672,408.014571948998,"Low availability"
"4944320","UT Lehi city, Utah","UT",1112,125,112.410071942446,"Moderate desert"
"4945090","UT Lindon city, Utah","UT",264,19,71.969696969697,"Severe desert"
"4945860","UT Logan city, Utah","UT",820,405,493.90243902439,"Low availability"
"4947290","UT Magna metro township, Utah","UT",398,175,439.698492462312,"Low availability"
"4947950","UT Mapleton city, Utah","UT",214,8,37.3831775700935,"Severe desert"
"4949710","UT Midvale city, Utah","UT",1322,667,504.538577912254,"Adequate supply"
"4950150","UT Millcreek city, Utah","UT",2458,708,288.039056143206,"Low availability"
"4950700","UT Moab city, Utah","UT",325,65,200,"Moderate desert"
"4953230","UT Murray city, Utah","UT",1771,436,246.188594014681,"Moderate desert"
"4954990","UT North Logan city, Utah","UT",344,21,61.046511627907,"Severe desert"
"4955100","UT North Ogden city, Utah","UT",462,15,32.4675324675325,"Severe desert"
"4955210","UT North Salt Lake city, Utah","UT",364,67,184.065934065934,"Moderate desert"
"4955980","UT Ogden city, Utah","UT",2610,2282,874.329501915709,"Adequate supply"
"4957300","UT Orem city, Utah","UT",1339,360,268.857356235997,"Low availability"
"4958730","UT Payson city, Utah","UT",537,77,143.389199255121,"Moderate desert"
"4960930","UT Pleasant Grove city, Utah","UT",555,128,230.630630630631,"Moderate desert"
"4962470","UT Provo city, Utah","UT",1767,994,562.535370684776,"Adequate supply"
"4964340","UT Riverton city, Utah","UT",633,30,47.3933649289099,"Severe desert"
"4964670","UT Roosevelt city, Utah","UT",219,69,315.068493150685,"Low availability"
"4965110","UT Roy city, Utah","UT",696,85,122.126436781609,"Moderate desert"
"4965330","UT St. George city, Utah","UT",2059,379,184.069936862555,"Moderate desert"
"4967000","UT Salt Lake City city, Utah","UT",7975,3931,492.915360501567,"Low availability"
"4967440","UT Sandy city, Utah","UT",2171,355,163.519115614924,"Moderate desert"
"4967825","UT Saratoga Springs city, Utah","UT",562,18,32.0284697508897,"Severe desert"
"4970190","UT Snyderville CDP, Utah","UT",301,1,3.32225913621262,"Severe desert"
"4970850","UT South Jordan city, Utah","UT",1589,66,41.5355569540592,"Severe desert"
"4970960","UT South Ogden city, Utah","UT",385,94,244.155844155844,"Moderate desert"
"4971070","UT South Salt Lake city, Utah","UT",976,572,586.065573770492,"Adequate supply"
"4971290","UT Spanish Fork city, Utah","UT",626,92,146.964856230032,"Moderate desert"
"4972280","UT Springville city, Utah","UT",654,123,188.073394495413,"Moderate desert"
"4974810","UT Syracuse city, Utah","UT",293,76,259.38566552901,"Low availability"
"4975360","UT Taylorsville city, Utah","UT",1267,342,269.928966061563,"Low availability"
"4976680","UT Tooele city, Utah","UT",809,250,309.02348578492,"Low availability"
"4980090","UT Vernal city, Utah","UT",211,70,331.75355450237,"Low availability"
"4980420","UT Vineyard town, Utah","UT",297,13,43.7710437710438,"Severe desert"
"4981960","UT Washington city, Utah","UT",867,29,33.4486735870819,"Severe desert"
"4982930","UT West Haven city, Utah","UT",435,79,181.609195402299,"Moderate desert"
"4982950","UT West Jordan city, Utah","UT",2348,471,200.596252129472,"Moderate desert"
"4983470","UT West Valley City city, Utah","UT",2431,842,346.359522830111,"Low availability"
"4985370","UT Woods Cross city, Utah","UT",203,5,24.6305418719212,"Severe desert"
"5010675","VT Burlington city, Vermont","VT",2149,2130,991.158678455095,"Adequate supply"
"5024400","VT Essex Junction city, Vermont","VT",352,208,590.909090909091,"Adequate supply"
"5044275","VT Middlebury CDP, Vermont","VT",205,203,990.243902439024,"Adequate supply"
"5061225","VT Rutland city, Vermont","VT",428,925,2161.21495327103,"Adequate supply"
"5061675","VT St. Albans city, Vermont","VT",359,468,1303.62116991643,"Adequate supply"
"5064225","VT Shelburne CDP, Vermont","VT",322,72,223.60248447205,"Moderate desert"
"5066175","VT South Burlington city, Vermont","VT",751,571,760.319573901465,"Adequate supply"
"5084025","VT Wilder CDP, Vermont","VT",212,24,113.207547169811,"Moderate desert"
"5085150","VT Winooski city, Vermont","VT",392,776,1979.59183673469,"Adequate supply"
"5100148","VA Abingdon town, Virginia","VA",247,147,595.141700404858,"Adequate supply"
"5101000","VA Alexandria city, Virginia","VA",6468,3162,488.86827458256,"Low availability"
"5101912","VA Annandale CDP, Virginia","VA",1405,526,374.377224199288,"Low availability"
"5103000","VA Arlington CDP, Virginia","VA",12740,3052,239.56043956044,"Moderate desert"
"5103320","VA Ashburn CDP, Virginia","VA",1400,134,95.7142857142857,"Severe desert"
"5104088","VA Bailey's Crossroads CDP, Virginia","VA",1154,590,511.265164644714,"Adequate supply"
"5105928","VA Belle Haven CDP, Virginia","VA",246,70,284.552845528455,"Low availability"
"5106216","VA Bellwood CDP, Virginia","VA",243,127,522.633744855967,"Adequate supply"
"5106968","VA Berryville town, Virginia","VA",221,22,99.5475113122172,"Severe desert"
"5108152","VA Bluefield town, Virginia","VA",253,115,454.545454545455,"Low availability"
"5108472","VA Bon Air CDP, Virginia","VA",321,18,56.0747663551402,"Severe desert"
"5109072","VA Braddock CDP, Virginia","VA",294,5,17.0068027210884,"Severe desert"
"5109188","VA Brambleton CDP, Virginia","VA",598,38,63.5451505016722,"Severe desert"
"5109248","VA Brandermill CDP, Virginia","VA",267,9,33.7078651685393,"Severe desert"
"5109952","VA Broadlands CDP, Virginia","VA",203,39,192.118226600985,"Moderate desert"
"5110776","VA Buckhall CDP, Virginia","VA",509,14,27.5049115913556,"Severe desert"
"5111230","VA Bull Run CDP, Virginia","VA",558,409,732.974910394265,"Adequate supply"
"5111464","VA Burke CDP, Virginia","VA",1035,141,136.231884057971,"Moderate desert"
"5111470","VA Burke Centre CDP, Virginia","VA",443,121,273.13769751693,"Low availability"
"5113160","VA Carrollton CDP, Virginia","VA",223,5,22.4215246636771,"Severe desert"
"5113403","VA Cascades CDP, Virginia","VA",335,16,47.7611940298507,"Severe desert"
"5113720","VA Cave Spring CDP, Virginia","VA",658,95,144.376899696049,"Moderate desert"
"5114440","VA Centreville CDP, Virginia","VA",2146,385,179.403541472507,"Moderate desert"
"5114744","VA Chantilly CDP, Virginia","VA",600,132,220,"Moderate desert"
"5114968","VA Charlottesville city, Virginia","VA",2955,1003,339.424703891709,"Low availability"
"5115176","VA Cherry Hill CDP, Virginia","VA",825,430,521.212121212121,"Adequate supply"
"5116000","VA Chesapeake city, Virginia","VA",7209,2546,353.169649049799,"Low availability"
"5116096","VA Chester CDP, Virginia","VA",685,333,486.131386861314,"Low availability"
"5116608","VA Christiansburg town, Virginia","VA",1081,349,322.849213691027,"Low availability"
"5118448","VA Colonial Heights city, Virginia","VA",712,237,332.865168539326,"Low availability"
"5119560","VA Countryside CDP, Virginia","VA",233,6,25.7510729613734,"Severe desert"
"5120560","VA Crozet CDP, Virginia","VA",526,75,142.585551330798,"Moderate desert"
"5120752","VA Culpeper town, Virginia","VA",485,240,494.845360824742,"Low availability"
"5121088","VA Dale City CDP, Virginia","VA",1199,284,236.864053377815,"Moderate desert"
"5123732","VA Dulles Town Center CDP, Virginia","VA",211,62,293.838862559242,"Low availability"
"5124496","VA East Highland Park CDP, Virginia","VA",310,231,745.161290322581,"Adequate supply"
"5126496","VA Fairfax city, Virginia","VA",1118,74,66.1896243291592,"Severe desert"
"5126701","VA Fair Lakes CDP, Virginia","VA",339,32,94.3952802359882,"Severe desert"
"5126875","VA Fair Oaks CDP, Virginia","VA",1189,199,167.367535744323,"Moderate desert"
"5127200","VA Falls Church city, Virginia","VA",603,86,142.620232172471,"Moderate desert"
"5127264","VA Falmouth CDP, Virginia","VA",269,16,59.4795539033457,"Severe desert"
"5127968","VA Fishersville CDP, Virginia","VA",316,108,341.772151898734,"Low availability"
"5128688","VA Forest CDP, Virginia","VA",351,1,2.84900284900285,"Severe desert"
"5129136","VA Fort Hunt CDP, Virginia","VA",414,2,4.83091787439614,"Severe desert"
"5129552","VA Franconia CDP, Virginia","VA",517,47,90.9090909090909,"Severe desert"
"5129600","VA Franklin city, Virginia","VA",249,570,2289.15662650602,"Adequate supply"
"5129628","VA Franklin Farm CDP, Virginia","VA",399,9,22.5563909774436,"Severe desert"
"5129744","VA Fredericksburg city, Virginia","VA",1279,813,635.652853792025,"Adequate supply"
"5129968","VA Front Royal town, Virginia","VA",202,218,1079.20792079208,"Adequate supply"
"5130176","VA Gainesville CDP, Virginia","VA",640,117,182.8125,"Moderate desert"
"5131200","VA Glen Allen CDP, Virginia","VA",326,104,319.018404907975,"Low availability"
"5131616","VA Gloucester Point CDP, Virginia","VA",221,14,63.3484162895928,"Severe desert"
"5132496","VA Great Falls CDP, Virginia","VA",234,1,4.27350427350427,"Severe desert"
"5132592","VA Greenbriar CDP, Virginia","VA",225,15,66.6666666666667,"Severe desert"
"5133584","VA Groveton CDP, Virginia","VA",424,190,448.11320754717,"Low availability"
"5135000","VA Hampton city, Virginia","VA",5331,3910,733.445882573626,"Adequate supply"
"5135624","VA Harrisonburg city, Virginia","VA",1343,684,509.307520476545,"Adequate supply"
"5136648","VA Herndon town, Virginia","VA",623,79,126.805778491172,"Moderate desert"
"5137032","VA Highland Springs CDP, Virginia","VA",469,742,1582.08955223881,"Adequate supply"
"5137880","VA Hollins CDP, Virginia","VA",411,324,788.321167883212,"Adequate supply"
"5138032","VA Hollymead CDP, Virginia","VA",251,22,87.6494023904383,"Severe desert"
"5139064","VA Huntington CDP, Virginia","VA",438,101,230.593607305936,"Moderate desert"
"5139304","VA Hybla Valley CDP, Virginia","VA",558,832,1491.0394265233,"Adequate supply"
"5139448","VA Idylwood CDP, Virginia","VA",642,65,101.246105919003,"Moderate desert"
"5139544","VA Independent Hill CDP, Virginia","VA",205,6,29.2682926829268,"Severe desert"
"5139920","VA Innsbrook CDP, Virginia","VA",340,6,17.6470588235294,"Severe desert"
"5142680","VA Kings Park West CDP, Virginia","VA",459,11,23.9651416122004,"Severe desert"
"5142746","VA Kingstowne CDP, Virginia","VA",699,63,90.1287553648069,"Severe desert"
"5143352","VA Lake Barcroft CDP, Virginia","VA",380,30,78.9473684210526,"Severe desert"
"5143424","VA Lake Monticello CDP, Virginia","VA",250,15,60,"Severe desert"
"5143432","VA Lake Ridge CDP, Virginia","VA",1147,197,171.752397558849,"Moderate desert"
"5143464","VA Lakeside CDP, Virginia","VA",500,189,378,"Low availability"
"5144048","VA Lansdowne CDP, Virginia","VA",625,2,3.2,"Severe desert"
"5144280","VA Laurel CDP, Virginia","VA",400,162,405,"Low availability"
"5144430","VA Laurel Hill CDP, Virginia","VA",315,28,88.8888888888889,"Severe desert"
"5144984","VA Leesburg town, Virginia","VA",1577,252,159.797083069119,"Moderate desert"
"5145008","VA Leesylvania CDP, Virginia","VA",421,114,270.783847980998,"Low availability"
"5145512","VA Lexington city, Virginia","VA",394,131,332.48730964467,"Low availability"
"5145784","VA Lincolnia CDP, Virginia","VA",692,279,403.179190751445,"Low availability"
"5145957","VA Linton Hall CDP, Virginia","VA",359,23,64.066852367688,"Severe desert"
"5146760","VA Long Branch CDP, Virginia","VA",261,23,88.1226053639847,"Severe desert"
"5147064","VA Lorton CDP, Virginia","VA",520,262,503.846153846154,"Adequate supply"
"5147136","VA Loudoun Valley Estates CDP, Virginia","VA",222,4,18.018018018018,"Severe desert"
"5147296","VA Lowes Island CDP, Virginia","VA",213,2,9.38967136150235,"Severe desert"
"5147672","VA Lynchburg city, Virginia","VA",2054,2105,1024.82960077897,"Adequate supply"
"5148376","VA McLean CDP, Virginia","VA",2004,235,117.265469061876,"Moderate desert"
"5148450","VA McNair CDP, Virginia","VA",414,252,608.695652173913,"Adequate supply"
"5148520","VA Madison Heights CDP, Virginia","VA",221,52,235.294117647059,"Moderate desert"
"5148952","VA Manassas city, Virginia","VA",1151,236,205.03909643788,"Moderate desert"
"5148968","VA Manassas Park city, Virginia","VA",241,116,481.327800829876,"Low availability"
"5148996","VA Manchester CDP, Virginia","VA",286,29,101.398601398601,"Moderate desert"
"5149144","VA Mantua CDP, Virginia","VA",229,6,26.2008733624454,"Severe desert"
"5150568","VA Meadowbrook CDP, Virginia","VA",433,66,152.424942263279,"Moderate desert"
"5150856","VA Mechanicsville CDP, Virginia","VA",1238,281,226.978998384491,"Moderate desert"
"5151192","VA Merrifield CDP, Virginia","VA",827,54,65.2962515114873,"Severe desert"
"5151560","VA Midlothian CDP, Virginia","VA",630,11,17.4603174603175,"Severe desert"
"5152658","VA Montclair CDP, Virginia","VA",313,99,316.29392971246,"Low availability"
"5154144","VA Mount Vernon CDP, Virginia","VA",847,60,70.8382526564345,"Severe desert"
"5155752","VA Newington CDP, Virginia","VA",271,163,601.476014760148,"Adequate supply"
"5156000","VA Newport News city, Virginia","VA",7343,5961,811.793544872668,"Adequate supply"
"5157000","VA Norfolk city, Virginia","VA",6159,7018,1139.47069329437,"Adequate supply"
"5157531","VA North Shore CDP, Virginia","VA",219,4,18.2648401826484,"Severe desert"
"5158472","VA Oakton CDP, Virginia","VA",1156,349,301.903114186851,"Low availability"
"5161832","VA Petersburg city, Virginia","VA",1420,1475,1038.7323943662,"Adequate supply"
"5163768","VA Poquoson city, Virginia","VA",452,9,19.9115044247788,"Severe desert"
"5164000","VA Portsmouth city, Virginia","VA",3117,3474,1114.53320500481,"Adequate supply"
"5164880","VA Pulaski town, Virginia","VA",223,308,1381.16591928251,"Adequate supply"
"5165008","VA Purcellville town, Virginia","VA",257,19,73.9299610894942,"Severe desert"
"5165392","VA Radford city, Virginia","VA",759,340,447.957839262187,"Low availability"
"5166672","VA Reston CDP, Virginia","VA",2720,1153,423.897058823529,"Low availability"
"5167000","VA Richmond city, Virginia","VA",7441,6767,909.420776777315,"Adequate supply"
"5168000","VA Roanoke city, Virginia","VA",3325,3010,905.263157894737,"Adequate supply"
"5168880","VA Rose Hill CDP, Virginia","VA",455,88,193.406593406593,"Moderate desert"
"5170000","VA Salem city, Virginia","VA",742,211,284.366576819407,"Low availability"
"5171216","VA Seven Corners CDP, Virginia","VA",380,299,786.842105263158,"Adequate supply"
"5171810","VA Shenandoah Farms CDP, Virginia","VA",249,1,4.01606425702811,"Severe desert"
"5172272","VA Short Pump CDP, Virginia","VA",801,21,26.2172284644195,"Severe desert"
"5173200","VA Smithfield town, Virginia","VA",311,134,430.868167202572,"Low availability"
"5174100","VA South Riding CDP, Virginia","VA",717,61,85.0767085076708,"Severe desert"
"5174592","VA Springfield CDP, Virginia","VA",816,128,156.862745098039,"Moderate desert"
"5175216","VA Staunton city, Virginia","VA",521,531,1019.19385796545,"Adequate supply"
"5175376","VA Sterling CDP, Virginia","VA",940,190,202.127659574468,"Moderate desert"
"5175702","VA Stone Ridge CDP, Virginia","VA",215,26,120.93023255814,"Moderate desert"
"5176000","VA Strasburg town, Virginia","VA",216,129,597.222222222222,"Adequate supply"
"5176272","VA Stuarts Draft CDP, Virginia","VA",353,45,127.478753541076,"Moderate desert"
"5176416","VA Sudley CDP, Virginia","VA",340,56,164.705882352941,"Moderate desert"
"5176432","VA Suffolk city, Virginia","VA",3516,1441,409.840728100114,"Low availability"
"5176464","VA Sugarland Run CDP, Virginia","VA",261,18,68.9655172413793,"Severe desert"
"5178688","VA Timberlake CDP, Virginia","VA",322,34,105.590062111801,"Moderate desert"
"5179360","VA Triangle CDP, Virginia","VA",241,58,240.663900414938,"Moderate desert"
"5179560","VA Tuckahoe CDP, Virginia","VA",1224,297,242.647058823529,"Moderate desert"
"5179950","VA Tysons CDP, Virginia","VA",1231,337,273.761169780666,"Low availability"
"5180120","VA University Center CDP, Virginia","VA",257,28,108.949416342412,"Moderate desert"
"5181072","VA Vienna town, Virginia","VA",699,14,20.0286123032904,"Severe desert"
"5182000","VA Virginia Beach city, Virginia","VA",13298,3354,252.218378703564,"Low availability"
"5182371","VA Wakefield CDP, Virginia","VA",217,2,9.21658986175115,"Severe desert"
"5183680","VA Waynesboro city, Virginia","VA",484,519,1072.31404958678,"Adequate supply"
"5184368","VA West Falls Church CDP, Virginia","VA",804,217,269.900497512438,"Low availability"
"5184976","VA West Springfield CDP, Virginia","VA",579,34,58.7219343696028,"Severe desert"
"5186160","VA Williamsburg city, Virginia","VA",476,61,128.151260504202,"Moderate desert"
"5186720","VA Winchester city, Virginia","VA",700,258,368.571428571429,"Low availability"
"5187312","VA Woodbridge CDP, Virginia","VA",1190,377,316.806722689076,"Low availability"
"5187333","VA Woodburn CDP, Virginia","VA",236,15,63.5593220338983,"Severe desert"
"5187410","VA Woodlawn CDP, Virginia","VA",508,319,627.952755905512,"Adequate supply"
"5300100","WA Aberdeen city, Washington","WA",358,455,1270.94972067039,"Adequate supply"
"5300905","WA Airway Heights city, Washington","WA",259,200,772.200772200772,"Adequate supply"
"5301185","WA Alderwood Manor CDP, Washington","WA",293,54,184.300341296928,"Moderate desert"
"5301990","WA Anacortes city, Washington","WA",809,106,131.025957972806,"Moderate desert"
"5302585","WA Arlington city, Washington","WA",687,286,416.302765647744,"Low availability"
"5302910","WA Artondale CDP, Washington","WA",321,2,6.23052959501558,"Severe desert"
"5303180","WA Auburn city, Washington","WA",2297,891,387.89725729212,"Low availability"
"5303736","WA Bainbridge Island city, Washington","WA",824,100,121.359223300971,"Moderate desert"
"5304195","WA Barberton CDP, Washington","WA",243,6,24.6913580246914,"Severe desert"
"5304475","WA Battle Ground city, Washington","WA",623,109,174.959871589085,"Moderate desert"
"5305210","WA Bellevue city, Washington","WA",7180,1457,202.924791086351,"Moderate desert"
"5305280","WA Bellingham city, Washington","WA",2535,1648,650.098619329388,"Adequate supply"
"5306190","WA Birch Bay CDP, Washington","WA",390,17,43.5897435897436,"Severe desert"
"5306505","WA Blaine city, Washington","WA",272,67,246.323529411765,"Moderate desert"
"5307170","WA Bonney Lake city, Washington","WA",464,17,36.6379310344828,"Severe desert"
"5307380","WA Bothell city, Washington","WA",1815,175,96.4187327823691,"Severe desert"
"5307390","WA Bothell East CDP, Washington","WA",401,35,87.2817955112219,"Severe desert"
"5307395","WA Bothell West CDP, Washington","WA",543,28,51.5653775322284,"Severe desert"
"5307695","WA Bremerton city, Washington","WA",1659,1473,887.884267631103,"Adequate supply"
"5308552","WA Bryn Mawr-Skyway CDP, Washington","WA",832,251,301.682692307692,"Low availability"
"5308850","WA Burien city, Washington","WA",1541,578,375.081116158339,"Low availability"
"5308920","WA Burlington city, Washington","WA",318,128,402.51572327044,"Low availability"
"5309365","WA Camano CDP, Washington","WA",665,8,12.0300751879699,"Severe desert"
"5309480","WA Camas city, Washington","WA",799,88,110.137672090113,"Moderate desert"
"5311160","WA Centralia city, Washington","WA",401,241,600.997506234414,"Adequate supply"
"5311475","WA Chehalis city, Washington","WA",224,171,763.392857142857,"Adequate supply"
"5312680","WA Clarkston Heights-Vineland CDP, Washington","WA",390,15,38.4615384615385,"Severe desert"
"5314940","WA Cottage Lake CDP, Washington","WA",446,9,20.1793721973094,"Severe desert"
"5315290","WA Covington city, Washington","WA",519,106,204.238921001927,"Moderate desert"
"5317635","WA Des Moines city, Washington","WA",585,299,511.111111111111,"Adequate supply"
"5319035","WA Duvall city, Washington","WA",203,6,29.5566502463054,"Severe desert"
"5319630","WA Eastmont CDP, Washington","WA",676,74,109.467455621302,"Moderate desert"
"5319770","WA East Port Orchard CDP, Washington","WA",220,144,654.545454545455,"Adequate supply"
"5319857","WA East Renton Highlands CDP, Washington","WA",398,40,100.502512562814,"Moderate desert"
"5320155","WA East Wenatchee city, Washington","WA",238,151,634.453781512605,"Adequate supply"
"5320645","WA Edgewood city, Washington","WA",323,23,71.2074303405573,"Severe desert"
"5320750","WA Edmonds city, Washington","WA",1137,182,160.070360598065,"Moderate desert"
"5321205","WA Elk Plain CDP, Washington","WA",330,25,75.7575757575758,"Severe desert"
"5322045","WA Enumclaw city, Washington","WA",506,29,57.3122529644269,"Severe desert"
"5322080","WA Ephrata city, Washington","WA",230,55,239.130434782609,"Moderate desert"
"5322640","WA Everett city, Washington","WA",3417,4036,1181.15305823822,"Adequate supply"
"5323160","WA Fairwood CDP, Washington","WA",794,132,166.24685138539,"Moderate desert"
"5323165","WA Fairwood CDP, Washington","WA",278,92,330.935251798561,"Low availability"
"5323515","WA Federal Way city, Washington","WA",2870,1493,520.209059233449,"Adequate supply"
"5323550","WA Felida CDP, Washington","WA",391,3,7.67263427109974,"Severe desert"
"5323620","WA Ferndale city, Washington","WA",352,174,494.318181818182,"Low availability"
"5323795","WA Fife city, Washington","WA",256,119,464.84375,"Low availability"
"5324188","WA Five Corners CDP, Washington","WA",377,72,190.981432360743,"Moderate desert"
"5325475","WA Frederickson CDP, Washington","WA",337,95,281.899109792285,"Low availability"
"5326735","WA Gig Harbor city, Washington","WA",598,43,71.9063545150502,"Severe desert"
"5327785","WA Graham CDP, Washington","WA",770,45,58.4415584415584,"Severe desert"
"5330305","WA Hazel Dell CDP, Washington","WA",858,307,357.808857808858,"Low availability"
"5331495","WA Hobart CDP, Washington","WA",200,1,5,"Severe desert"
"5332300","WA Hoquiam city, Washington","WA",278,228,820.143884892086,"Adequate supply"
"5333805","WA Issaquah city, Washington","WA",1874,495,264.140875133405,"Low availability"
"5335065","WA Kelso city, Washington","WA",374,246,657.754010695187,"Adequate supply"
"5335170","WA Kenmore city, Washington","WA",1076,85,78.996282527881,"Severe desert"
"5335275","WA Kennewick city, Washington","WA",2618,1199,457.983193277311,"Low availability"
"5335415","WA Kent city, Washington","WA",3452,1836,531.865585168018,"Adequate supply"
"5335940","WA Kirkland city, Washington","WA",4104,650,158.382066276803,"Moderate desert"
"5336745","WA Lacey city, Washington","WA",1859,564,303.388918773534,"Low availability"
"5337270","WA Lake Forest Park city, Washington","WA",337,36,106.824925816024,"Moderate desert"
"5337420","WA Lakeland North CDP, Washington","WA",394,229,581.218274111675,"Adequate supply"
"5337430","WA Lakeland South CDP, Washington","WA",296,66,222.972972972973,"Moderate desert"
"5337900","WA Lake Stevens city, Washington","WA",812,384,472.906403940887,"Low availability"
"5337917","WA Lake Stickney CDP, Washington","WA",517,157,303.675048355899,"Low availability"
"5337920","WA Lake Tapps CDP, Washington","WA",386,2,5.18134715025907,"Severe desert"
"5338038","WA Lakewood city, Washington","WA",1948,1072,550.308008213552,"Adequate supply"
"5339335","WA Liberty Lake city, Washington","WA",321,25,77.8816199376947,"Severe desert"
"5340245","WA Longview city, Washington","WA",623,1173,1882.82504012841,"Adequate supply"
"5340805","WA Lynden city, Washington","WA",500,94,188,"Moderate desert"
"5340840","WA Lynnwood city, Washington","WA",1735,1464,843.804034582133,"Adequate supply"
"5342415","WA Maltby CDP, Washington","WA",289,1,3.46020761245675,"Severe desert"
"5342450","WA Manchester CDP, Washington","WA",340,9,26.4705882352941,"Severe desert"
"5343150","WA Maple Valley city, Washington","WA",824,121,146.844660194175,"Moderate desert"
"5343815","WA Martha Lake CDP, Washington","WA",690,92,133.333333333333,"Moderate desert"
"5343955","WA Marysville city, Washington","WA",2476,617,249.192245557351,"Moderate desert"
"5345005","WA Mercer Island city, Washington","WA",1478,91,61.5696887686062,"Severe desert"
"5345495","WA Midland CDP, Washington","WA",279,172,616.487455197133,"Adequate supply"
"5345865","WA Mill Creek city, Washington","WA",894,125,139.821029082774,"Moderate desert"
"5345870","WA Mill Creek East CDP, Washington","WA",414,23,55.5555555555556,"Severe desert"
"5346125","WA Minnehaha CDP, Washington","WA",291,78,268.041237113402,"Low availability"
"5346685","WA Monroe city, Washington","WA",452,104,230.088495575221,"Moderate desert"
"5347245","WA Moses Lake city, Washington","WA",895,224,250.279329608939,"Low availability"
"5347490","WA Mountlake Terrace city, Washington","WA",720,210,291.666666666667,"Low availability"
"5347560","WA Mount Vernon city, Washington","WA",1020,519,508.823529411765,"Adequate supply"
"5347630","WA Mount Vista CDP, Washington","WA",378,11,29.1005291005291,"Severe desert"
"5347735","WA Mukilteo city, Washington","WA",846,51,60.2836879432624,"Severe desert"
"5348645","WA Newcastle city, Washington","WA",733,75,102.319236016371,"Moderate desert"
"5349415","WA Normandy Park city, Washington","WA",394,3,7.61421319796954,"Severe desert"
"5349485","WA North Bend city, Washington","WA",420,38,90.4761904761905,"Severe desert"
"5349940","WA North Lynnwood CDP, Washington","WA",916,225,245.633187772926,"Moderate desert"
"5350360","WA Oak Harbor city, Washington","WA",545,231,423.853211009174,"Low availability"
"5350570","WA Ocean Shores city, Washington","WA",253,9,35.5731225296443,"Severe desert"
"5351300","WA Olympia city, Washington","WA",2704,1473,544.748520710059,"Adequate supply"
"5351340","WA Omak city, Washington","WA",206,162,786.407766990291,"Adequate supply"
"5351795","WA Orchards CDP, Washington","WA",489,120,245.398773006135,"Moderate desert"
"5352495","WA Pacific city, Washington","WA",270,52,192.592592592593,"Moderate desert"
"5353335","WA Parkland CDP, Washington","WA",763,748,980.340760157274,"Adequate supply"
"5353440","WA Parkwood CDP, Washington","WA",270,198,733.333333333333,"Adequate supply"
"5353545","WA Pasco city, Washington","WA",1511,279,184.645929847783,"Moderate desert"
"5354213","WA Picnic Point CDP, Washington","WA",256,19,74.21875,"Severe desert"
"5355365","WA Port Angeles city, Washington","WA",425,560,1317.64705882353,"Adequate supply"
"5355645","WA Port Ludlow CDP, Washington","WA",203,1,4.92610837438424,"Severe desert"
"5355785","WA Port Orchard city, Washington","WA",472,301,637.71186440678,"Adequate supply"
"5355855","WA Port Townsend city, Washington","WA",330,206,624.242424242424,"Adequate supply"
"5355995","WA Poulsbo city, Washington","WA",617,173,280.388978930308,"Low availability"
"5356170","WA Prairie Ridge CDP, Washington","WA",200,5,25,"Severe desert"
"5356695","WA Puyallup city, Washington","WA",1142,335,293.345008756567,"Low availability"
"5357535","WA Redmond city, Washington","WA",3539,649,183.385137044363,"Moderate desert"
"5357745","WA Renton city, Washington","WA",3269,1223,374.120526154787,"Low availability"
"5358235","WA Richland city, Washington","WA",1731,648,374.350086655113,"Low availability"
"5358410","WA Ridgefield city, Washington","WA",289,11,38.0622837370242,"Severe desert"
"5361000","WA Salmon Creek CDP, Washington","WA",574,110,191.637630662021,"Moderate desert"
"5361115","WA Sammamish city, Washington","WA",1740,74,42.5287356321839,"Severe desert"
"5362288","WA SeaTac city, Washington","WA",743,399,537.012113055182,"Adequate supply"
"5363000","WA Seattle city, Washington","WA",46801,15224,325.292194611226,"Low availability"
"5363210","WA Sedro-Woolley city, Washington","WA",270,61,225.925925925926,"Moderate desert"
"5363280","WA Selah city, Washington","WA",203,72,354.679802955665,"Low availability"
"5363385","WA Sequim city, Washington","WA",361,121,335.180055401662,"Low availability"
"5363735","WA Shelton city, Washington","WA",319,170,532.915360501567,"Adequate supply"
"5363960","WA Shoreline city, Washington","WA",2377,595,250.315523769457,"Low availability"
"5364365","WA Silverdale CDP, Washington","WA",746,228,305.630026809651,"Low availability"
"5364380","WA Silver Firs CDP, Washington","WA",600,13,21.6666666666667,"Severe desert"
"5365170","WA Snohomish city, Washington","WA",390,109,279.48717948718,"Low availability"
"5365922","WA South Hill CDP, Washington","WA",1312,202,153.963414634146,"Moderate desert"
"5366255","WA Spanaway CDP, Washington","WA",884,228,257.918552036199,"Low availability"
"5367000","WA Spokane city, Washington","WA",4573,5328,1165.09949704789,"Adequate supply"
"5367167","WA Spokane Valley city, Washington","WA",3451,1268,367.429730512895,"Low availability"
"5367455","WA Stanwood city, Washington","WA",415,75,180.722891566265,"Moderate desert"
"5367770","WA Steilacoom town, Washington","WA",271,25,92.2509225092251,"Severe desert"
"5368365","WA Summit CDP, Washington","WA",385,10,25.974025974026,"Severe desert"
"5368435","WA Sumner city, Washington","WA",307,114,371.335504885993,"Low availability"
"5368750","WA Sunnyside city, Washington","WA",228,59,258.771929824561,"Low availability"
"5370000","WA Tacoma city, Washington","WA",9810,5858,597.145769622834,"Adequate supply"
"5370805","WA Terrace Heights CDP, Washington","WA",483,22,45.5486542443064,"Severe desert"
"5371960","WA Toppenish city, Washington","WA",225,83,368.888888888889,"Low availability"
"5372625","WA Tukwila city, Washington","WA",479,327,682.672233820459,"Adequate supply"
"5372905","WA Tumwater city, Washington","WA",759,302,397.891963109354,"Low availability"
"5373307","WA Union Hill-Novelty Hill CDP, Washington","WA",1018,40,39.2927308447937,"Severe desert"
"5373465","WA University Place city, Washington","WA",923,500,541.711809317443,"Adequate supply"
"5374060","WA Vancouver city, Washington","WA",5703,3358,588.812905488339,"Adequate supply"
"5374305","WA Vashon CDP, Washington","WA",675,28,41.4814814814815,"Severe desert"
"5375775","WA Walla Walla city, Washington","WA",830,955,1150.60240963855,"Adequate supply"
"5375905","WA Waller CDP, Washington","WA",283,18,63.6042402826855,"Severe desert"
"5376405","WA Washougal city, Washington","WA",592,90,152.027027027027,"Moderate desert"
"5376615","WA Wauna CDP, Washington","WA",244,5,20.4918032786885,"Severe desert"
"5377105","WA Wenatchee city, Washington","WA",868,620,714.285714285714,"Adequate supply"
"5377297","WA West Clarkston-Highland CDP, Washington","WA",204,62,303.921568627451,"Low availability"
"5377665","WA West Richland city, Washington","WA",547,26,47.5319926873857,"Severe desert"
"5378225","WA White Center CDP, Washington","WA",645,339,525.581395348837,"Adequate supply"
"5379590","WA Woodinville city, Washington","WA",339,106,312.684365781711,"Low availability"
"5380010","WA Yakima city, Washington","WA",1087,1397,1285.1885924563,"Adequate supply"
"5380220","WA Yelm city, Washington","WA",228,64,280.701754385965,"Low availability"
"5410180","WV Bridgeport city, West Virginia","WV",222,80,360.36036036036,"Low availability"
"5414600","WV Charleston city, West Virginia","WV",1423,2055,1444.13211524947,"Adequate supply"
"5414775","WV Cheat Lake CDP, West Virginia","WV",293,99,337.883959044369,"Low availability"
"5420164","WV Daniels CDP, West Virginia","WV",203,17,83.743842364532,"Severe desert"
"5422564","WV Dunbar city, West Virginia","WV",236,261,1105.93220338983,"Adequate supply"
"5426452","WV Fairmont city, West Virginia","WV",477,725,1519.91614255765,"Adequate supply"
"5446636","WV Lewisburg city, West Virginia","WV",242,230,950.413223140496,"Adequate supply"
"5452060","WV Martinsburg city, West Virginia","WV",377,342,907.161803713528,"Adequate supply"
"5459068","WV Nitro city, West Virginia","WV",201,192,955.223880597015,"Adequate supply"
"5462488","WV Pea Ridge CDP, West Virginia","WV",339,24,70.7964601769911,"Severe desert"
"5475292","WV South Charleston city, West Virginia","WV",370,295,797.297297297297,"Adequate supply"
"5479545","WV Teays Valley CDP, West Virginia","WV",624,167,267.628205128205,"Low availability"
"5485156","WV Weirton city, West Virginia","WV",419,568,1355.60859188544,"Adequate supply"
"5501150","WI Allouez village, Wisconsin","WI",359,58,161.559888579387,"Moderate desert"
"5501550","WI Altoona city, Wisconsin","WI",248,91,366.935483870968,"Low availability"
"5502375","WI Appleton city, Wisconsin","WI",1933,685,354.371443352302,"Low availability"
"5503425","WI Ashwaubenon village, Wisconsin","WI",868,299,344.470046082949,"Low availability"
"5504625","WI Baraboo city, Wisconsin","WI",310,217,700,"Adequate supply"
"5505900","WI Beaver Dam city, Wisconsin","WI",314,245,780.254777070064,"Adequate supply"
"5506350","WI Bellevue village, Wisconsin","WI",325,71,218.461538461538,"Moderate desert"
"5506500","WI Beloit city, Wisconsin","WI",908,991,1091.40969162996,"Adequate supply"
"5510025","WI Brookfield city, Wisconsin","WI",1401,48,34.2612419700214,"Severe desert"
"5510375","WI Brown Deer village, Wisconsin","WI",740,313,422.972972972973,"Low availability"
"5511200","WI Burlington city, Wisconsin","WI",444,47,105.855855855856,"Moderate desert"
"5511950","WI Caledonia village, Wisconsin","WI",584,47,80.4794520547945,"Severe desert"
"5513375","WI Cedarburg city, Wisconsin","WI",303,75,247.524752475248,"Moderate desert"
"5514575","WI Chippewa Falls city, Wisconsin","WI",234,584,2495.7264957265,"Adequate supply"
"5515725","WI Clintonville city, Wisconsin","WI",334,38,113.77245508982,"Moderate desert"
"5517175","WI Cottage Grove village, Wisconsin","WI",205,35,170.731707317073,"Moderate desert"
"5517975","WI Cudahy city, Wisconsin","WI",777,277,356.499356499357,"Low availability"
"5519350","WI DeForest village, Wisconsin","WI",295,19,64.4067796610169,"Severe desert"
"5519400","WI Delafield city, Wisconsin","WI",316,110,348.101265822785,"Low availability"
"5519450","WI Delavan city, Wisconsin","WI",389,266,683.804627249357,"Adequate supply"
"5519775","WI De Pere city, Wisconsin","WI",536,257,479.477611940299,"Low availability"
"5520350","WI Dodgeville city, Wisconsin","WI",328,88,268.292682926829,"Low availability"
"5522300","WI Eau Claire city, Wisconsin","WI",915,1222,1335.51912568306,"Adequate supply"
"5523300","WI Elkhorn city, Wisconsin","WI",289,241,833.910034602076,"Adequate supply"
"5524550","WI Evansville city, Wisconsin","WI",205,102,497.560975609756,"Low availability"
"5525950","WI Fitchburg city, Wisconsin","WI",994,400,402.414486921529,"Low availability"
"5526275","WI Fond du Lac city, Wisconsin","WI",888,858,966.216216216216,"Adequate supply"
"5526675","WI Fort Atkinson city, Wisconsin","WI",344,222,645.348837209302,"Adequate supply"
"5526982","WI Fox Crossing village, Wisconsin","WI",457,98,214.442013129103,"Moderate desert"
"5527075","WI Fox Point village, Wisconsin","WI",223,1,4.48430493273543,"Severe desert"
"5527300","WI Franklin city, Wisconsin","WI",1572,127,80.7888040712468,"Severe desert"
"5528875","WI Germantown village, Wisconsin","WI",432,29,67.1296296296296,"Severe desert"
"5529400","WI Glendale city, Wisconsin","WI",439,162,369.020501138952,"Low availability"
"5530000","WI Grafton village, Wisconsin","WI",387,86,222.222222222222,"Moderate desert"
"5531000","WI Green Bay city, Wisconsin","WI",2215,3279,1480.3611738149,"Adequate supply"
"5531125","WI Greendale village, Wisconsin","WI",513,227,442.495126705653,"Low availability"
"5531175","WI Greenfield city, Wisconsin","WI",1275,286,224.313725490196,"Moderate desert"
"5532790","WI Harrison village, Wisconsin","WI",321,1,3.11526479750779,"Severe desert"
"5533000","WI Hartford city, Wisconsin","WI",412,155,376.21359223301,"Low availability"
"5533100","WI Hartland village, Wisconsin","WI",282,133,471.631205673759,"Low availability"
"5535950","WI Howard village, Wisconsin","WI",471,289,613.588110403397,"Adequate supply"
"5536250","WI Hudson city, Wisconsin","WI",543,169,311.233885819521,"Low availability"
"5537825","WI Janesville city, Wisconsin","WI",1832,1041,568.231441048035,"Adequate supply"
"5537900","WI Jefferson city, Wisconsin","WI",337,75,222.551928783383,"Moderate desert"
"5538800","WI Kaukauna city, Wisconsin","WI",425,155,364.705882352941,"Low availability"
"5539225","WI Kenosha city, Wisconsin","WI",3345,2410,720.478325859492,"Adequate supply"
"5539300","WI Kewaskum village, Wisconsin","WI",202,47,232.673267326733,"Moderate desert"
"5540775","WI La Crosse city, Wisconsin","WI",1279,493,385.457388584832,"Low availability"
"5541450","WI Lake Geneva city, Wisconsin","WI",220,132,600,"Adequate supply"
"5548000","WI Madison city, Wisconsin","WI",11843,3930,331.841594190661,"Low availability"
"5548500","WI Manitowoc city, Wisconsin","WI",599,461,769.616026711185,"Adequate supply"
"5549300","WI Marinette city, Wisconsin","WI",216,368,1703.7037037037,"Adequate supply"
"5549575","WI Marshall village, Wisconsin","WI",271,10,36.90036900369,"Severe desert"
"5549675","WI Marshfield city, Wisconsin","WI",464,306,659.48275862069,"Adequate supply"
"5550825","WI Menasha city, Wisconsin","WI",312,166,532.051282051282,"Adequate supply"
"5551000","WI Menomonee Falls village, Wisconsin","WI",1056,226,214.015151515152,"Moderate desert"
"5551025","WI Menomonie city, Wisconsin","WI",426,150,352.112676056338,"Low availability"
"5551150","WI Mequon city, Wisconsin","WI",795,52,65.4088050314465,"Severe desert"
"5551575","WI Middleton city, Wisconsin","WI",820,232,282.926829268293,"Low availability"
"5553000","WI Milwaukee city, Wisconsin","WI",18168,15283,841.204315279613,"Adequate supply"
"5553675","WI Monona city, Wisconsin","WI",396,125,315.656565656566,"Low availability"
"5553750","WI Monroe city, Wisconsin","WI",292,59,202.054794520548,"Moderate desert"
"5554725","WI Mount Horeb village, Wisconsin","WI",264,68,257.575757575758,"Low availability"
"5554875","WI Mount Pleasant village, Wisconsin","WI",740,299,404.054054054054,"Low availability"
"5555275","WI Muskego city, Wisconsin","WI",638,42,65.8307210031348,"Severe desert"
"5555750","WI Neenah city, Wisconsin","WI",569,332,583.479789103691,"Adequate supply"
"5556375","WI New Berlin city, Wisconsin","WI",999,94,94.0940940940941,"Severe desert"
"5556925","WI New London city, Wisconsin","WI",288,126,437.5,"Low availability"
"5557100","WI New Richmond city, Wisconsin","WI",391,132,337.595907928389,"Low availability"
"5558800","WI Oak Creek city, Wisconsin","WI",941,353,375.132837407014,"Low availability"
"5559250","WI Oconomowoc city, Wisconsin","WI",858,132,153.846153846154,"Moderate desert"
"5559925","WI Onalaska city, Wisconsin","WI",517,125,241.779497098646,"Moderate desert"
"5560200","WI Oregon village, Wisconsin","WI",315,18,57.1428571428571,"Severe desert"
"5560500","WI Oshkosh city, Wisconsin","WI",1243,819,658.889782783588,"Adequate supply"
"5562240","WI Pewaukee city, Wisconsin","WI",310,2,6.45161290322581,"Severe desert"
"5563300","WI Pleasant Prairie village, Wisconsin","WI",795,97,122.012578616352,"Moderate desert"
"5563700","WI Plymouth city, Wisconsin","WI",232,50,215.51724137931,"Moderate desert"
"5564100","WI Portage city, Wisconsin","WI",282,202,716.312056737589,"Adequate supply"
"5564450","WI Port Washington city, Wisconsin","WI",266,104,390.977443609023,"Low availability"
"5566000","WI Racine city, Wisconsin","WI",1909,2613,1368.77946568884,"Adequate supply"
"5566800","WI Reedsburg city, Wisconsin","WI",288,229,795.138888888889,"Adequate supply"
"5567200","WI Rhinelander city, Wisconsin","WI",203,313,1541.87192118227,"Adequate supply"
"5567475","WI Richfield village, Wisconsin","WI",478,4,8.36820083682008,"Severe desert"
"5568275","WI River Falls city, Wisconsin","WI",310,109,351.612903225806,"Low availability"
"5570650","WI St. Francis city, Wisconsin","WI",528,106,200.757575757576,"Moderate desert"
"5571163","WI Salem Lakes village, Wisconsin","WI",551,54,98.0036297640653,"Severe desert"
"5572975","WI Sheboygan city, Wisconsin","WI",971,715,736.354273944387,"Adequate supply"
"5573725","WI Shorewood village, Wisconsin","WI",888,435,489.864864864865,"Low availability"
"5574625","WI Somers village, Wisconsin","WI",245,21,85.7142857142857,"Severe desert"
"5575125","WI South Milwaukee city, Wisconsin","WI",630,190,301.587301587302,"Low availability"
"5577200","WI Stevens Point city, Wisconsin","WI",564,200,354.609929078014,"Low availability"
"5577675","WI Stoughton city, Wisconsin","WI",318,127,399.37106918239,"Low availability"
"5577875","WI Sturgeon Bay city, Wisconsin","WI",281,290,1032.02846975089,"Adequate supply"
"5577975","WI Suamico village, Wisconsin","WI",223,9,40.3587443946188,"Severe desert"
"5578375","WI Summit village, Wisconsin","WI",218,79,362.385321100917,"Low availability"
"5578600","WI Sun Prairie city, Wisconsin","WI",768,421,548.177083333333,"Adequate supply"
"5578650","WI Superior city, Wisconsin","WI",539,1045,1938.77551020408,"Adequate supply"
"5578750","WI Sussex village, Wisconsin","WI",527,155,294.117647058824,"Low availability"
"5580075","WI Tomah city, Wisconsin","WI",298,223,748.322147651007,"Adequate supply"
"5581250","WI Twin Lakes village, Wisconsin","WI",247,37,149.797570850202,"Moderate desert"
"5581325","WI Two Rivers city, Wisconsin","WI",234,167,713.675213675214,"Adequate supply"
"5581775","WI Union Grove village, Wisconsin","WI",234,89,380.34188034188,"Low availability"
"5582600","WI Verona city, Wisconsin","WI",680,36,52.9411764705882,"Severe desert"
"5583925","WI Waterloo city, Wisconsin","WI",223,6,26.9058295964126,"Severe desert"
"5583975","WI Watertown city, Wisconsin","WI",497,419,843.058350100604,"Adequate supply"
"5584250","WI Waukesha city, Wisconsin","WI",1915,1401,731.592689295039,"Adequate supply"
"5584350","WI Waunakee village, Wisconsin","WI",277,25,90.2527075812274,"Severe desert"
"5584475","WI Wausau city, Wisconsin","WI",847,925,1092.08972845336,"Adequate supply"
"5584675","WI Wauwatosa city, Wisconsin","WI",1570,328,208.917197452229,"Moderate desert"
"5585300","WI West Allis city, Wisconsin","WI",2657,1270,477.98268724125,"Low availability"
"5585350","WI West Bend city, Wisconsin","WI",748,551,736.631016042781,"Adequate supply"
"5586025","WI Weston village, Wisconsin","WI",265,57,215.094339622642,"Moderate desert"
"5586700","WI Whitefish Bay village, Wisconsin","WI",549,2,3.64298724954463,"Severe desert"
"5587725","WI Windsor village, Wisconsin","WI",296,5,16.8918918918919,"Severe desert"
"5588200","WI Wisconsin Rapids city, Wisconsin","WI",247,457,1850.2024291498,"Adequate supply"
"5610685","WY Buffalo city, Wyoming","WY",230,18,78.2608695652174,"Severe desert"
"5613150","WY Casper city, Wyoming","WY",2026,1123,554.294175715696,"Adequate supply"
"5613900","WY Cheyenne city, Wyoming","WY",2123,1120,527.555346208196,"Adequate supply"
"5615760","WY Cody city, Wyoming","WY",246,71,288.617886178862,"Low availability"
"5625620","WY Evanston city, Wyoming","WY",266,137,515.037593984962,"Adequate supply"
"5631855","WY Gillette city, Wyoming","WY",1256,357,284.235668789809,"Low availability"
"5633740","WY Green River city, Wyoming","WY",311,56,180.064308681672,"Moderate desert"
"5644760","WY Lander city, Wyoming","WY",212,48,226.415094339623,"Moderate desert"
"5645050","WY Laramie city, Wyoming","WY",1348,307,227.744807121662,"Moderate desert"
"5663900","WY Rawlins city, Wyoming","WY",254,146,574.803149606299,"Adequate supply"
"5667235","WY Rock Springs city, Wyoming","WY",862,193,223.897911832947,"Moderate desert"
"5669845","WY Sheridan city, Wyoming","WY",552,442,800.724637681159,"Adequate supply"
"5671800","WY South Greeley CDP, Wyoming","WY",201,34,169.154228855721,"Moderate desert"
"5683040","WY Wheatland town, Wyoming","WY",207,45,217.391304347826,"Moderate desert"
