"place_code","place_name","state","households","total_vouchers","vouchers_per_1000","desert"
"0100820","AL Alabaster city, Alabama","AL",11929,82,6.87400452678347,"Severe desert"
"0102956","AL Athens city, Alabama","AL",11166,671,60.0931398889486,"Adequate supply"
"0103076","AL Auburn city, Alabama","AL",29479,648,21.9817497201398,"Moderate desert"
"0105980","AL Bessemer city, Alabama","AL",10598,984,92.8477071145499,"Adequate supply"
"0107000","AL Birmingham city, Alabama","AL",88527,8179,92.3898923492268,"Adequate supply"
"0119648","AL Daphne city, Alabama","AL",10832,24,2.21565731166913,"Severe desert"
"0120104","AL Decatur city, Alabama","AL",23888,1072,44.8760884125921,"Low availability"
"0121184","AL Dothan city, Alabama","AL",28988,1903,65.6478542845315,"Adequate supply"
"0124184","AL Enterprise city, Alabama","AL",11189,312,27.8845294485656,"Low availability"
"0126896","AL Florence city, Alabama","AL",17203,1709,99.343137824798,"Adequate supply"
"0126992","AL Foley city, Alabama","AL",10323,196,18.986728664148,"Moderate desert"
"0128696","AL Gadsden city, Alabama","AL",12942,549,42.4200278164117,"Low availability"
"0135896","AL Hoover city, Alabama","AL",36471,44,1.20643799182912,"Severe desert"
"0137000","AL Huntsville city, Alabama","AL",94058,2286,24.3041527568096,"Moderate desert"
"0145784","AL Madison city, Alabama","AL",21968,110,5.00728332119446,"Severe desert"
"0150000","AL Mobile city, Alabama","AL",77587,7558,97.4132264425741,"Adequate supply"
"0151000","AL Montgomery city, Alabama","AL",80540,3784,46.9828656568165,"Low availability"
"0155200","AL Northport city, Alabama","AL",12396,521,42.0296869958051,"Low availability"
"0157048","AL Opelika city, Alabama","AL",13121,1132,86.2739120493865,"Adequate supply"
"0159472","AL Phenix City city, Alabama","AL",16376,1042,63.6297020029311,"Adequate supply"
"0162328","AL Prattville city, Alabama","AL",14820,143,9.64912280701754,"Severe desert"
"0177256","AL Tuscaloosa city, Alabama","AL",40193,2608,64.8869206080661,"Adequate supply"
"0178552","AL Vestavia Hills city, Alabama","AL",14116,3,0.212524794559365,"Severe desert"
"0203000","AK Anchorage municipality, Alaska","AK",107868,3139,29.1003819483072,"Low availability"
"0224230","AK Fairbanks city, Alaska","AK",12203,664,54.4128492993526,"Adequate supply"
"0236400","AK Juneau city and borough, Alaska","AK",13138,481,36.6113563708327,"Low availability"
"0402830","AZ Apache Junction city, Arizona","AZ",17953,83,4.62318275497131,"Severe desert"
"0404720","AZ Avondale city, Arizona","AZ",29372,564,19.2019610513414,"Moderate desert"
"0407940","AZ Buckeye city, Arizona","AZ",30158,281,9.31759400490749,"Severe desert"
"0408220","AZ Bullhead City city, Arizona","AZ",19626,178,9.06960154896566,"Severe desert"
"0410530","AZ Casa Grande city, Arizona","AZ",20816,402,19.3120676402767,"Moderate desert"
"0410670","AZ Casas Adobes CDP, Arizona","AZ",30730,58,1.8874064432151,"Severe desert"
"0411230","AZ Catalina Foothills CDP, Arizona","AZ",24140,12,0.497100248550124,"Severe desert"
"0412000","AZ Chandler city, Arizona","AZ",105867,672,6.34758706679135,"Severe desert"
"0422220","AZ El Mirage city, Arizona","AZ",11136,131,11.7636494252874,"Moderate desert"
"0423620","AZ Flagstaff city, Arizona","AZ",27815,571,20.5284918209599,"Moderate desert"
"0425030","AZ Fortuna Foothills CDP, Arizona","AZ",13629,16,1.17396727566219,"Severe desert"
"0425300","AZ Fountain Hills town, Arizona","AZ",11077,3,0.270831452559357,"Severe desert"
"0427400","AZ Gilbert town, Arizona","AZ",91712,142,1.54832519190509,"Severe desert"
"0427820","AZ Glendale city, Arizona","AZ",86733,1763,20.3267499106453,"Moderate desert"
"0428380","AZ Goodyear city, Arizona","AZ",35839,88,2.45542565361757,"Severe desert"
"0429710","AZ Green Valley CDP, Arizona","AZ",13241,4,0.302091987010045,"Severe desert"
"0437620","AZ Kingman city, Arizona","AZ",14813,260,17.552150138392,"Moderate desert"
"0439370","AZ Lake Havasu City city, Arizona","AZ",27555,142,5.15332970422791,"Severe desert"
"0444270","AZ Marana town, Arizona","AZ",20876,34,1.62866449511401,"Severe desert"
"0444410","AZ Maricopa city, Arizona","AZ",19811,109,5.50199384180506,"Severe desert"
"0446000","AZ Mesa city, Arizona","AZ",196065,2358,12.0266238237319,"Moderate desert"
"0451600","AZ Oro Valley town, Arizona","AZ",21461,24,1.11830762778994,"Severe desert"
"0454050","AZ Peoria city, Arizona","AZ",73165,497,6.79286544112622,"Severe desert"
"0455000","AZ Phoenix city, Arizona","AZ",601397,11551,19.2069464929157,"Moderate desert"
"0457380","AZ Prescott city, Arizona","AZ",22751,223,9.80176695529867,"Severe desert"
"0457450","AZ Prescott Valley town, Arizona","AZ",20079,57,2.83878679217093,"Severe desert"
"0458150","AZ Queen Creek town, Arizona","AZ",20677,8,0.386903322532282,"Severe desert"
"0462140","AZ Sahuarita town, Arizona","AZ",12120,8,0.66006600660066,"Severe desert"
"0464210","AZ San Tan Valley CDP, Arizona","AZ",33646,59,1.75355168519289,"Severe desert"
"0465000","AZ Scottsdale city, Arizona","AZ",117787,932,7.91258797660183,"Severe desert"
"0466820","AZ Sierra Vista city, Arizona","AZ",18592,610,32.8098106712565,"Low availability"
"0470320","AZ Sun City CDP, Arizona","AZ",23267,35,1.5042764430309,"Severe desert"
"0470355","AZ Sun City West CDP, Arizona","AZ",16059,35,2.1794632293418,"Severe desert"
"0471510","AZ Surprise city, Arizona","AZ",54442,312,5.73086954924507,"Severe desert"
"0473000","AZ Tempe city, Arizona","AZ",77053,1406,18.247180512115,"Moderate desert"
"0477000","AZ Tucson city, Arizona","AZ",225095,6425,28.5435038539283,"Low availability"
"0485540","AZ Yuma city, Arizona","AZ",37823,1625,42.9632763133543,"Low availability"
"0504840","AR Bella Vista city, Arkansas","AR",12894,3,0.232666356444858,"Severe desert"
"0505290","AR Benton city, Arkansas","AR",14765,422,28.5811039620725,"Low availability"
"0505320","AR Bentonville city, Arkansas","AR",21597,169,7.82516090197713,"Severe desert"
"0510300","AR Cabot city, Arkansas","AR",10005,340,33.9830084957521,"Low availability"
"0515190","AR Conway city, Arkansas","AR",26717,485,18.1532357674889,"Moderate desert"
"0523290","AR Fayetteville city, Arkansas","AR",40423,1072,26.5195556984885,"Low availability"
"0524550","AR Fort Smith city, Arkansas","AR",36480,2362,64.7478070175439,"Adequate supply"
"0533400","AR Hot Springs city, Arkansas","AR",17818,1359,76.271186440678,"Adequate supply"
"0534750","AR Jacksonville city, Arkansas","AR",11270,729,64.6850044365572,"Adequate supply"
"0535710","AR Jonesboro city, Arkansas","AR",30892,1618,52.3760196814709,"Adequate supply"
"0541000","AR Little Rock city, Arkansas","AR",86853,4721,54.356211069278,"Adequate supply"
"0550450","AR North Little Rock city, Arkansas","AR",30021,2700,89.9370440691516,"Adequate supply"
"0553390","AR Paragould city, Arkansas","AR",11601,716,61.7188173433325,"Adequate supply"
"0555310","AR Pine Bluff city, Arkansas","AR",14703,1568,106.644902400871,"Adequate supply"
"0560410","AR Rogers city, Arkansas","AR",25414,272,10.7027622570237,"Moderate desert"
"0561670","AR Russellville city, Arkansas","AR",10600,515,48.5849056603774,"Low availability"
"0563800","AR Sherwood city, Arkansas","AR",13764,143,10.3894216797443,"Moderate desert"
"0566080","AR Springdale city, Arkansas","AR",29340,306,10.4294478527607,"Moderate desert"
"0568810","AR Texarkana city, Arkansas","AR",11495,1153,100.304480208786,"Adequate supply"
"0600562","CA Alameda city, California","CA",29810,1990,66.7561221066756,"Adequate supply"
"0600884","CA Alhambra city, California","CA",30092,662,21.9992024458328,"Moderate desert"
"0600947","CA Aliso Viejo city, California","CA",19421,177,9.11384583698059,"Severe desert"
"0601290","CA Altadena CDP, California","CA",15018,238,15.8476494872819,"Moderate desert"
"0602000","CA Anaheim city, California","CA",105819,6262,59.1765183946172,"Adequate supply"
"0602210","CA Antelope CDP, California","CA",15357,385,25.0700006511688,"Low availability"
"0602252","CA Antioch city, California","CA",37042,2690,72.6202688839696,"Adequate supply"
"0602364","CA Apple Valley town, California","CA",24747,318,12.8500424293854,"Moderate desert"
"0602462","CA Arcadia city, California","CA",19291,210,10.8859053444611,"Moderate desert"
"0602553","CA Arden-Arcade CDP, California","CA",38664,1313,33.9592385681771,"Low availability"
"0603064","CA Atascadero city, California","CA",11510,306,26.5855777584709,"Low availability"
"0603162","CA Atwater city, California","CA",10296,251,24.3783993783994,"Moderate desert"
"0603386","CA Azusa city, California","CA",14638,538,36.753654870884,"Low availability"
"0603526","CA Bakersfield city, California","CA",127626,2845,22.2916960493943,"Moderate desert"
"0603666","CA Baldwin Park city, California","CA",18163,516,28.4094037328635,"Low availability"
"0603820","CA Banning city, California","CA",11494,191,16.6173655820428,"Moderate desert"
"0604758","CA Beaumont city, California","CA",17065,238,13.9466744799297,"Moderate desert"
"0604982","CA Bellflower city, California","CA",23669,775,32.7432506654274,"Low availability"
"0605108","CA Belmont city, California","CA",10528,196,18.6170212765957,"Moderate desert"
"0605290","CA Benicia city, California","CA",10916,376,34.4448515939905,"Low availability"
"0606000","CA Berkeley city, California","CA",46762,2755,58.9153586245242,"Adequate supply"
"0606308","CA Beverly Hills city, California","CA",14263,155,10.867278973568,"Moderate desert"
"0608100","CA Brea city, California","CA",16566,178,10.7448991911143,"Moderate desert"
"0608142","CA Brentwood city, California","CA",20918,364,17.4012811932307,"Moderate desert"
"0608786","CA Buena Park city, California","CA",24199,701,28.9681391793049,"Low availability"
"0608954","CA Burbank city, California","CA",43066,1478,34.319416709237,"Low availability"
"0609066","CA Burlingame city, California","CA",12347,152,12.310682756945,"Moderate desert"
"0610046","CA Camarillo city, California","CA",26068,646,24.7813411078717,"Moderate desert"
"0610345","CA Campbell city, California","CA",16628,786,47.2696656242483,"Low availability"
"0611194","CA Carlsbad city, California","CA",43981,758,17.2347149905641,"Moderate desert"
"0611390","CA Carmichael CDP, California","CA",31477,692,21.9843060012072,"Moderate desert"
"0611530","CA Carson city, California","CA",26406,441,16.7007498295842,"Moderate desert"
"0611964","CA Castro Valley CDP, California","CA",22242,343,15.421275065192,"Moderate desert"
"0612048","CA Cathedral City city, California","CA",19157,525,27.4051260635799,"Low availability"
"0612524","CA Ceres city, California","CA",13757,487,35.4001599185869,"Low availability"
"0612552","CA Cerritos city, California","CA",15763,20,1.26879401129227,"Severe desert"
"0613014","CA Chico city, California","CA",41934,1771,42.2330328611628,"Low availability"
"0613210","CA Chino city, California","CA",26866,510,18.9831013176506,"Moderate desert"
"0613214","CA Chino Hills city, California","CA",25485,47,1.84422209142633,"Severe desert"
"0613392","CA Chula Vista city, California","CA",85193,3894,45.7079807026399,"Low availability"
"0613588","CA Citrus Heights city, California","CA",33672,412,12.2356854359705,"Moderate desert"
"0613756","CA Claremont city, California","CA",12185,263,21.5839146491588,"Moderate desert"
"0614218","CA Clovis city, California","CA",41080,1041,25.3407984420643,"Low availability"
"0614260","CA Coachella city, California","CA",12352,347,28.0926165803109,"Low availability"
"0614890","CA Colton city, California","CA",17191,575,33.4477342795649,"Low availability"
"0615044","CA Compton city, California","CA",24227,1327,54.7735997028109,"Adequate supply"
"0616000","CA Concord city, California","CA",45635,1412,30.9411635805851,"Low availability"
"0616350","CA Corona city, California","CA",48083,663,13.7886571137408,"Moderate desert"
"0616532","CA Costa Mesa city, California","CA",41628,739,17.7524742961468,"Moderate desert"
"0616742","CA Covina city, California","CA",16397,487,29.7005549795694,"Low availability"
"0617568","CA Culver City city, California","CA",17740,554,31.2288613303269,"Low availability"
"0617610","CA Cupertino city, California","CA",21137,178,8.42125183327814,"Severe desert"
"0617750","CA Cypress city, California","CA",15988,212,13.259944958719,"Moderate desert"
"0617918","CA Daly City city, California","CA",32225,743,23.0566330488751,"Moderate desert"
"0617946","CA Dana Point city, California","CA",13952,39,2.79529816513761,"Severe desert"
"0617988","CA Danville town, California","CA",15537,18,1.15852481173972,"Severe desert"
"0618100","CA Davis city, California","CA",25941,680,26.2133302494121,"Low availability"
"0618394","CA Delano city, California","CA",11872,368,30.9973045822102,"Low availability"
"0618996","CA Desert Hot Springs city, California","CA",11432,358,31.3156053184045,"Low availability"
"0619192","CA Diamond Bar city, California","CA",18238,92,5.04441276455752,"Severe desert"
"0619766","CA Downey city, California","CA",34727,527,15.1755118495695,"Moderate desert"
"0620018","CA Dublin city, California","CA",23811,474,19.9067657805216,"Moderate desert"
"0620574","CA Eastern Goleta Valley CDP, California","CA",10342,198,19.1452330303616,"Moderate desert"
"0620802","CA East Los Angeles CDP, California","CA",30604,1177,38.459024964057,"Low availability"
"0621230","CA Eastvale city, California","CA",17824,2,0.112208258527828,"Severe desert"
"0621712","CA El Cajon city, California","CA",33986,3443,101.306420290708,"Adequate supply"
"0621782","CA El Centro city, California","CA",12832,1142,88.9962593516209,"Adequate supply"
"0621796","CA El Cerrito city, California","CA",10696,214,20.0074794315632,"Moderate desert"
"0621880","CA El Dorado Hills CDP, California","CA",17791,103,5.78944410094992,"Severe desert"
"0622020","CA Elk Grove city, California","CA",54707,952,17.401795017091,"Moderate desert"
"0622230","CA El Monte city, California","CA",29540,1109,37.5423155044008,"Low availability"
"0622300","CA El Paso de Robles (Paso Robles) city, California","CA",11676,501,42.9085303186023,"Low availability"
"0622678","CA Encinitas city, California","CA",24088,170,7.05745599468615,"Severe desert"
"0622804","CA Escondido city, California","CA",50658,972,19.187492597418,"Moderate desert"
"0623042","CA Eureka city, California","CA",10735,831,77.4103400093153,"Adequate supply"
"0623182","CA Fairfield city, California","CA",37955,1199,31.5900408378343,"Low availability"
"0623294","CA Fair Oaks CDP, California","CA",12946,181,13.9811524795304,"Moderate desert"
"0624477","CA Florence-Graham CDP, California","CA",14492,656,45.2663538504002,"Low availability"
"0624498","CA Florin CDP, California","CA",15249,1064,69.7750672175224,"Adequate supply"
"0624638","CA Folsom city, California","CA",29234,372,12.7249093521242,"Moderate desert"
"0624680","CA Fontana city, California","CA",57111,1104,19.3307769081263,"Moderate desert"
"0624722","CA Foothill Farms CDP, California","CA",12494,394,31.5351368656955,"Low availability"
"0625338","CA Foster City city, California","CA",12865,155,12.0481927710843,"Moderate desert"
"0625380","CA Fountain Valley city, California","CA",18840,609,32.3248407643312,"Low availability"
"0626000","CA Fremont city, California","CA",77019,1502,19.5016814032901,"Moderate desert"
"0626067","CA French Valley CDP, California","CA",11155,7,0.627521290900941,"Severe desert"
"0627000","CA Fresno city, California","CA",179684,13365,74.3805792391087,"Adequate supply"
"0628000","CA Fullerton city, California","CA",47484,744,15.6684356835987,"Moderate desert"
"0628168","CA Gardena city, California","CA",20893,731,34.9877949552482,"Low availability"
"0629000","CA Garden Grove city, California","CA",48650,2848,58.5405960945529,"Adequate supply"
"0629504","CA Gilroy city, California","CA",16916,1166,68.9288247812722,"Adequate supply"
"0630000","CA Glendale city, California","CA",73179,2043,27.917845283483,"Low availability"
"0630014","CA Glendora city, California","CA",16603,159,9.57658254532313,"Severe desert"
"0630378","CA Goleta city, California","CA",12135,460,37.9068809229501,"Low availability"
"0631596","CA Hacienda Heights CDP, California","CA",16498,130,7.87974299915141,"Severe desert"
"0631960","CA Hanford city, California","CA",19016,558,29.3437105595288,"Low availability"
"0632548","CA Hawthorne city, California","CA",29849,871,29.180207042112,"Low availability"
"0633000","CA Hayward city, California","CA",49470,2034,41.1158277744087,"Low availability"
"0633182","CA Hemet city, California","CA",32102,1524,47.4736776524827,"Low availability"
"0633434","CA Hesperia city, California","CA",29215,286,9.78949169946945,"Severe desert"
"0633588","CA Highland city, California","CA",16401,383,23.3522346198403,"Moderate desert"
"0634120","CA Hollister city, California","CA",12424,370,29.7810688989053,"Low availability"
"0636000","CA Huntington Beach city, California","CA",77549,1548,19.9615726830778,"Moderate desert"
"0636056","CA Huntington Park city, California","CA",14690,634,43.1586113002042,"Low availability"
"0636448","CA Indio city, California","CA",31027,887,28.5880039965192,"Low availability"
"0636546","CA Inglewood city, California","CA",35979,1919,53.336668612246,"Adequate supply"
"0636770","CA Irvine city, California","CA",111979,2451,21.8880325775369,"Moderate desert"
"0637692","CA Jurupa Valley city, California","CA",27132,447,16.4750110570544,"Moderate desert"
"0639178","CA Laguna Beach city, California","CA",10830,91,8.40258541089566,"Severe desert"
"0639220","CA Laguna Hills city, California","CA",11490,140,12.1845082680592,"Moderate desert"
"0639248","CA Laguna Niguel city, California","CA",25486,290,11.3787962018363,"Moderate desert"
"0639259","CA Laguna Woods city, California","CA",11797,94,7.96812749003984,"Severe desert"
"0639290","CA La Habra city, California","CA",20488,327,15.9605622803592,"Moderate desert"
"0639486","CA Lake Elsinore city, California","CA",20416,264,12.9310344827586,"Moderate desert"
"0639496","CA Lake Forest city, California","CA",30246,231,7.63737353699663,"Severe desert"
"0639892","CA Lakewood city, California","CA",26118,271,10.3759859101003,"Moderate desert"
"0640004","CA La Mesa city, California","CA",25178,951,37.7710699817301,"Low availability"
"0640032","CA La Mirada city, California","CA",15002,197,13.1315824556726,"Moderate desert"
"0640130","CA Lancaster city, California","CA",52183,5298,101.527317325566,"Adequate supply"
"0640326","CA La Presa CDP, California","CA",11155,323,28.9556252801434,"Low availability"
"0640354","CA La Quinta city, California","CA",15733,132,8.39000826288692,"Severe desert"
"0640830","CA La Verne city, California","CA",11530,233,20.2081526452732,"Moderate desert"
"0641474","CA Lincoln city, California","CA",19481,116,5.95451978851188,"Severe desert"
"0641992","CA Livermore city, California","CA",30835,1044,33.8576293173342,"Low availability"
"0642202","CA Lodi city, California","CA",23002,206,8.9557429788714,"Severe desert"
"0642524","CA Lompoc city, California","CA",13853,1298,93.6981159315672,"Adequate supply"
"0643000","CA Long Beach city, California","CA",171309,9840,57.4400644449504,"Adequate supply"
"0643280","CA Los Altos city, California","CA",10756,5,0.464856824098178,"Severe desert"
"0644000","CA Los Angeles city, California","CA",1419663,75072,52.8801553608145,"Adequate supply"
"0644028","CA Los Banos city, California","CA",13388,170,12.6979384523454,"Moderate desert"
"0644112","CA Los Gatos town, California","CA",12766,165,12.9249569168103,"Moderate desert"
"0644574","CA Lynwood city, California","CA",15210,431,28.336620644313,"Low availability"
"0645022","CA Madera city, California","CA",17456,642,36.7781851512374,"Low availability"
"0645400","CA Manhattan Beach city, California","CA",13323,5,0.375290850409067,"Severe desert"
"0645484","CA Manteca city, California","CA",26926,335,12.4415063507391,"Moderate desert"
"0646114","CA Martinez city, California","CA",14673,333,22.6947454508281,"Moderate desert"
"0646842","CA Menifee city, California","CA",35034,234,6.67922589484501,"Severe desert"
"0646870","CA Menlo Park city, California","CA",11624,427,36.7343427391604,"Low availability"
"0646898","CA Merced city, California","CA",27482,2441,88.8217742522378,"Adequate supply"
"0647766","CA Milpitas city, California","CA",24713,914,36.9845830129891,"Low availability"
"0648256","CA Mission Viejo city, California","CA",32917,293,8.90117568429687,"Severe desert"
"0648354","CA Modesto city, California","CA",72418,3230,44.6021707310337,"Low availability"
"0648648","CA Monrovia city, California","CA",14019,267,19.0455809972181,"Moderate desert"
"0648788","CA Montclair city, California","CA",10371,239,23.0450294089287,"Moderate desert"
"0648816","CA Montebello city, California","CA",19631,993,50.5832611685599,"Adequate supply"
"0648872","CA Monterey city, California","CA",12420,505,40.6602254428341,"Low availability"
"0648914","CA Monterey Park city, California","CA",20737,654,31.5378309302213,"Low availability"
"0649138","CA Moorpark city, California","CA",11157,140,12.5481760329838,"Moderate desert"
"0649270","CA Moreno Valley city, California","CA",54808,1189,21.6939132973289,"Moderate desert"
"0649278","CA Morgan Hill city, California","CA",14511,428,29.4948659637516,"Low availability"
"0649670","CA Mountain View city, California","CA",34933,751,21.4982967394727,"Moderate desert"
"0650076","CA Murrieta city, California","CA",35452,214,6.0363308134943,"Severe desert"
"0650258","CA Napa city, California","CA",30084,1486,49.3950272570137,"Low availability"
"0650398","CA National City city, California","CA",17706,1818,102.677058624195,"Adequate supply"
"0650916","CA Newark city, California","CA",15184,424,27.9241306638567,"Low availability"
"0651182","CA Newport Beach city, California","CA",38103,270,7.08605621604598,"Severe desert"
"0651924","CA North Highlands CDP, California","CA",15938,653,40.9712636466307,"Low availability"
"0652526","CA Norwalk city, California","CA",26801,950,35.4464385657252,"Low availability"
"0652582","CA Novato city, California","CA",20431,812,39.7435269932945,"Low availability"
"0653000","CA Oakland city, California","CA",173179,17950,103.649980655853,"Adequate supply"
"0653070","CA Oakley city, California","CA",13448,377,28.0339083878644,"Low availability"
"0653322","CA Oceanside city, California","CA",61417,1800,29.3078463617565,"Low availability"
"0653448","CA Oildale CDP, California","CA",12854,466,36.2533063637778,"Low availability"
"0653896","CA Ontario city, California","CA",52664,1096,20.8111803129272,"Moderate desert"
"0653980","CA Orange city, California","CA",44867,1089,24.2717364655537,"Moderate desert"
"0654092","CA Orangevale CDP, California","CA",13392,42,3.13620071684588,"Severe desert"
"0654120","CA Orcutt CDP, California","CA",11145,270,24.2261103633917,"Moderate desert"
"0654652","CA Oxnard city, California","CA",51798,2052,39.6154291671493,"Low availability"
"0654806","CA Pacifica city, California","CA",13969,421,30.1381630753812,"Low availability"
"0655156","CA Palmdale city, California","CA",46502,2800,60.2124639800439,"Adequate supply"
"0655184","CA Palm Desert city, California","CA",24145,127,5.25988817560572,"Severe desert"
"0655254","CA Palm Springs city, California","CA",24297,653,26.8757459768696,"Low availability"
"0655282","CA Palo Alto city, California","CA",26054,945,36.2708221386351,"Low availability"
"0655618","CA Paramount city, California","CA",14348,503,35.0571508224143,"Low availability"
"0656000","CA Pasadena city, California","CA",57131,2759,48.2925206980448,"Low availability"
"0656700","CA Perris city, California","CA",19386,454,23.4189621376251,"Moderate desert"
"0656784","CA Petaluma city, California","CA",24155,721,29.8488925688263,"Low availability"
"0656924","CA Pico Rivera city, California","CA",16804,597,35.5272554153773,"Low availability"
"0657456","CA Pittsburg city, California","CA",23503,1453,61.8218950772242,"Adequate supply"
"0657526","CA Placentia city, California","CA",16979,380,22.3805877849108,"Moderate desert"
"0657764","CA Pleasant Hill city, California","CA",13552,324,23.9079102715466,"Moderate desert"
"0657792","CA Pleasanton city, California","CA",27613,370,13.3994857494658,"Moderate desert"
"0658072","CA Pomona city, California","CA",41827,1255,30.0045425203816,"Low availability"
"0658240","CA Porterville city, California","CA",19247,609,31.6412947472333,"Low availability"
"0658520","CA Poway city, California","CA",16403,236,14.3876120221911,"Moderate desert"
"0659444","CA Rancho Cordova city, California","CA",27715,778,28.0714414576944,"Low availability"
"0659451","CA Rancho Cucamonga city, California","CA",57945,1342,23.1598930019846,"Moderate desert"
"0659514","CA Rancho Palos Verdes city, California","CA",15279,5,0.327246547548923,"Severe desert"
"0659587","CA Rancho Santa Margarita city, California","CA",17042,155,9.09517662246215,"Severe desert"
"0659920","CA Redding city, California","CA",36774,1931,52.5099254908359,"Adequate supply"
"0659962","CA Redlands city, California","CA",25400,743,29.251968503937,"Low availability"
"0660018","CA Redondo Beach city, California","CA",28547,740,25.9221634497495,"Low availability"
"0660102","CA Redwood City city, California","CA",30225,1009,33.3829611248966,"Low availability"
"0660466","CA Rialto city, California","CA",26856,513,19.1018766756032,"Moderate desert"
"0660620","CA Richmond city, California","CA",40466,2946,72.8018583502199,"Adequate supply"
"0660704","CA Ridgecrest city, California","CA",10948,64,5.84581658750457,"Severe desert"
"0662000","CA Riverside city, California","CA",92368,2490,26.9573878399446,"Low availability"
"0662364","CA Rocklin city, California","CA",25517,345,13.5203981659286,"Moderate desert"
"0662546","CA Rohnert Park city, California","CA",16823,797,47.3756167152113,"Low availability"
"0662896","CA Rosemead city, California","CA",14273,301,21.0887690044139,"Moderate desert"
"0662938","CA Roseville city, California","CA",57921,734,12.672433141693,"Moderate desert"
"0663218","CA Rowland Heights CDP, California","CA",15011,227,15.1222436879622,"Moderate desert"
"0664000","CA Sacramento city, California","CA",199401,9483,47.5574345163765,"Low availability"
"0664224","CA Salinas city, California","CA",43624,3134,71.8411883366954,"Adequate supply"
"0665000","CA San Bernardino city, California","CA",63133,3375,53.4585715869672,"Adequate supply"
"0665028","CA San Bruno city, California","CA",15463,356,23.0226993468279,"Moderate desert"
"0665042","CA San Buenaventura (Ventura) city, California","CA",42119,2060,48.9090434245827,"Low availability"
"0665070","CA San Carlos city, California","CA",11052,73,6.60513934129569,"Severe desert"
"0665084","CA San Clemente city, California","CA",24093,217,9.0067654505458,"Severe desert"
"0666000","CA San Diego city, California","CA",522146,21256,40.7089204935018,"Low availability"
"0666070","CA San Dimas city, California","CA",12236,192,15.6914024190912,"Moderate desert"
"0667000","CA San Francisco city, California","CA",362650,23926,65.9754584309941,"Adequate supply"
"0667042","CA San Gabriel city, California","CA",12614,201,15.9346757570953,"Moderate desert"
"0667112","CA San Jacinto city, California","CA",14915,275,18.4378142809252,"Moderate desert"
"0668000","CA San Jose city, California","CA",326767,16641,50.926195117622,"Adequate supply"
"0668028","CA San Juan Capistrano city, California","CA",12095,73,6.03555188094254,"Severe desert"
"0668084","CA San Leandro city, California","CA",30903,1117,36.1453580558522,"Low availability"
"0668154","CA San Luis Obispo city, California","CA",20005,915,45.7385653586603,"Low availability"
"0668196","CA San Marcos city, California","CA",30880,284,9.19689119170985,"Severe desert"
"0668252","CA San Mateo city, California","CA",39760,1020,25.6539235412475,"Low availability"
"0668364","CA San Rafael city, California","CA",23250,1003,43.1397849462366,"Low availability"
"0668378","CA San Ramon city, California","CA",29680,354,11.9272237196765,"Moderate desert"
"0669000","CA Santa Ana city, California","CA",79691,3121,39.1637700618639,"Low availability"
"0669070","CA Santa Barbara city, California","CA",36618,2934,80.1245289202032,"Adequate supply"
"0669084","CA Santa Clara city, California","CA",48601,1066,21.933705067797,"Moderate desert"
"0669088","CA Santa Clarita city, California","CA",75281,610,8.10297419003467,"Severe desert"
"0669112","CA Santa Cruz city, California","CA",21669,1567,72.3152891227099,"Adequate supply"
"0669196","CA Santa Maria city, California","CA",29092,1950,67.0287364223842,"Adequate supply"
"0670000","CA Santa Monica city, California","CA",46457,1937,41.6944701551973,"Low availability"
"0670098","CA Santa Rosa city, California","CA",68234,2939,43.0723686138875,"Low availability"
"0670224","CA Santee city, California","CA",20944,679,32.4197860962567,"Low availability"
"0670280","CA Saratoga city, California","CA",10753,175,16.2745280386869,"Moderate desert"
"0670686","CA Seal Beach city, California","CA",12948,7,0.540624034599938,"Severe desert"
"0670742","CA Seaside city, California","CA",10323,445,43.107623752785,"Low availability"
"0672016","CA Simi Valley city, California","CA",44355,809,18.2392064028858,"Moderate desert"
"0673080","CA South Gate city, California","CA",24826,795,32.022879239507,"Low availability"
"0673220","CA South Pasadena city, California","CA",10413,9,0.864304235090752,"Severe desert"
"0673262","CA South San Francisco city, California","CA",21870,788,36.0310928212163,"Low availability"
"0673430","CA South Whittier CDP, California","CA",15100,194,12.8476821192053,"Moderate desert"
"0673962","CA Stanton city, California","CA",12419,822,66.1889040985587,"Adequate supply"
"0675000","CA Stockton city, California","CA",98295,5340,54.3262627804059,"Adequate supply"
"0677000","CA Sunnyvale city, California","CA",58791,1086,18.4722151349696,"Moderate desert"
"0678120","CA Temecula city, California","CA",35423,231,6.52118679953702,"Severe desert"
"0678148","CA Temple City city, California","CA",11453,87,7.59626298786344,"Severe desert"
"0678582","CA Thousand Oaks city, California","CA",46268,686,14.8266620558485,"Moderate desert"
"0680000","CA Torrance city, California","CA",55317,987,17.8426161939368,"Moderate desert"
"0680238","CA Tracy city, California","CA",27943,396,14.1717066886161,"Moderate desert"
"0680644","CA Tulare city, California","CA",20511,673,32.8116620350056,"Low availability"
"0680812","CA Turlock city, California","CA",25302,1128,44.5814560113825,"Low availability"
"0680854","CA Tustin city, California","CA",26698,905,33.897670237471,"Low availability"
"0681204","CA Union City city, California","CA",21202,734,34.6193755306103,"Low availability"
"0681344","CA Upland city, California","CA",27185,775,28.5083685856171,"Low availability"
"0681554","CA Vacaville city, California","CA",34401,1461,42.4696956483823,"Low availability"
"0681666","CA Vallejo city, California","CA",43921,3040,69.215181803693,"Adequate supply"
"0682590","CA Victorville city, California","CA",37480,1159,30.923159018143,"Low availability"
"0682852","CA Vineyard CDP, California","CA",12491,223,17.8528540549195,"Moderate desert"
"0682954","CA Visalia city, California","CA",46466,1417,30.495416003099,"Low availability"
"0682996","CA Vista city, California","CA",31321,547,17.4643210625459,"Moderate desert"
"0683346","CA Walnut Creek city, California","CA",32142,439,13.6581419948976,"Moderate desert"
"0683668","CA Watsonville city, California","CA",15267,2200,144.101657169057,"Adequate supply"
"0684200","CA West Covina city, California","CA",32586,975,29.9208248941263,"Low availability"
"0684410","CA West Hollywood city, California","CA",22479,920,40.9270875038925,"Low availability"
"0684550","CA Westminster city, California","CA",27865,2348,84.2634128835457,"Adequate supply"
"0684592","CA Westmont CDP, California","CA",10532,1804,171.287504747436,"Adequate supply"
"0684816","CA West Sacramento city, California","CA",19074,857,44.9302715738702,"Low availability"
"0685292","CA Whittier city, California","CA",27687,651,23.5128399609925,"Moderate desert"
"0685446","CA Wildomar city, California","CA",10622,101,9.50856712483525,"Severe desert"
"0686328","CA Woodland city, California","CA",21069,840,39.8690018510608,"Low availability"
"0686832","CA Yorba Linda city, California","CA",22876,169,7.38765518447281,"Severe desert"
"0686972","CA Yuba City city, California","CA",23692,648,27.3510045585008,"Low availability"
"0687042","CA Yucaipa city, California","CA",18006,250,13.8842608019549,"Moderate desert"
"0803455","CO Arvada city, Colorado","CO",49766,1337,26.8657316240003,"Low availability"
"0804000","CO Aurora city, Colorado","CO",143179,3518,24.5706423428017,"Moderate desert"
"0807850","CO Boulder city, Colorado","CO",43825,1559,35.5733029092983,"Low availability"
"0808675","CO Brighton city, Colorado","CO",13365,284,21.2495323606435,"Moderate desert"
"0809280","CO Broomfield city, Colorado","CO",30921,187,6.04766986837424,"Severe desert"
"0812415","CO Castle Rock town, Colorado","CO",26917,129,4.79251030946985,"Severe desert"
"0812815","CO Centennial city, Colorado","CO",41518,152,3.66106267161231,"Severe desert"
"0816000","CO Colorado Springs city, Colorado","CO",198070,3369,17.0091381834705,"Moderate desert"
"0816495","CO Commerce City city, Colorado","CO",21339,557,26.1024415389662,"Low availability"
"0819150","CO Dakota Ridge CDP, Colorado","CO",13062,58,4.44036135354463,"Severe desert"
"0820000","CO Denver city, Colorado","CO",329578,16003,48.5560322594348,"Low availability"
"0824785","CO Englewood city, Colorado","CO",16308,551,33.7870983566348,"Low availability"
"0824950","CO Erie town, Colorado","CO",11101,33,2.97270516169714,"Severe desert"
"0827425","CO Fort Collins city, Colorado","CO",70782,2830,39.9819163064056,"Low availability"
"0827865","CO Fountain city, Colorado","CO",10367,217,20.9318028359217,"Moderate desert"
"0831660","CO Grand Junction city, Colorado","CO",29037,1663,57.2717567241795,"Adequate supply"
"0832155","CO Greeley city, Colorado","CO",38901,1874,48.1735688028585,"Low availability"
"0836410","CO Highlands Ranch CDP, Colorado","CO",38076,23,0.604055047799139,"Severe desert"
"0840377","CO Ken Caryl CDP, Colorado","CO",13655,24,1.75759794946906,"Severe desert"
"0841835","CO Lafayette city, Colorado","CO",13056,375,28.7224264705882,"Low availability"
"0843000","CO Lakewood city, Colorado","CO",69296,2579,37.2171553913646,"Low availability"
"0845255","CO Littleton city, Colorado","CO",20300,562,27.6847290640394,"Low availability"
"0845970","CO Longmont city, Colorado","CO",41066,1670,40.6662445818926,"Low availability"
"0846465","CO Loveland city, Colorado","CO",34475,1096,31.7911530094271,"Low availability"
"0854330","CO Northglenn city, Colorado","CO",14718,288,19.5678760701182,"Moderate desert"
"0857630","CO Parker town, Colorado","CO",21553,66,3.06221871665197,"Severe desert"
"0862000","CO Pueblo city, Colorado","CO",46106,2865,62.1394178631848,"Adequate supply"
"0862220","CO Pueblo West CDP, Colorado","CO",12335,81,6.56668017835428,"Severe desert"
"0868847","CO Security-Widefield CDP, Colorado","CO",13439,97,7.21779894337376,"Severe desert"
"0877290","CO Thornton city, Colorado","CO",49579,929,18.7377720405817,"Moderate desert"
"0883835","CO Westminster city, Colorado","CO",47995,948,19.7520575059902,"Moderate desert"
"0884440","CO Wheat Ridge city, Colorado","CO",15041,794,52.7890432816967,"Adequate supply"
"0885485","CO Windsor town, Colorado","CO",14004,44,3.14195944015995,"Severe desert"
"0908000","CT Bridgeport city, Connecticut","CT",55498,5577,100.490107751631,"Adequate supply"
"0908420","CT Bristol city, Connecticut","CT",24737,1342,54.2507175486114,"Adequate supply"
"0918430","CT Danbury city, Connecticut","CT",32652,1407,43.0907754502021,"Low availability"
"0922700","CT East Hartford CDP, Connecticut","CT",20519,1760,85.7741605341391,"Adequate supply"
"0922980","CT East Haven CDP, Connecticut","CT",11282,505,44.7615670980323,"Low availability"
"0937000","CT Hartford city, Connecticut","CT",49023,9983,203.639108173714,"Adequate supply"
"0944690","CT Manchester CDP, Connecticut","CT",15628,1163,74.4177117993345,"Adequate supply"
"0946450","CT Meriden city, Connecticut","CT",24709,1947,78.797199401028,"Adequate supply"
"0947290","CT Middletown city, Connecticut","CT",20838,1965,94.2988770515405,"Adequate supply"
"0947515","CT Milford city (balance), Connecticut","CT",21289,358,16.8161961576401,"Moderate desert"
"0949880","CT Naugatuck borough, Connecticut","CT",12534,404,32.232328067656,"Low availability"
"0950370","CT New Britain city, Connecticut","CT",29309,2323,79.2589307038793,"Adequate supply"
"0952000","CT New Haven city, Connecticut","CT",53424,9704,181.641209943097,"Adequate supply"
"0952210","CT Newington CDP, Connecticut","CT",12754,197,15.4461345460248,"Moderate desert"
"0952280","CT New London city, Connecticut","CT",11569,939,81.1651828161466,"Adequate supply"
"0955990","CT Norwalk city, Connecticut","CT",35476,1997,56.2915774044424,"Adequate supply"
"0956200","CT Norwich city, Connecticut","CT",16840,1242,73.7529691211401,"Adequate supply"
"0968100","CT Shelton city, Connecticut","CT",15741,487,30.9383139571819,"Low availability"
"0973000","CT Stamford city, Connecticut","CT",54165,3227,59.5772177605465,"Adequate supply"
"0976500","CT Torrington city, Connecticut","CT",15167,748,49.3175974154414,"Low availability"
"0980000","CT Waterbury city, Connecticut","CT",45962,5842,127.104999782429,"Adequate supply"
"0982660","CT West Hartford CDP, Connecticut","CT",26276,1195,45.4787638910032,"Low availability"
"0982800","CT West Haven city, Connecticut","CT",20730,1762,84.9975880366618,"Adequate supply"
"0984970","CT Wethersfield CDP, Connecticut","CT",11333,594,52.4133062737139,"Adequate supply"
"1021200","DE Dover city, Delaware","DE",15462,1102,71.271504333204,"Adequate supply"
"1077580","DE Wilmington city, Delaware","DE",32062,4097,127.783669141039,"Adequate supply"
"1150000","DC Washington city, District of Columbia","DC",321556,26330,81.8830934580602,"Adequate supply"
"1200410","FL Alafaya CDP, Florida","FL",32056,266,8.29797853755927,"Severe desert"
"1200950","FL Altamonte Springs city, Florida","FL",20679,39,1.88597127520673,"Severe desert"
"1201675","FL Apollo Beach CDP, Florida","FL",10764,197,18.3017465626161,"Moderate desert"
"1201700","FL Apopka city, Florida","FL",18876,84,4.45009535918627,"Severe desert"
"1202681","FL Aventura city, Florida","FL",17618,28,1.58928368713815,"Severe desert"
"1204162","FL Bayonet Point CDP, Florida","FL",11415,140,12.2645641699518,"Moderate desert"
"1205462","FL Bellview CDP, Florida","FL",10049,174,17.3151557368892,"Moderate desert"
"1207300","FL Boca Raton city, Florida","FL",41197,189,4.58771269752652,"Severe desert"
"1207525","FL Bonita Springs city, Florida","FL",24586,1,0.0406735540551533,"Severe desert"
"1207875","FL Boynton Beach city, Florida","FL",33297,938,28.1707060696159,"Low availability"
"1207950","FL Bradenton city, Florida","FL",23079,546,23.6578707916288,"Moderate desert"
"1208150","FL Brandon CDP, Florida","FL",45008,822,18.2634198364735,"Moderate desert"
"1210275","FL Cape Coral city, Florida","FL",79258,569,7.17908602286205,"Severe desert"
"1210825","FL Carrollwood CDP, Florida","FL",14248,71,4.98315553060079,"Severe desert"
"1211050","FL Casselberry city, Florida","FL",13343,45,3.37255489769917,"Severe desert"
"1212425","FL Citrus Park CDP, Florida","FL",11164,168,15.0483697599427,"Moderate desert"
"1212875","FL Clearwater city, Florida","FL",49909,1823,36.5264781903064,"Low availability"
"1212925","FL Clermont city, Florida","FL",16918,72,4.25582220120582,"Severe desert"
"1213275","FL Coconut Creek city, Florida","FL",24107,169,7.01041191355208,"Severe desert"
"1214125","FL Cooper City city, Florida","FL",11053,75,6.78548810277753,"Severe desert"
"1214250","FL Coral Gables city, Florida","FL",18941,36,1.90063882582757,"Severe desert"
"1214400","FL Coral Springs city, Florida","FL",44659,928,20.7796860655187,"Moderate desert"
"1214895","FL Country Club CDP, Florida","FL",18052,389,21.5488588522047,"Moderate desert"
"1215475","FL Crestview city, Florida","FL",10273,198,19.2738245887277,"Moderate desert"
"1215968","FL Cutler Bay town, Florida","FL",14535,748,51.4619883040936,"Adequate supply"
"1216335","FL Dania Beach city, Florida","FL",13657,487,35.6593688218496,"Low availability"
"1216475","FL Davie town, Florida","FL",38377,330,8.59890038304193,"Severe desert"
"1216525","FL Daytona Beach city, Florida","FL",33105,2148,64.8844585410059,"Adequate supply"
"1216725","FL Deerfield Beach city, Florida","FL",36138,859,23.7699928053572,"Moderate desert"
"1216875","FL DeLand city, Florida","FL",14805,746,50.3883823032759,"Adequate supply"
"1217100","FL Delray Beach city, Florida","FL",29179,733,25.1208060591521,"Low availability"
"1217200","FL Deltona city, Florida","FL",33257,164,4.93129266019184,"Severe desert"
"1217935","FL Doral city, Florida","FL",24922,20,0.802503811893106,"Severe desert"
"1218575","FL Dunedin city, Florida","FL",17632,356,20.1905626134301,"Moderate desert"
"1219206","FL East Lake CDP, Florida","FL",13614,9,0.661084178052005,"Severe desert"
"1219212","FL East Lake-Orient Park CDP, Florida","FL",11103,725,65.2976672971269,"Adequate supply"
"1219825","FL Edgewater city, Florida","FL",10809,47,4.34822832824498,"Severe desert"
"1220108","FL Egypt Lake-Leto CDP, Florida","FL",13873,416,29.986304332156,"Low availability"
"1220825","FL Englewood CDP, Florida","FL",10175,2,0.196560196560197,"Severe desert"
"1220925","FL Ensley CDP, Florida","FL",10214,177,17.3291560603094,"Moderate desert"
"1221150","FL Estero village, Florida","FL",18287,1,0.0546836550555039,"Severe desert"
"1222275","FL Ferry Pass CDP, Florida","FL",12688,529,41.6929382093317,"Low availability"
"1222660","FL Fleming Island CDP, Florida","FL",11297,15,1.32778613791272,"Severe desert"
"1224000","FL Fort Lauderdale city, Florida","FL",80575,3373,41.8616196090599,"Low availability"
"1224125","FL Fort Myers city, Florida","FL",36431,1888,51.8239960473223,"Adequate supply"
"1224300","FL Fort Pierce city, Florida","FL",18510,652,35.2242031334414,"Low availability"
"1224562","FL Fountainebleau CDP, Florida","FL",21188,230,10.8552010572022,"Moderate desert"
"1224581","FL Four Corners CDP, Florida","FL",22374,58,2.59229462769286,"Severe desert"
"1224925","FL Fruit Cove CDP, Florida","FL",11849,23,1.94109207528061,"Severe desert"
"1225175","FL Gainesville city, Florida","FL",58176,2720,46.7546754675468,"Low availability"
"1226375","FL Golden Glades CDP, Florida","FL",11322,757,66.8609786256845,"Adequate supply"
"1227322","FL Greenacres city, Florida","FL",15411,147,9.53864123029005,"Severe desert"
"1228400","FL Haines City city, Florida","FL",10362,140,13.5109052306505,"Moderate desert"
"1228452","FL Hallandale Beach city, Florida","FL",19647,403,20.51203746119,"Moderate desert"
"1230000","FL Hialeah city, Florida","FL",77294,4123,53.3417859083499,"Adequate supply"
"1231075","FL Holiday CDP, Florida","FL",10086,188,18.6396985921079,"Moderate desert"
"1232000","FL Hollywood city, Florida","FL",60456,743,12.2899298663491,"Moderate desert"
"1232275","FL Homestead city, Florida","FL",25427,2082,81.8814645848901,"Adequate supply"
"1232610","FL Horizon West CDP, Florida","FL",20310,16,0.787789266371246,"Severe desert"
"1235000","FL Jacksonville city, Florida","FL",384741,14235,36.9989161539841,"Low availability"
"1235050","FL Jacksonville Beach city, Florida","FL",10837,483,44.5695303128172,"Low availability"
"1235875","FL Jupiter town, Florida","FL",25125,18,0.716417910447761,"Severe desert"
"1236062","FL Kendale Lakes CDP, Florida","FL",19166,137,7.14807471564228,"Severe desert"
"1236100","FL Kendall CDP, Florida","FL",30283,622,20.5395766601724,"Moderate desert"
"1236121","FL Kendall West CDP, Florida","FL",12836,193,15.0358367092552,"Moderate desert"
"1236550","FL Key West city, Florida","FL",11188,221,19.7533071147658,"Moderate desert"
"1236950","FL Kissimmee city, Florida","FL",26129,177,6.77408243713881,"Severe desert"
"1238250","FL Lakeland city, Florida","FL",46339,1262,27.2340792852673,"Low availability"
"1238350","FL Lake Magdalene CDP, Florida","FL",12948,90,6.95088044485635,"Severe desert"
"1238813","FL Lakeside CDP, Florida","FL",11764,60,5.1003060183611,"Severe desert"
"1239067","FL Lakewood Ranch CDP, Florida","FL",15255,118,7.7351687971157,"Severe desert"
"1239081","FL Lake Worth Beach city, Florida","FL",15229,384,25.2150502331079,"Low availability"
"1239200","FL Land O' Lakes CDP, Florida","FL",14799,21,1.41901479829718,"Severe desert"
"1239425","FL Largo city, Florida","FL",37269,937,25.1415385440983,"Low availability"
"1239525","FL Lauderdale Lakes city, Florida","FL",13032,883,67.756292203806,"Adequate supply"
"1239550","FL Lauderhill city, Florida","FL",26539,1433,53.9960058781416,"Adequate supply"
"1239875","FL Leesburg city, Florida","FL",12302,516,41.9443992846692,"Low availability"
"1239925","FL Lehigh Acres CDP, Florida","FL",38555,881,22.8504733497601,"Moderate desert"
"1240387","FL Liberty Triangle CDP, Florida","FL",11041,4,0.362286024816593,"Severe desert"
"1243125","FL Margate city, Florida","FL",24634,283,11.488187058537,"Moderate desert"
"1243800","FL Meadow Woods CDP, Florida","FL",12930,93,7.19257540603248,"Severe desert"
"1243975","FL Melbourne city, Florida","FL",35954,1494,41.5530956221839,"Low availability"
"1244275","FL Merritt Island CDP, Florida","FL",13867,68,4.9037282757626,"Severe desert"
"1245000","FL Miami city, Florida","FL",190282,12478,65.5763550940184,"Adequate supply"
"1245025","FL Miami Beach city, Florida","FL",40838,2106,51.5696165336206,"Adequate supply"
"1245060","FL Miami Gardens city, Florida","FL",34515,2652,76.8361581920904,"Adequate supply"
"1245100","FL Miami Lakes town, Florida","FL",11268,80,7.0997515086972,"Severe desert"
"1245975","FL Miramar city, Florida","FL",44446,670,15.0744723934662,"Moderate desert"
"1248050","FL Navarre CDP, Florida","FL",14209,11,0.774157224294461,"Severe desert"
"1248625","FL New Smyrna Beach city, Florida","FL",15663,154,9.83208836110579,"Severe desert"
"1249350","FL North Fort Myers CDP, Florida","FL",21903,297,13.5597863306396,"Moderate desert"
"1249425","FL North Lauderdale city, Florida","FL",15491,602,38.8612742882964,"Low availability"
"1249450","FL North Miami city, Florida","FL",20077,909,45.2756885988943,"Low availability"
"1249475","FL North Miami Beach city, Florida","FL",15591,490,31.4283881726637,"Low availability"
"1249675","FL North Port city, Florida","FL",31569,238,7.53904146472806,"Severe desert"
"1250575","FL Oakland Park city, Florida","FL",17303,219,12.6567647228804,"Moderate desert"
"1250750","FL Ocala city, Florida","FL",26238,1465,55.8350484030795,"Adequate supply"
"1251075","FL Ocoee city, Florida","FL",14494,26,1.79384572926728,"Severe desert"
"1253000","FL Orlando city, Florida","FL",126665,3641,28.7451150673035,"Low availability"
"1253150","FL Ormond Beach city, Florida","FL",19331,168,8.69070405048885,"Severe desert"
"1253575","FL Oviedo city, Florida","FL",13275,69,5.19774011299435,"Severe desert"
"1254000","FL Palm Bay city, Florida","FL",44432,630,14.1789701116313,"Moderate desert"
"1254075","FL Palm Beach Gardens city, Florida","FL",26283,205,7.79971844918769,"Severe desert"
"1254175","FL Palm City CDP, Florida","FL",10197,2,0.196136118466216,"Severe desert"
"1254200","FL Palm Coast city, Florida","FL",38257,231,6.03811067255666,"Severe desert"
"1254350","FL Palm Harbor CDP, Florida","FL",26724,58,2.17033378236791,"Severe desert"
"1254700","FL Panama City city, Florida","FL",14807,1136,76.7204700479503,"Adequate supply"
"1255125","FL Parkland city, Florida","FL",10828,10,0.923531584780199,"Severe desert"
"1255775","FL Pembroke Pines city, Florida","FL",63994,988,15.4389474013189,"Moderate desert"
"1255925","FL Pensacola city, Florida","FL",24979,859,34.3888866647984,"Low availability"
"1256825","FL Pine Hills CDP, Florida","FL",23310,461,19.7769197769198,"Moderate desert"
"1256975","FL Pinellas Park city, Florida","FL",21805,737,33.7995872506306,"Low availability"
"1257425","FL Plantation city, Florida","FL",36735,422,11.4876820470941,"Moderate desert"
"1257550","FL Plant City city, Florida","FL",14711,209,14.2070559445313,"Moderate desert"
"1257900","FL Poinciana CDP, Florida","FL",23235,200,8.60770389498601,"Severe desert"
"1258050","FL Pompano Beach city, Florida","FL",47403,1089,22.973229542434,"Moderate desert"
"1258350","FL Port Charlotte CDP, Florida","FL",27406,211,7.69904400496242,"Severe desert"
"1258575","FL Port Orange city, Florida","FL",27916,345,12.3585040836796,"Moderate desert"
"1258715","FL Port St. Lucie city, Florida","FL",79185,276,3.48550861905664,"Severe desert"
"1258975","FL Princeton CDP, Florida","FL",11947,528,44.1951954465556,"Low availability"
"1259200","FL Punta Gorda city, Florida","FL",10006,106,10.5936438137118,"Moderate desert"
"1260230","FL Richmond West CDP, Florida","FL",10592,49,4.6261329305136,"Severe desert"
"1260950","FL Riverview CDP, Florida","FL",38144,810,21.2353187919463,"Moderate desert"
"1260975","FL Riviera Beach city, Florida","FL",13567,1180,86.9757499815729,"Adequate supply"
"1261500","FL Rockledge city, Florida","FL",11778,258,21.90524707081,"Moderate desert"
"1262100","FL Royal Palm Beach village, Florida","FL",13742,164,11.9342162712851,"Moderate desert"
"1262625","FL St. Cloud city, Florida","FL",19588,32,1.63365325709618,"Severe desert"
"1263000","FL St. Petersburg city, Florida","FL",116772,5380,46.07268865824,"Low availability"
"1263650","FL Sanford city, Florida","FL",24022,721,30.0141536924486,"Low availability"
"1264175","FL Sarasota city, Florida","FL",25572,1288,50.3675895510715,"Adequate supply"
"1264825","FL Sebastian city, Florida","FL",11512,55,4.7776233495483,"Severe desert"
"1266175","FL Silver Springs Shores CDP, Florida","FL",10076,101,10.023818975784,"Moderate desert"
"1267258","FL South Bradenton CDP, Florida","FL",11251,189,16.7985067993956,"Moderate desert"
"1267575","FL South Miami Heights CDP, Florida","FL",11765,904,76.8380790480238,"Adequate supply"
"1268350","FL Spring Hill CDP, Florida","FL",44985,285,6.33544514838279,"Severe desert"
"1269250","FL Sun City Center CDP, Florida","FL",16442,42,2.55443376718161,"Severe desert"
"1269555","FL Sunny Isles Beach city, Florida","FL",10285,241,23.4321827904716,"Moderate desert"
"1269700","FL Sunrise city, Florida","FL",36779,969,26.3465564588488,"Low availability"
"1270600","FL Tallahassee city, Florida","FL",83637,3418,40.8670803591712,"Low availability"
"1270675","FL Tamarac city, Florida","FL",31115,308,9.89876265466817,"Severe desert"
"1270700","FL Tamiami CDP, Florida","FL",17676,106,5.99683186241231,"Severe desert"
"1271000","FL Tampa city, Florida","FL",160527,8624,53.7230497050341,"Adequate supply"
"1271150","FL Tarpon Springs city, Florida","FL",11543,523,45.3088451875596,"Low availability"
"1271400","FL Temple Terrace city, Florida","FL",11139,196,17.5958344555167,"Moderate desert"
"1271564","FL The Acreage CDP, Florida","FL",12939,93,7.18757245536749,"Severe desert"
"1271569","FL The Hammocks CDP, Florida","FL",19593,102,5.20594089725923,"Severe desert"
"1271625","FL The Villages CDP, Florida","FL",47211,1,0.0211815043104361,"Severe desert"
"1271900","FL Titusville city, Florida","FL",19645,667,33.9526597098498,"Low availability"
"1272145","FL Town 'n' Country CDP, Florida","FL",33085,237,7.16336708478162,"Severe desert"
"1273163","FL University CDP, Florida","FL",19885,1003,50.4400301734976,"Adequate supply"
"1273700","FL Valrico CDP, Florida","FL",14133,153,10.8257270218637,"Moderate desert"
"1273900","FL Venice city, Florida","FL",14166,56,3.95312720598616,"Severe desert"
"1274200","FL Vero Beach South CDP, Florida","FL",11852,113,9.53425582180223,"Severe desert"
"1275812","FL Wellington village, Florida","FL",21604,328,15.1823736345121,"Moderate desert"
"1275875","FL Wesley Chapel CDP, Florida","FL",23921,73,3.05171188495464,"Severe desert"
"1276075","FL Westchester CDP, Florida","FL",17552,358,20.3965360072926,"Moderate desert"
"1276487","FL West Little River CDP, Florida","FL",10256,649,63.280031201248,"Adequate supply"
"1276500","FL West Melbourne city, Florida","FL",10278,83,8.07550107024713,"Severe desert"
"1276582","FL Weston city, Florida","FL",21409,183,8.54780699705731,"Severe desert"
"1276600","FL West Palm Beach city, Florida","FL",50518,2628,52.0210617997545,"Adequate supply"
"1278250","FL Winter Garden city, Florida","FL",15457,66,4.26991007310604,"Severe desert"
"1278275","FL Winter Haven city, Florida","FL",19691,931,47.2804834696054,"Low availability"
"1278300","FL Winter Park city, Florida","FL",12653,158,12.4871571959219,"Moderate desert"
"1278325","FL Winter Springs city, Florida","FL",15677,24,1.53090514766856,"Severe desert"
"1278800","FL Wright CDP, Florida","FL",11161,433,38.7958068273452,"Low availability"
"1301052","GA Albany city, Georgia","GA",27578,2404,87.1709333526724,"Adequate supply"
"1301696","GA Alpharetta city, Georgia","GA",24810,118,4.75614671503426,"Severe desert"
"1303440","GA Athens-Clarke County unified government (balance), Georgia","GA",53397,1037,19.4205666985037,"Moderate desert"
"1304000","GA Atlanta city, Georgia","GA",231504,27717,119.72579307485,"Adequate supply"
"1304204","GA Augusta-Richmond County consolidated government (balance), Georgia","GA",73493,5717,77.789721470072,"Adequate supply"
"1310944","GA Brookhaven city, Georgia","GA",24467,462,18.8825765316549,"Moderate desert"
"1312988","GA Canton city, Georgia","GA",12118,264,21.7857732299059,"Moderate desert"
"1315172","GA Chamblee city, Georgia","GA",11963,70,5.85137507314219,"Severe desert"
"1319000","GA Columbus city, Georgia","GA",80600,4773,59.2183622828784,"Adequate supply"
"1321380","GA Dalton city, Georgia","GA",11762,243,20.6597517429009,"Moderate desert"
"1323900","GA Douglasville city, Georgia","GA",13912,660,47.441058079356,"Low availability"
"1324600","GA Duluth city, Georgia","GA",12508,38,3.03805564438759,"Severe desert"
"1324768","GA Dunwoody city, Georgia","GA",21459,8,0.372803951721888,"Severe desert"
"1325720","GA East Point city, Georgia","GA",16527,544,32.9158346947419,"Low availability"
"1328044","GA Evans CDP, Georgia","GA",11805,4,0.338839474798814,"Severe desert"
"1331908","GA Gainesville city, Georgia","GA",15474,752,48.5976476670544,"Low availability"
"1338964","GA Hinesville city, Georgia","GA",12940,793,61.2828438948995,"Adequate supply"
"1342425","GA Johns Creek city, Georgia","GA",28753,11,0.382568775432129,"Severe desert"
"1343192","GA Kennesaw city, Georgia","GA",13277,243,18.3023273329818,"Moderate desert"
"1344340","GA LaGrange city, Georgia","GA",12653,765,60.4599699675966,"Adequate supply"
"1345488","GA Lawrenceville city, Georgia","GA",11051,690,62.4377884354357,"Adequate supply"
"1348288","GA Mableton CDP, Georgia","GA",15343,110,7.16939320862934,"Severe desert"
"1349008","GA Macon-Bibb County, Georgia","GA",59681,6693,112.146244198321,"Adequate supply"
"1349756","GA Marietta city, Georgia","GA",24574,734,29.8689672011069,"Low availability"
"1350036","GA Martinez CDP, Georgia","GA",11869,21,1.76931502232707,"Severe desert"
"1351670","GA Milton city, Georgia","GA",15505,1,0.0644953240890035,"Severe desert"
"1355020","GA Newnan city, Georgia","GA",16895,570,33.7377922462267,"Low availability"
"1359724","GA Peachtree City city, Georgia","GA",14880,127,8.53494623655914,"Severe desert"
"1359735","GA Peachtree Corners city, Georgia","GA",17294,26,1.50341158783393,"Severe desert"
"1362104","GA Pooler city, Georgia","GA",11199,74,6.60773283328869,"Severe desert"
"1363952","GA Redan CDP, Georgia","GA",11078,396,35.7465246434374,"Low availability"
"1366668","GA Rome city, Georgia","GA",14853,1348,90.7560762135596,"Adequate supply"
"1367284","GA Roswell city, Georgia","GA",35436,231,6.51879444632577,"Severe desert"
"1368516","GA Sandy Springs city, Georgia","GA",52035,439,8.43662919189007,"Severe desert"
"1369000","GA Savannah city, Georgia","GA",58632,4181,71.3091826988675,"Adequate supply"
"1371492","GA Smyrna city, Georgia","GA",25248,229,9.07002534854246,"Severe desert"
"1372122","GA South Fulton city, Georgia","GA",39519,780,19.7373415319214,"Moderate desert"
"1373256","GA Statesboro city, Georgia","GA",12065,373,30.9158723580605,"Low availability"
"1373704","GA Stockbridge city, Georgia","GA",14347,258,17.9828535582352,"Moderate desert"
"1373784","GA Stonecrest city, Georgia","GA",21025,1276,60.6896551724138,"Adequate supply"
"1377652","GA Tucker city, Georgia","GA",14419,63,4.36923503710382,"Severe desert"
"1378324","GA Union City city, Georgia","GA",11533,895,77.603398942166,"Adequate supply"
"1378800","GA Valdosta city, Georgia","GA",21979,988,44.9519996360162,"Low availability"
"1380508","GA Warner Robins city, Georgia","GA",31433,1084,34.4860496929978,"Low availability"
"1384176","GA Woodstock city, Georgia","GA",14495,209,14.4187650914108,"Moderate desert"
"1506290","HI East Honolulu CDP, Hawaii","HI",17977,91,5.0620236969461,"Severe desert"
"1514650","HI Hilo CDP, Hawaii","HI",17126,1222,71.3534976059792,"Adequate supply"
"1523150","HI Kailua CDP, Hawaii","HI",13596,136,10.002942041777,"Moderate desert"
"1528250","HI Kaneohe CDP, Hawaii","HI",11445,194,16.9506334643949,"Moderate desert"
"1562600","HI Pearl City CDP, Hawaii","HI",14945,379,25.3596520575443,"Low availability"
"1571550","HI Urban Honolulu CDP, Hawaii","HI",136228,6052,44.4255219191356,"Low availability"
"1608830","ID Boise City city, Idaho","ID",99616,2384,23.9318984902024,"Moderate desert"
"1612250","ID Caldwell city, Idaho","ID",20696,453,21.8882875918052,"Moderate desert"
"1616750","ID Coeur d'Alene city, Idaho","ID",23478,946,40.2930402930403,"Low availability"
"1623410","ID Eagle city, Idaho","ID",12085,100,8.27472072817542,"Severe desert"
"1639700","ID Idaho Falls city, Idaho","ID",24216,955,39.4367360422861,"Low availability"
"1646540","ID Lewiston city, Idaho","ID",14142,745,52.6799604016405,"Adequate supply"
"1652120","ID Meridian city, Idaho","ID",45486,216,4.74871388998813,"Severe desert"
"1656260","ID Nampa city, Idaho","ID",37305,719,19.2735558236161,"Moderate desert"
"1664090","ID Pocatello city, Idaho","ID",22322,828,37.0934504076696,"Low availability"
"1664810","ID Post Falls city, Idaho","ID",15165,403,26.5743488295417,"Low availability"
"1682810","ID Twin Falls city, Idaho","ID",20239,603,29.7939621522803,"Low availability"
"1700243","IL Addison village, Illinois","IL",13074,404,30.9010249349855,"Low availability"
"1700685","IL Algonquin village, Illinois","IL",10914,27,2.47388675096207,"Severe desert"
"1701114","IL Alton city, Illinois","IL",10811,884,81.7685690500416,"Adequate supply"
"1702154","IL Arlington Heights village, Illinois","IL",31248,498,15.937019969278,"Moderate desert"
"1703012","IL Aurora city, Illinois","IL",60396,1614,26.723624081065,"Low availability"
"1704013","IL Bartlett village, Illinois","IL",14332,76,5.30281886687134,"Severe desert"
"1704078","IL Batavia city, Illinois","IL",10378,386,37.19406436693,"Low availability"
"1704845","IL Belleville city, Illinois","IL",17694,951,53.7470328925059,"Adequate supply"
"1705573","IL Berwyn city, Illinois","IL",20222,216,10.6814360597369,"Moderate desert"
"1706613","IL Bloomington city, Illinois","IL",34217,915,26.7410936084402,"Low availability"
"1707133","IL Bolingbrook village, Illinois","IL",23766,704,29.6221492889001,"Low availability"
"1709447","IL Buffalo Grove village, Illinois","IL",16068,275,17.1147622603933,"Moderate desert"
"1710487","IL Calumet City city, Illinois","IL",14678,1185,80.7330699005314,"Adequate supply"
"1711332","IL Carol Stream village, Illinois","IL",14310,788,55.0663871418588,"Adequate supply"
"1711358","IL Carpentersville village, Illinois","IL",11699,462,39.4905547482691,"Low availability"
"1712385","IL Champaign city, Illinois","IL",36493,1635,44.8031129257666,"Low availability"
"1714000","IL Chicago city, Illinois","IL",1146547,88115,76.8524971065294,"Adequate supply"
"1714351","IL Cicero town, Illinois","IL",25031,239,9.54816028125125,"Severe desert"
"1715599","IL Collinsville city, Illinois","IL",11111,211,18.990189901899,"Moderate desert"
"1717887","IL Crystal Lake city, Illinois","IL",14917,308,20.6475832942281,"Moderate desert"
"1718563","IL Danville city, Illinois","IL",11595,1650,142.302716688228,"Adequate supply"
"1718823","IL Decatur city, Illinois","IL",30904,2221,71.8677193890758,"Adequate supply"
"1719161","IL DeKalb city, Illinois","IL",16015,1176,73.431158289104,"Adequate supply"
"1719642","IL Des Plaines city, Illinois","IL",22581,206,9.12271378592622,"Severe desert"
"1720591","IL Downers Grove village, Illinois","IL",20357,641,31.4879402662475,"Low availability"
"1723074","IL Elgin city, Illinois","IL",38846,1484,38.2021314935901,"Low availability"
"1723256","IL Elk Grove Village village, Illinois","IL",12786,16,1.25136868449867,"Severe desert"
"1723620","IL Elmhurst city, Illinois","IL",16863,190,11.2672715412441,"Moderate desert"
"1724582","IL Evanston city, Illinois","IL",31387,1020,32.4975308248638,"Low availability"
"1727884","IL Freeport city, Illinois","IL",11026,519,47.0705604933793,"Low availability"
"1728326","IL Galesburg city, Illinois","IL",12513,724,57.8598257811876,"Adequate supply"
"1729730","IL Glendale Heights village, Illinois","IL",11396,269,23.6047736047736,"Moderate desert"
"1729756","IL Glen Ellyn village, Illinois","IL",10833,163,15.046616818979,"Moderate desert"
"1729938","IL Glenview village, Illinois","IL",18454,191,10.3500596076731,"Moderate desert"
"1730926","IL Granite City city, Illinois","IL",11316,392,34.6412159773772,"Low availability"
"1732018","IL Gurnee village, Illinois","IL",11698,435,37.1858437339716,"Low availability"
"1732746","IL Hanover Park village, Illinois","IL",11210,173,15.4326494201606,"Moderate desert"
"1734722","IL Highland Park city, Illinois","IL",11761,192,16.3251424198623,"Moderate desert"
"1735411","IL Hoffman Estates village, Illinois","IL",18608,107,5.75021496130696,"Severe desert"
"1736750","IL Huntley village, Illinois","IL",12136,29,2.38958470665788,"Severe desert"
"1738570","IL Joliet city, Illinois","IL",50648,1728,34.1178328858,"Low availability"
"1742028","IL Lansing village, Illinois","IL",11154,499,44.7373139680832,"Low availability"
"1743939","IL Lisle village, Illinois","IL",10022,121,12.073438435442,"Moderate desert"
"1744407","IL Lombard village, Illinois","IL",17354,178,10.2570012677193,"Moderate desert"
"1745694","IL McHenry city, Illinois","IL",11547,245,21.2176322854421,"Moderate desert"
"1749867","IL Moline city, Illinois","IL",18135,482,26.5784394816653,"Low availability"
"1751089","IL Mount Prospect village, Illinois","IL",22003,574,26.0873517247648,"Low availability"
"1751349","IL Mundelein village, Illinois","IL",11546,189,16.3693053871471,"Moderate desert"
"1751622","IL Naperville city, Illinois","IL",54286,1210,22.2893563718086,"Moderate desert"
"1753000","IL Niles village, Illinois","IL",11269,229,20.3212352471382,"Moderate desert"
"1753234","IL Normal town, Illinois","IL",19775,521,26.346396965866,"Low availability"
"1753481","IL Northbrook village, Illinois","IL",13296,16,1.20336943441637,"Severe desert"
"1754638","IL Oak Forest city, Illinois","IL",10357,64,6.17939557787004,"Severe desert"
"1754820","IL Oak Lawn village, Illinois","IL",21745,85,3.90894458496206,"Severe desert"
"1754885","IL Oak Park village, Illinois","IL",23267,841,36.1456139596854,"Low availability"
"1755249","IL O'Fallon city, Illinois","IL",12461,316,25.3591204558222,"Low availability"
"1756640","IL Orland Park village, Illinois","IL",23353,43,1.84130518562926,"Severe desert"
"1756887","IL Oswego village, Illinois","IL",12097,46,3.80259568488055,"Severe desert"
"1757225","IL Palatine village, Illinois","IL",26819,468,17.4503150751333,"Moderate desert"
"1757875","IL Park Ridge city, Illinois","IL",15179,7,0.461163449502602,"Severe desert"
"1758447","IL Pekin city, Illinois","IL",13527,736,54.409699120278,"Adequate supply"
"1759000","IL Peoria city, Illinois","IL",48950,4330,88.4576098059244,"Adequate supply"
"1760287","IL Plainfield village, Illinois","IL",14205,72,5.06863780359029,"Severe desert"
"1762367","IL Quincy city, Illinois","IL",17451,584,33.4651309380551,"Low availability"
"1765000","IL Rockford city, Illinois","IL",61481,4318,70.2330801385794,"Adequate supply"
"1765078","IL Rock Island city, Illinois","IL",15679,1392,88.7811722686396,"Adequate supply"
"1765442","IL Romeoville village, Illinois","IL",13064,111,8.49663196570729,"Severe desert"
"1766703","IL St. Charles city, Illinois","IL",13169,168,12.7572328954363,"Moderate desert"
"1768003","IL Schaumburg village, Illinois","IL",32014,751,23.458486911976,"Moderate desert"
"1770122","IL Skokie village, Illinois","IL",23971,586,24.4462058320471,"Moderate desert"
"1772000","IL Springfield city, Illinois","IL",50803,2985,58.7563726551582,"Adequate supply"
"1773157","IL Streamwood village, Illinois","IL",13041,273,20.9339774557166,"Moderate desert"
"1775484","IL Tinley Park village, Illinois","IL",22058,187,8.4776498322604,"Severe desert"
"1777005","IL Urbana city, Illinois","IL",16425,955,58.1430745814307,"Adequate supply"
"1777694","IL Vernon Hills village, Illinois","IL",10776,318,29.5100222717149,"Low availability"
"1779293","IL Waukegan city, Illinois","IL",31406,2141,68.1716869388015,"Adequate supply"
"1780645","IL Westmont village, Illinois","IL",10599,312,29.4367393150297,"Low availability"
"1781048","IL Wheaton city, Illinois","IL",19808,348,17.5686591276252,"Moderate desert"
"1781087","IL Wheeling village, Illinois","IL",15296,236,15.428870292887,"Moderate desert"
"1782075","IL Wilmette village, Illinois","IL",10280,110,10.7003891050584,"Moderate desert"
"1783245","IL Woodridge village, Illinois","IL",13119,193,14.7114871560332,"Moderate desert"
"1783349","IL Woodstock city, Illinois","IL",10428,546,52.3590333716916,"Adequate supply"
"1801468","IN Anderson city, Indiana","IN",23824,1785,74.9244459368704,"Adequate supply"
"1805860","IN Bloomington city, Indiana","IN",33372,1738,52.0795876782932,"Adequate supply"
"1808416","IN Brownsburg town, Indiana","IN",10770,30,2.78551532033426,"Severe desert"
"1810342","IN Carmel city, Indiana","IN",38160,38,0.9958071278826,"Severe desert"
"1814734","IN Columbus city, Indiana","IN",21314,1093,51.2808482687436,"Adequate supply"
"1816138","IN Crown Point city, Indiana","IN",12187,9,0.738491835562485,"Severe desert"
"1820728","IN Elkhart city, Indiana","IN",21693,887,40.88876596137,"Low availability"
"1822000","IN Evansville city, Indiana","IN",52284,3838,73.406778364318,"Adequate supply"
"1823278","IN Fishers city, Indiana","IN",36680,69,1.88113413304253,"Severe desert"
"1825000","IN Fort Wayne city, Indiana","IN",109604,4793,43.7301558337287,"Low availability"
"1827000","IN Gary city, Indiana","IN",27432,4850,176.800816564596,"Adequate supply"
"1828386","IN Goshen city, Indiana","IN",12280,610,49.6742671009772,"Low availability"
"1828800","IN Granger CDP, Indiana","IN",10517,7,0.665589046305981,"Severe desert"
"1829520","IN Greenfield city, Indiana","IN",10111,200,19.780437147661,"Moderate desert"
"1829898","IN Greenwood city, Indiana","IN",25773,429,16.6453265044814,"Moderate desert"
"1831000","IN Hammond city, Indiana","IN",29419,1172,39.8381998028485,"Low availability"
"1833466","IN Highland town, Indiana","IN",10315,14,1.35724672806592,"Severe desert"
"1834114","IN Hobart city, Indiana","IN",11967,137,11.4481490766274,"Moderate desert"
"1836003","IN Indianapolis city (balance), Indiana","IN",359665,14497,40.3069523028374,"Low availability"
"1838358","IN Jeffersonville city, Indiana","IN",20893,651,31.158761307615,"Low availability"
"1840392","IN Kokomo city, Indiana","IN",26027,1558,59.860913666577,"Adequate supply"
"1840788","IN Lafayette city, Indiana","IN",32043,2271,70.8735137159442,"Adequate supply"
"1842426","IN Lawrence city, Indiana","IN",19553,327,16.7237764025981,"Moderate desert"
"1846908","IN Marion city, Indiana","IN",10899,1019,93.4948160381686,"Adequate supply"
"1848528","IN Merrillville town, Indiana","IN",15425,523,33.9059967585089,"Low availability"
"1848798","IN Michigan City city, Indiana","IN",12901,668,51.7789318657468,"Adequate supply"
"1849932","IN Mishawaka city, Indiana","IN",22426,743,33.1311870150718,"Low availability"
"1851876","IN Muncie city, Indiana","IN",26449,1295,48.9621535785852,"Low availability"
"1852326","IN New Albany city, Indiana","IN",16156,1125,69.6335726665016,"Adequate supply"
"1854180","IN Noblesville city, Indiana","IN",26354,516,19.5795704636867,"Moderate desert"
"1860246","IN Plainfield town, Indiana","IN",12785,190,14.8611654282362,"Moderate desert"
"1861092","IN Portage city, Indiana","IN",14947,180,12.0425503445507,"Moderate desert"
"1864260","IN Richmond city, Indiana","IN",14648,987,67.3812124522119,"Adequate supply"
"1868220","IN Schererville town, Indiana","IN",12033,13,1.08036233690684,"Severe desert"
"1871000","IN South Bend city, Indiana","IN",41127,3673,89.3087266272765,"Adequate supply"
"1875428","IN Terre Haute city, Indiana","IN",23257,1090,46.8676097519027,"Low availability"
"1878326","IN Valparaiso city, Indiana","IN",14350,428,29.8257839721254,"Low availability"
"1882700","IN Westfield city, Indiana","IN",19149,67,3.4988772259648,"Severe desert"
"1882862","IN West Lafayette city, Indiana","IN",14526,386,26.5730414429299,"Low availability"
"1886372","IN Zionsville town, Indiana","IN",11627,102,8.77268426937301,"Severe desert"
"1901855","IA Ames city, Iowa","IA",25445,531,20.8685399882099,"Moderate desert"
"1902305","IA Ankeny city, Iowa","IA",27493,95,3.45542501727713,"Severe desert"
"1906355","IA Bettendorf city, Iowa","IA",15863,421,26.539746580092,"Low availability"
"1909550","IA Burlington city, Iowa","IA",11264,687,60.9907670454545,"Adequate supply"
"1911755","IA Cedar Falls city, Iowa","IA",15579,516,33.1215097246293,"Low availability"
"1912000","IA Cedar Rapids city, Iowa","IA",58870,2009,34.1260404280618,"Low availability"
"1914430","IA Clinton city, Iowa","IA",10677,537,50.2950266928913,"Adequate supply"
"1916860","IA Council Bluffs city, Iowa","IA",25894,1293,49.9343477253418,"Low availability"
"1919000","IA Davenport city, Iowa","IA",43479,1598,36.7533751926217,"Low availability"
"1921000","IA Des Moines city, Iowa","IA",90085,4290,47.6216906255203,"Low availability"
"1922395","IA Dubuque city, Iowa","IA",25818,1549,59.9969013866295,"Adequate supply"
"1928515","IA Fort Dodge city, Iowa","IA",10556,901,85.3543008715423,"Adequate supply"
"1938595","IA Iowa City city, Iowa","IA",30780,1519,49.3502274204029,"Low availability"
"1949485","IA Marion city, Iowa","IA",16744,222,13.258480649785,"Moderate desert"
"1949755","IA Marshalltown city, Iowa","IA",10127,499,49.2742174385307,"Low availability"
"1950160","IA Mason City city, Iowa","IA",12678,781,61.6027764631645,"Adequate supply"
"1960465","IA Ottumwa city, Iowa","IA",10213,330,32.3117595221776,"Low availability"
"1973335","IA Sioux City city, Iowa","IA",32843,2027,61.7178698657248,"Adequate supply"
"1979950","IA Urbandale city, Iowa","IA",17040,66,3.87323943661972,"Severe desert"
"1982425","IA Waterloo city, Iowa","IA",28947,1812,62.5971603274951,"Adequate supply"
"1982695","IA Waukee city, Iowa","IA",10652,204,19.1513330829891,"Moderate desert"
"1983910","IA West Des Moines city, Iowa","IA",31825,486,15.2710133542812,"Moderate desert"
"2017800","KS Derby city, Kansas","KS",10329,75,7.26110949753122,"Severe desert"
"2021275","KS Emporia city, Kansas","KS",10209,407,39.8667842100108,"Low availability"
"2025325","KS Garden City city, Kansas","KS",10017,233,23.2604572227214,"Moderate desert"
"2033625","KS Hutchinson city, Kansas","KS",16323,709,43.4356429577896,"Low availability"
"2036000","KS Kansas City city, Kansas","KS",56853,2971,52.2575765570858,"Adequate supply"
"2038900","KS Lawrence city, Kansas","KS",40959,1076,26.270172611636,"Low availability"
"2039000","KS Leavenworth city, Kansas","KS",13480,727,53.9317507418398,"Adequate supply"
"2039075","KS Leawood city, Kansas","KS",13174,9,0.68316380749962,"Severe desert"
"2039350","KS Lenexa city, Kansas","KS",24476,398,16.2608269325053,"Moderate desert"
"2044250","KS Manhattan city, Kansas","KS",21677,552,25.4647783364857,"Low availability"
"2052575","KS Olathe city, Kansas","KS",51985,877,16.8702510339521,"Moderate desert"
"2053775","KS Overland Park city, Kansas","KS",82965,750,9.03995660820828,"Severe desert"
"2057575","KS Prairie Village city, Kansas","KS",10054,4,0.397851601352695,"Severe desert"
"2062700","KS Salina city, Kansas","KS",19301,835,43.2620071498886,"Low availability"
"2064500","KS Shawnee city, Kansas","KS",25932,399,15.3863951874132,"Moderate desert"
"2071000","KS Topeka city, Kansas","KS",54303,2324,42.796898882198,"Low availability"
"2079000","KS Wichita city, Kansas","KS",157646,4391,27.8535452850056,"Low availability"
"2108902","KY Bowling Green city, Kentucky","KY",29699,1292,43.50314825415,"Low availability"
"2117848","KY Covington city, Kentucky","KY",18293,1444,78.9372984201607,"Adequate supply"
"2124274","KY Elizabethtown city, Kentucky","KY",13953,624,44.7215652547839,"Low availability"
"2127982","KY Florence city, Kentucky","KY",14030,722,51.4611546685674,"Adequate supply"
"2128900","KY Frankfort city, Kentucky","KY",12763,749,58.6852620857165,"Adequate supply"
"2130700","KY Georgetown city, Kentucky","KY",14499,516,35.5886612869853,"Low availability"
"2135866","KY Henderson city, Kentucky","KY",12335,941,76.2869882448318,"Adequate supply"
"2137918","KY Hopkinsville city, Kentucky","KY",12650,1311,103.636363636364,"Adequate supply"
"2139142","KY Independence city, Kentucky","KY",10115,185,18.2896688087,"Moderate desert"
"2140222","KY Jeffersontown city, Kentucky","KY",12288,203,16.5201822916667,"Moderate desert"
"2146027","KY Lexington-Fayette urban county, Kentucky","KY",137803,5452,39.563725027757,"Low availability"
"2148006","KY Louisville/Jefferson County metro government (balance), Kentucky","KY",262740,4941,18.8056633934688,"Moderate desert"
"2156136","KY Nicholasville city, Kentucky","KY",11897,668,56.1486088929982,"Adequate supply"
"2158620","KY Owensboro city, Kentucky","KY",25181,2038,80.9340375680076,"Adequate supply"
"2158836","KY Paducah city, Kentucky","KY",11609,1036,89.2411060384185,"Adequate supply"
"2165226","KY Richmond city, Kentucky","KY",14741,850,57.6623024218167,"Adequate supply"
"2200975","LA Alexandria city, Louisiana","LA",16914,1927,113.929289346104,"Adequate supply"
"2205000","LA Baton Rouge city, Louisiana","LA",87607,4873,55.6234090883149,"Adequate supply"
"2208920","LA Bossier City city, Louisiana","LA",24949,1139,45.6531323900758,"Low availability"
"2213960","LA Central city, Louisiana","LA",11309,56,4.95180829427889,"Severe desert"
"2236255","LA Houma city, Louisiana","LA",13561,422,31.1186490671779,"Low availability"
"2239475","LA Kenner city, Louisiana","LA",25657,1561,60.8410959971937,"Adequate supply"
"2240735","LA Lafayette city, Louisiana","LA",52480,2781,52.9916158536585,"Adequate supply"
"2241155","LA Lake Charles city, Louisiana","LA",31845,2958,92.8874234573716,"Adequate supply"
"2242030","LA Laplace CDP, Louisiana","LA",10404,419,40.2729719338716,"Low availability"
"2248785","LA Marrero CDP, Louisiana","LA",12555,1868,148.785344484269,"Adequate supply"
"2250115","LA Metairie CDP, Louisiana","LA",60896,992,16.2900683131897,"Moderate desert"
"2251410","LA Monroe city, Louisiana","LA",18383,2142,116.520698471414,"Adequate supply"
"2254035","LA New Iberia city, Louisiana","LA",11243,684,60.837854665125,"Adequate supply"
"2255000","LA New Orleans city, Louisiana","LA",155060,21228,136.901844447311,"Adequate supply"
"2262385","LA Prairieville CDP, Louisiana","LA",12169,16,1.31481633659298,"Severe desert"
"2270000","LA Shreveport city, Louisiana","LA",75353,6360,84.4027444162807,"Adequate supply"
"2270805","LA Slidell city, Louisiana","LA",11033,402,36.4361461071331,"Low availability"
"2302060","ME Auburn city, Maine","ME",10430,1003,96.1649089165868,"Adequate supply"
"2302795","ME Bangor city, Maine","ME",13967,1063,76.1079687835613,"Adequate supply"
"2338740","ME Lewiston city, Maine","ME",15753,2079,131.974861931061,"Adequate supply"
"2360545","ME Portland city, Maine","ME",32393,3258,100.577285215942,"Adequate supply"
"2371990","ME South Portland city, Maine","ME",12148,829,68.241685874218,"Adequate supply"
"2401600","MD Annapolis city, Maryland","MD",17523,1336,76.2426525138389,"Adequate supply"
"2402825","MD Aspen Hill CDP, Maryland","MD",17425,811,46.5423242467719,"Low availability"
"2404000","MD Baltimore city, Maryland","MD",250608,28740,114.68109557556,"Adequate supply"
"2405825","MD Bel Air North CDP, Maryland","MD",10951,85,7.76184823303808,"Severe desert"
"2405950","MD Bel Air South CDP, Maryland","MD",22318,517,23.1651581682946,"Moderate desert"
"2407125","MD Bethesda CDP, Maryland","MD",27322,350,12.8101895908059,"Moderate desert"
"2408775","MD Bowie city, Maryland","MD",21241,318,14.9710465608964,"Moderate desert"
"2413325","MD Carney CDP, Maryland","MD",12375,403,32.5656565656566,"Low availability"
"2414125","MD Catonsville CDP, Maryland","MD",16217,198,12.2094098785225,"Moderate desert"
"2416875","MD Chillum CDP, Maryland","MD",11233,99,8.81331790260839,"Severe desert"
"2417900","MD Clinton CDP, Maryland","MD",13728,402,29.2832167832168,"Low availability"
"2418250","MD Cockeysville CDP, Maryland","MD",10471,205,19.5778817686945,"Moderate desert"
"2419125","MD Columbia CDP, Maryland","MD",41218,2337,56.6985297685477,"Adequate supply"
"2420875","MD Crofton CDP, Maryland","MD",10712,47,4.38760268857356,"Severe desert"
"2423975","MD Dundalk CDP, Maryland","MD",25021,1185,47.3602174173694,"Low availability"
"2425575","MD Eldersburg CDP, Maryland","MD",10698,39,3.64554122265844,"Severe desert"
"2426000","MD Ellicott City CDP, Maryland","MD",26578,354,13.3192866280382,"Moderate desert"
"2426600","MD Essex CDP, Maryland","MD",16019,949,59.242149946938,"Adequate supply"
"2430325","MD Frederick city, Maryland","MD",32182,1493,46.3923932633149,"Low availability"
"2431175","MD Gaithersburg city, Maryland","MD",26019,768,29.5168915023637,"Low availability"
"2432025","MD Germantown CDP, Maryland","MD",31866,1380,43.3063453210318,"Low availability"
"2432650","MD Glen Burnie CDP, Maryland","MD",29256,1409,48.1610609789445,"Low availability"
"2434775","MD Greenbelt city, Maryland","MD",10499,441,42.0040003809887,"Low availability"
"2436075","MD Hagerstown city, Maryland","MD",18472,1483,80.2836725855349,"Adequate supply"
"2445900","MD Laurel city, Maryland","MD",11844,174,14.6909827760892,"Moderate desert"
"2447450","MD Lochearn CDP, Maryland","MD",10568,325,30.7532172596518,"Low availability"
"2452300","MD Middle River CDP, Maryland","MD",12052,502,41.6528377032858,"Low availability"
"2452562","MD Milford Mill CDP, Maryland","MD",11881,523,44.0198636478411,"Low availability"
"2453325","MD Montgomery Village CDP, Maryland","MD",12223,270,22.0895033952385,"Moderate desert"
"2456337","MD North Bethesda CDP, Maryland","MD",21846,542,24.810033873478,"Moderate desert"
"2458300","MD Odenton CDP, Maryland","MD",18076,287,15.8774065058641,"Moderate desert"
"2458900","MD Olney CDP, Maryland","MD",11843,148,12.4968335725745,"Moderate desert"
"2459425","MD Owings Mills CDP, Maryland","MD",14161,506,35.7319398347574,"Low availability"
"2460275","MD Parkville CDP, Maryland","MD",12368,593,47.9463130659767,"Low availability"
"2460475","MD Pasadena CDP, Maryland","MD",12134,121,9.97197956156255,"Severe desert"
"2460975","MD Perry Hall CDP, Maryland","MD",10791,260,24.0941525345195,"Moderate desert"
"2461400","MD Pikesville CDP, Maryland","MD",13620,406,29.8091042584435,"Low availability"
"2463300","MD Potomac CDP, Maryland","MD",16280,450,27.6412776412776,"Low availability"
"2464950","MD Randallstown CDP, Maryland","MD",13829,501,36.2282160676839,"Low availability"
"2465600","MD Reisterstown CDP, Maryland","MD",10576,743,70.2534039334342,"Adequate supply"
"2467675","MD Rockville city, Maryland","MD",26838,716,26.6785900588717,"Low availability"
"2469925","MD Salisbury city, Maryland","MD",13048,1037,79.4757817290006,"Adequate supply"
"2471150","MD Severn CDP, Maryland","MD",21318,724,33.9619101229008,"Low availability"
"2471200","MD Severna Park CDP, Maryland","MD",13561,38,2.80215323353735,"Severe desert"
"2472450","MD Silver Spring CDP, Maryland","MD",34167,1448,42.3800743407381,"Low availability"
"2473650","MD South Laurel CDP, Maryland","MD",10937,200,18.2865502422968,"Moderate desert"
"2475725","MD Suitland CDP, Maryland","MD",10721,760,70.8889096166402,"Adequate supply"
"2478425","MD Towson CDP, Maryland","MD",22485,785,34.9121636646653,"Low availability"
"2481175","MD Waldorf CDP, Maryland","MD",30329,1261,41.5773681954565,"Low availability"
"2483775","MD Wheaton CDP, Maryland","MD",16710,1104,66.0682226211849,"Adequate supply"
"2486475","MD Woodlawn CDP, Maryland","MD",15351,611,39.8019672985473,"Low availability"
"2500840","MA Agawam Town city, Massachusetts","MA",11792,373,31.6316146540027,"Low availability"
"2501640","MA Arlington CDP, Massachusetts","MA",19853,562,28.3080642724022,"Low availability"
"2502690","MA Attleboro city, Massachusetts","MA",17781,461,25.9265508126652,"Low availability"
"2503690","MA Barnstable Town city, Massachusetts","MA",20614,815,39.5362375084894,"Low availability"
"2505105","MA Belmont CDP, Massachusetts","MA",10358,106,10.2336358370342,"Moderate desert"
"2505595","MA Beverly city, Massachusetts","MA",16915,1113,65.7995861661247,"Adequate supply"
"2507000","MA Boston city, Massachusetts","MA",279216,39378,141.030599965618,"Adequate supply"
"2507740","MA Braintree Town city, Massachusetts","MA",14339,809,56.4195550596276,"Adequate supply"
"2509000","MA Brockton city, Massachusetts","MA",35610,3158,88.6829542263409,"Adequate supply"
"2509210","MA Brookline CDP, Massachusetts","MA",27210,1233,45.3142227122381,"Low availability"
"2509875","MA Burlington CDP, Massachusetts","MA",10056,206,20.4852824184566,"Moderate desert"
"2511000","MA Cambridge city, Massachusetts","MA",49592,6261,126.250201645427,"Adequate supply"
"2513205","MA Chelsea city, Massachusetts","MA",13538,1514,111.833357955385,"Adequate supply"
"2513660","MA Chicopee city, Massachusetts","MA",24192,1391,57.4983465608466,"Adequate supply"
"2516285","MA Danvers CDP, Massachusetts","MA",11041,281,25.4505932433656,"Low availability"
"2516530","MA Dedham CDP, Massachusetts","MA",10297,379,36.8068369427989,"Low availability"
"2521990","MA Everett city, Massachusetts","MA",17262,855,49.5307612095933,"Low availability"
"2523000","MA Fall River city, Massachusetts","MA",41787,3274,78.349725991337,"Adequate supply"
"2523875","MA Fitchburg city, Massachusetts","MA",16880,897,53.1398104265403,"Adequate supply"
"2524960","MA Framingham city, Massachusetts","MA",27451,1873,68.2306655495246,"Adequate supply"
"2525172","MA Franklin Town city, Massachusetts","MA",12339,313,25.366723397358,"Low availability"
"2526150","MA Gloucester city, Massachusetts","MA",13180,641,48.6342943854325,"Low availability"
"2529405","MA Haverhill city, Massachusetts","MA",26300,1604,60.9885931558935,"Adequate supply"
"2530840","MA Holyoke city, Massachusetts","MA",15524,2565,165.228034011853,"Adequate supply"
"2534550","MA Lawrence city, Massachusetts","MA",31009,3257,105.034022380599,"Adequate supply"
"2535075","MA Leominster city, Massachusetts","MA",18210,909,49.9176276771005,"Low availability"
"2535250","MA Lexington CDP, Massachusetts","MA",12337,154,12.4827753910999,"Moderate desert"
"2537000","MA Lowell city, Massachusetts","MA",42383,4105,96.8548710567916,"Adequate supply"
"2537490","MA Lynn city, Massachusetts","MA",36328,5186,142.754899801806,"Adequate supply"
"2537875","MA Malden city, Massachusetts","MA",26319,1537,58.3988753372089,"Adequate supply"
"2538715","MA Marlborough city, Massachusetts","MA",16649,794,47.6905519851042,"Low availability"
"2539835","MA Medford city, Massachusetts","MA",24572,934,38.0107439361875,"Low availability"
"2540115","MA Melrose city, Massachusetts","MA",12368,645,52.1507115135834,"Adequate supply"
"2540710","MA Methuen Town city, Massachusetts","MA",18816,678,36.0331632653061,"Low availability"
"2541200","MA Milford CDP, Massachusetts","MA",10392,116,11.1624326404927,"Moderate desert"
"2544140","MA Needham CDP, Massachusetts","MA",11401,198,17.3668976405578,"Moderate desert"
"2545000","MA New Bedford city, Massachusetts","MA",42233,3429,81.1924324580305,"Adequate supply"
"2545560","MA Newton city, Massachusetts","MA",31730,806,25.4018279231012,"Low availability"
"2546330","MA Northampton city, Massachusetts","MA",12524,583,46.5506228042159,"Low availability"
"2546598","MA North Attleborough Town city, Massachusetts","MA",12855,82,6.37884091793077,"Severe desert"
"2550285","MA Norwood CDP, Massachusetts","MA",13299,821,61.7339649597714,"Adequate supply"
"2552490","MA Peabody city, Massachusetts","MA",22469,1212,53.9409853576038,"Adequate supply"
"2553960","MA Pittsfield city, Massachusetts","MA",19566,1595,81.5189614637637,"Adequate supply"
"2555745","MA Quincy city, Massachusetts","MA",45571,3512,77.0665554848478,"Adequate supply"
"2556000","MA Randolph Town city, Massachusetts","MA",12632,1294,102.438252058265,"Adequate supply"
"2556585","MA Revere city, Massachusetts","MA",21512,1443,67.0788397173671,"Adequate supply"
"2559105","MA Salem city, Massachusetts","MA",19789,2606,131.689322350801,"Adequate supply"
"2560050","MA Saugus CDP, Massachusetts","MA",10701,467,43.6407812353986,"Low availability"
"2562535","MA Somerville city, Massachusetts","MA",35427,1826,51.5426087447427,"Adequate supply"
"2567000","MA Springfield city, Massachusetts","MA",58046,10081,173.672604486097,"Adequate supply"
"2569170","MA Taunton city, Massachusetts","MA",23871,1459,61.1201876754221,"Adequate supply"
"2572250","MA Wakefield CDP, Massachusetts","MA",11066,360,32.5320802457979,"Low availability"
"2572600","MA Waltham city, Massachusetts","MA",25721,850,33.0469266358229,"Low availability"
"2573440","MA Watertown Town city, Massachusetts","MA",16210,431,26.5885256014806,"Low availability"
"2576030","MA Westfield city, Massachusetts","MA",15673,715,45.6198558029733,"Low availability"
"2577890","MA West Springfield Town city, Massachusetts","MA",12598,348,27.6234322908398,"Low availability"
"2578972","MA Weymouth Town city, Massachusetts","MA",25299,1265,50.0019763627021,"Adequate supply"
"2581035","MA Woburn city, Massachusetts","MA",16360,591,36.1246943765281,"Low availability"
"2582000","MA Worcester city, Massachusetts","MA",79089,7556,95.5379382720732,"Adequate supply"
"2601380","MI Allen Park city, Michigan","MI",11822,24,2.03011334799526,"Severe desert"
"2603000","MI Ann Arbor city, Michigan","MI",49907,1934,38.752078866692,"Low availability"
"2604105","MI Auburn Hills city, Michigan","MI",11223,102,9.0884790163058,"Severe desert"
"2605920","MI Battle Creek city, Michigan","MI",21233,1231,57.9757923986248,"Adequate supply"
"2606020","MI Bay City city, Michigan","MI",14557,1019,70.0006869547297,"Adequate supply"
"2612060","MI Burton city, Michigan","MI",12505,361,28.8684526189524,"Low availability"
"2621000","MI Dearborn city, Michigan","MI",36276,659,18.1662807365751,"Moderate desert"
"2621020","MI Dearborn Heights city, Michigan","MI",21986,524,23.8333484944965,"Moderate desert"
"2622000","MI Detroit city, Michigan","MI",253207,23514,92.8647312278097,"Adequate supply"
"2624120","MI East Lansing city, Michigan","MI",13914,344,24.7233002731062,"Moderate desert"
"2624290","MI Eastpointe city, Michigan","MI",13400,671,50.0746268656716,"Adequate supply"
"2627440","MI Farmington Hills city, Michigan","MI",35528,317,8.92253996847557,"Severe desert"
"2627880","MI Ferndale city, Michigan","MI",10160,94,9.25196850393701,"Severe desert"
"2629000","MI Flint city, Michigan","MI",33670,3120,92.6640926640927,"Adequate supply"
"2629580","MI Forest Hills CDP, Michigan","MI",10080,45,4.46428571428571,"Severe desert"
"2631420","MI Garden City city, Michigan","MI",11015,251,22.7871084884249,"Moderate desert"
"2634000","MI Grand Rapids city, Michigan","MI",79944,6663,83.3458420894626,"Adequate supply"
"2638640","MI Holland city, Michigan","MI",12924,662,51.2225317239245,"Adequate supply"
"2638780","MI Holt CDP, Michigan","MI",10398,349,33.5641469513368,"Low availability"
"2641420","MI Jackson city, Michigan","MI",13124,978,74.5199634257848,"Adequate supply"
"2642160","MI Kalamazoo city, Michigan","MI",29580,2492,84.2461122379986,"Adequate supply"
"2642820","MI Kentwood city, Michigan","MI",21620,1277,59.0656799259945,"Adequate supply"
"2646000","MI Lansing city, Michigan","MI",51129,4725,92.4133075162823,"Adequate supply"
"2647800","MI Lincoln Park city, Michigan","MI",15048,401,26.6480595427964,"Low availability"
"2649000","MI Livonia city, Michigan","MI",37716,396,10.499522748966,"Moderate desert"
"2650560","MI Madison Heights city, Michigan","MI",13685,630,46.0358056265985,"Low availability"
"2653780","MI Midland city, Michigan","MI",18062,879,48.6657070091906,"Low availability"
"2656320","MI Muskegon city, Michigan","MI",13721,1234,89.9351359230377,"Adequate supply"
"2659440","MI Novi city, Michigan","MI",26474,10,0.377729092694719,"Severe desert"
"2659920","MI Oak Park city, Michigan","MI",12722,747,58.7171828328879,"Adequate supply"
"2660340","MI Okemos CDP, Michigan","MI",10062,88,8.74577618763665,"Severe desert"
"2665440","MI Pontiac city, Michigan","MI",25605,4015,156.805311462605,"Adequate supply"
"2665560","MI Portage city, Michigan","MI",20540,414,20.1557935735151,"Moderate desert"
"2665820","MI Port Huron city, Michigan","MI",12327,1116,90.532976393283,"Adequate supply"
"2669035","MI Rochester Hills city, Michigan","MI",29069,369,12.6939351198872,"Moderate desert"
"2669800","MI Roseville city, Michigan","MI",21156,769,36.3490262809605,"Low availability"
"2670040","MI Royal Oak city, Michigan","MI",29351,402,13.6962965486696,"Moderate desert"
"2670520","MI Saginaw city, Michigan","MI",17736,1663,93.7640956247181,"Adequate supply"
"2670760","MI St. Clair Shores city, Michigan","MI",27495,95,3.45517366793963,"Severe desert"
"2674900","MI Southfield city, Michigan","MI",35081,1254,35.7458453293806,"Low availability"
"2674960","MI Southgate city, Michigan","MI",12352,406,32.869170984456,"Low availability"
"2676460","MI Sterling Heights city, Michigan","MI",51407,1080,21.0088120294901,"Moderate desert"
"2679000","MI Taylor city, Michigan","MI",25256,1291,51.1165663604688,"Adequate supply"
"2680700","MI Troy city, Michigan","MI",33369,705,21.127393688753,"Moderate desert"
"2682960","MI Walker city, Michigan","MI",10329,202,19.5565882466841,"Moderate desert"
"2684000","MI Warren city, Michigan","MI",54076,1314,24.2991345513721,"Moderate desert"
"2684800","MI Waverly CDP, Michigan","MI",11368,351,30.8761435608726,"Low availability"
"2686000","MI Westland city, Michigan","MI",35643,1414,39.6711836826305,"Low availability"
"2688900","MI Wyandotte city, Michigan","MI",10718,154,14.3683523045344,"Moderate desert"
"2688940","MI Wyoming city, Michigan","MI",28906,1109,38.3657372171867,"Low availability"
"2701486","MN Andover city, Minnesota","MN",11087,52,4.6901776855777,"Severe desert"
"2701900","MN Apple Valley city, Minnesota","MN",21471,467,21.7502678030832,"Moderate desert"
"2702908","MN Austin city, Minnesota","MN",10075,297,29.4789081885856,"Low availability"
"2706382","MN Blaine city, Minnesota","MN",25092,342,13.6298421807747,"Moderate desert"
"2706616","MN Bloomington city, Minnesota","MN",37724,1126,29.8483723889301,"Low availability"
"2707948","MN Brooklyn Center city, Minnesota","MN",11306,514,45.4625862373961,"Low availability"
"2707966","MN Brooklyn Park city, Minnesota","MN",29265,905,30.9243123184692,"Low availability"
"2708794","MN Burnsville city, Minnesota","MN",25853,792,30.6347425830658,"Low availability"
"2710972","MN Chaska city, Minnesota","MN",10682,367,34.3568620108594,"Low availability"
"2713114","MN Coon Rapids city, Minnesota","MN",24810,746,30.068520757759,"Low availability"
"2713456","MN Cottage Grove city, Minnesota","MN",13878,75,5.40423692174665,"Severe desert"
"2717000","MN Duluth city, Minnesota","MN",37150,3179,85.5720053835801,"Adequate supply"
"2717288","MN Eagan city, Minnesota","MN",27852,465,16.6953899181387,"Moderate desert"
"2718116","MN Eden Prairie city, Minnesota","MN",25439,713,28.0278312826762,"Low availability"
"2718188","MN Edina city, Minnesota","MN",22805,688,30.168822626617,"Low availability"
"2722814","MN Fridley city, Minnesota","MN",11923,328,27.5098549022897,"Low availability"
"2731076","MN Inver Grove Heights city, Minnesota","MN",14598,292,20.0027401013838,"Moderate desert"
"2735180","MN Lakeville city, Minnesota","MN",24959,243,9.73596698585681,"Severe desert"
"2739878","MN Mankato city, Minnesota","MN",17655,1020,57.7740016992353,"Adequate supply"
"2740166","MN Maple Grove city, Minnesota","MN",27726,373,13.4530765346606,"Moderate desert"
"2740382","MN Maplewood city, Minnesota","MN",15477,679,43.8715513342379,"Low availability"
"2743000","MN Minneapolis city, Minnesota","MN",188944,11711,61.9813278008299,"Adequate supply"
"2743252","MN Minnetonka city, Minnesota","MN",23348,599,25.6553023813603,"Low availability"
"2743864","MN Moorhead city, Minnesota","MN",17977,1068,59.4092451465762,"Adequate supply"
"2747680","MN Oakdale city, Minnesota","MN",11513,308,26.7523668896031,"Low availability"
"2749300","MN Owatonna city, Minnesota","MN",10893,379,34.7929863214909,"Low availability"
"2751730","MN Plymouth city, Minnesota","MN",32425,377,11.6268311488049,"Moderate desert"
"2752594","MN Prior Lake city, Minnesota","MN",10118,136,13.4413915793635,"Moderate desert"
"2753026","MN Ramsey city, Minnesota","MN",10164,59,5.80480125934671,"Severe desert"
"2754214","MN Richfield city, Minnesota","MN",16221,439,27.063682880217,"Low availability"
"2754880","MN Rochester city, Minnesota","MN",50658,1663,32.8279837340598,"Low availability"
"2755852","MN Roseville city, Minnesota","MN",15586,749,48.0559476453227,"Low availability"
"2756896","MN St. Cloud city, Minnesota","MN",27748,1335,48.1115756090529,"Low availability"
"2757220","MN St. Louis Park city, Minnesota","MN",24126,716,29.6775263201525,"Low availability"
"2758000","MN St. Paul city, Minnesota","MN",123067,12182,98.9867308051712,"Adequate supply"
"2758738","MN Savage city, Minnesota","MN",11910,146,12.2586062132662,"Moderate desert"
"2759350","MN Shakopee city, Minnesota","MN",16094,373,23.1763390083261,"Moderate desert"
"2759998","MN Shoreview city, Minnesota","MN",11323,102,9.00821337101475,"Severe desert"
"2769970","MN White Bear Lake city, Minnesota","MN",10438,240,22.9929105192566,"Moderate desert"
"2771032","MN Winona city, Minnesota","MN",10959,434,39.602153481157,"Low availability"
"2771428","MN Woodbury city, Minnesota","MN",28546,96,3.36299306382681,"Severe desert"
"2806220","MS Biloxi city, Mississippi","MS",19694,2450,124.403371585254,"Adequate supply"
"2814420","MS Clinton city, Mississippi","MS",10212,214,20.9557383470427,"Moderate desert"
"2829180","MS Greenville city, Mississippi","MS",11390,1039,91.2203687445127,"Adequate supply"
"2829700","MS Gulfport city, Mississippi","MS",28420,2280,80.2251935256861,"Adequate supply"
"2831020","MS Hattiesburg city, Mississippi","MS",20225,1588,78.5166872682324,"Adequate supply"
"2836000","MS Jackson city, Mississippi","MS",61956,7350,118.632577958551,"Adequate supply"
"2846640","MS Meridian city, Mississippi","MS",14978,1759,117.438910401923,"Adequate supply"
"2854040","MS Olive Branch city, Mississippi","MS",17035,111,6.51599647783974,"Severe desert"
"2855760","MS Pearl city, Mississippi","MS",11501,346,30.0843404921311,"Low availability"
"2862520","MS Ridgeland city, Mississippi","MS",10628,86,8.09183289424162,"Severe desert"
"2869280","MS Southaven city, Mississippi","MS",20591,438,21.271429265213,"Moderate desert"
"2870240","MS Starkville city, Mississippi","MS",11795,611,51.801610852056,"Adequate supply"
"2874840","MS Tupelo city, Mississippi","MS",15327,1239,80.837737326287,"Adequate supply"
"2903160","MO Ballwin city, Missouri","MO",11938,5,0.418830624895292,"Severe desert"
"2906652","MO Blue Springs city, Missouri","MO",22459,472,21.0160737343604,"Moderate desert"
"2911242","MO Cape Girardeau city, Missouri","MO",16521,1162,70.3347255008777,"Adequate supply"
"2913600","MO Chesterfield city, Missouri","MO",20704,6,0.289799072642968,"Severe desert"
"2915670","MO Columbia city, Missouri","MO",51381,1865,36.2974640431288,"Low availability"
"2924778","MO Florissant city, Missouri","MO",21193,950,44.8261218326806,"Low availability"
"2927190","MO Gladstone city, Missouri","MO",11796,210,17.8026449643947,"Moderate desert"
"2928324","MO Grandview city, Missouri","MO",11225,890,79.2873051224944,"Adequate supply"
"2931276","MO Hazelwood city, Missouri","MO",11380,542,47.6274165202109,"Low availability"
"2935000","MO Independence city, Missouri","MO",50925,2253,44.2415316642121,"Low availability"
"2937000","MO Jefferson City city, Missouri","MO",17158,868,50.5886466954191,"Adequate supply"
"2937592","MO Joplin city, Missouri","MO",22153,1012,45.682300365639,"Low availability"
"2938000","MO Kansas City city, Missouri","MO",219486,13280,60.5049980408773,"Adequate supply"
"2939044","MO Kirkwood city, Missouri","MO",12110,130,10.7349298100743,"Moderate desert"
"2941348","MO Lee's Summit city, Missouri","MO",39531,616,15.5827072424173,"Moderate desert"
"2942032","MO Liberty city, Missouri","MO",11240,298,26.5124555160142,"Low availability"
"2946586","MO Maryland Heights city, Missouri","MO",12702,21,1.65328294756731,"Severe desert"
"2947180","MO Mehlville CDP, Missouri","MO",13287,321,24.1589523594491,"Moderate desert"
"2953876","MO Oakville CDP, Missouri","MO",13899,13,0.935319087704151,"Severe desert"
"2954074","MO O'Fallon city, Missouri","MO",34749,437,12.5759014647904,"Moderate desert"
"2960788","MO Raytown city, Missouri","MO",12651,608,48.0594419413485,"Low availability"
"2964082","MO St. Charles city, Missouri","MO",30186,496,16.4314582919234,"Moderate desert"
"2964550","MO St. Joseph city, Missouri","MO",28666,1777,61.9898137165981,"Adequate supply"
"2965000","MO St. Louis city, Missouri","MO",144450,9770,67.6358601592246,"Adequate supply"
"2965126","MO St. Peters city, Missouri","MO",24009,103,4.29005789495606,"Severe desert"
"2970000","MO Springfield city, Missouri","MO",79439,2075,26.120671206838,"Low availability"
"2975220","MO University City city, Missouri","MO",16268,597,36.6978116547824,"Low availability"
"2978442","MO Wentzville city, Missouri","MO",15616,465,29.7771516393443,"Low availability"
"2979820","MO Wildwood city, Missouri","MO",12966,1,0.0771247879068333,"Severe desert"
"3006550","MT Billings city, Montana","MT",50340,2075,41.2197059992054,"Low availability"
"3008950","MT Bozeman city, Montana","MT",23131,556,24.0370066145,"Moderate desert"
"3011397","MT Butte-Silver Bow (balance), Montana","MT",15048,1019,67.7166400850611,"Adequate supply"
"3032800","MT Great Falls city, Montana","MT",26010,1612,61.9761630142253,"Adequate supply"
"3035600","MT Helena city, Montana","MT",15471,769,49.705901363842,"Low availability"
"3040075","MT Kalispell city, Montana","MT",11108,484,43.5722002160605,"Low availability"
"3050200","MT Missoula city, Montana","MT",33958,1791,52.7416220036516,"Adequate supply"
"3103950","NE Bellevue city, Nebraska","NE",25080,536,21.3716108452951,"Moderate desert"
"3117670","NE Fremont city, Nebraska","NE",10936,250,22.8602779809802,"Moderate desert"
"3119595","NE Grand Island city, Nebraska","NE",20620,829,40.2036857419981,"Low availability"
"3121415","NE Hastings city, Nebraska","NE",10517,812,77.2083293714938,"Adequate supply"
"3125055","NE Kearney city, Nebraska","NE",13723,374,27.2535159950448,"Low availability"
"3128000","NE Lincoln city, Nebraska","NE",120698,4381,36.2972045932824,"Low availability"
"3134615","NE Norfolk city, Nebraska","NE",10701,550,51.3970656947949,"Adequate supply"
"3135000","NE North Platte city, Nebraska","NE",10119,495,48.9178772605989,"Low availability"
"3137000","NE Omaha city, Nebraska","NE",199926,6991,34.9679381371107,"Low availability"
"3209700","NV Carson City, Nevada","NV",23652,894,37.7980720446474,"Low availability"
"3223770","NV Enterprise CDP, Nevada","NV",82039,525,6.39939540950036,"Severe desert"
"3231900","NV Henderson city, Nevada","NV",127507,998,7.8270212615778,"Severe desert"
"3240000","NV Las Vegas city, Nevada","NV",244429,5494,22.4768746752636,"Moderate desert"
"3251800","NV North Las Vegas city, Nevada","NV",85814,2358,27.4780338872445,"Low availability"
"3253800","NV Pahrump CDP, Nevada","NV",18691,406,21.7216842330533,"Moderate desert"
"3254600","NV Paradise CDP, Nevada","NV",76326,1556,20.3862379791945,"Moderate desert"
"3260600","NV Reno city, Nevada","NV",112061,3772,33.6602386200373,"Low availability"
"3268400","NV Sparks city, Nevada","NV",41331,642,15.5331349350367,"Moderate desert"
"3268585","NV Spring Valley CDP, Nevada","NV",87275,695,7.96333428816958,"Severe desert"
"3270900","NV Summerlin South CDP, Nevada","NV",12968,8,0.616903146206046,"Severe desert"
"3271400","NV Sunrise Manor CDP, Nevada","NV",64328,1834,28.5101355552792,"Low availability"
"3283800","NV Whitney CDP, Nevada","NV",16209,476,29.3664013819483,"Low availability"
"3284600","NV Winchester CDP, Nevada","NV",14436,459,31.7955112219451,"Low availability"
"3314200","NH Concord city, New Hampshire","NH",18189,928,51.0198471603717,"Adequate supply"
"3318820","NH Dover city, New Hampshire","NH",15000,756,50.4,"Adequate supply"
"3345140","NH Manchester city, New Hampshire","NH",49546,3205,64.6873612400597,"Adequate supply"
"3350260","NH Nashua city, New Hampshire","NH",36907,2020,54.732164630016,"Adequate supply"
"3362900","NH Portsmouth city, New Hampshire","NH",10556,431,40.829859795377,"Low availability"
"3365140","NH Rochester city, New Hampshire","NH",13822,686,49.6310230068008,"Low availability"
"3402080","NJ Atlantic City city, New Jersey","NJ",16527,3539,214.134446663036,"Adequate supply"
"3403580","NJ Bayonne city, New Jersey","NJ",28325,1057,37.3168578993822,"Low availability"
"3410000","NJ Camden city, New Jersey","NJ",24697,4992,202.129813337652,"Adequate supply"
"3413570","NJ Cliffside Park borough, New Jersey","NJ",10615,743,69.9952896844088,"Adequate supply"
"3413690","NJ Clifton city, New Jersey","NJ",32897,876,26.6285679545247,"Low availability"
"3419390","NJ East Orange city, New Jersey","NJ",28188,4402,156.16574428835,"Adequate supply"
"3421000","NJ Elizabeth city, New Jersey","NJ",45932,2150,46.8083253505182,"Low availability"
"3421480","NJ Englewood city, New Jersey","NJ",11258,970,86.1609522117605,"Adequate supply"
"3422470","NJ Fair Lawn borough, New Jersey","NJ",12150,201,16.5432098765432,"Moderate desert"
"3424420","NJ Fort Lee borough, New Jersey","NJ",18531,957,51.6431924882629,"Adequate supply"
"3425770","NJ Garfield city, New Jersey","NJ",11541,412,35.6988129278225,"Low availability"
"3428680","NJ Hackensack city, New Jersey","NJ",20305,1564,77.0253632110318,"Adequate supply"
"3432250","NJ Hoboken city, New Jersey","NJ",27654,1618,58.5087148332972,"Adequate supply"
"3436000","NJ Jersey City city, New Jersey","NJ",123132,10351,84.0642562453302,"Adequate supply"
"3436510","NJ Kearny town, New Jersey","NJ",14756,76,5.15044727568447,"Severe desert"
"3438580","NJ Lakewood CDP, New Jersey","NJ",13968,1829,130.9421534937,"Adequate supply"
"3440350","NJ Linden city, New Jersey","NJ",15290,574,37.5408763897972,"Low availability"
"3441310","NJ Long Branch city, New Jersey","NJ",13052,938,71.8663806313209,"Adequate supply"
"3446680","NJ Millville city, New Jersey","NJ",11342,842,74.2373479104214,"Adequate supply"
"3451000","NJ Newark city, New Jersey","NJ",113748,17933,157.65551921792,"Adequate supply"
"3451210","NJ New Brunswick city, New Jersey","NJ",15905,1667,104.809808236404,"Adequate supply"
"3454690","NJ Old Bridge CDP, New Jersey","NJ",10573,350,33.1031873640405,"Low availability"
"3456550","NJ Passaic city, New Jersey","NJ",20434,2733,133.747675442889,"Adequate supply"
"3457000","NJ Paterson city, New Jersey","NJ",49688,5057,101.775076477218,"Adequate supply"
"3458200","NJ Perth Amboy city, New Jersey","NJ",19019,1635,85.9666649140333,"Adequate supply"
"3459190","NJ Plainfield city, New Jersey","NJ",16252,1238,76.1752399704652,"Adequate supply"
"3461530","NJ Rahway city, New Jersey","NJ",12155,516,42.4516659810777,"Low availability"
"3465790","NJ Sayreville borough, New Jersey","NJ",16853,556,32.9911588441227,"Low availability"
"3467470","NJ Sicklerville CDP, New Jersey","NJ",15551,344,22.1207639380104,"Moderate desert"
"3473110","NJ Toms River CDP, New Jersey","NJ",35347,718,20.312897841401,"Moderate desert"
"3474000","NJ Trenton city, New Jersey","NJ",32104,4189,130.482182905557,"Adequate supply"
"3474630","NJ Union City city, New Jersey","NJ",25782,1157,44.8762702660771,"Low availability"
"3476070","NJ Vineland city, New Jersey","NJ",21945,1368,62.3376623376623,"Adequate supply"
"3479040","NJ Westfield town, New Jersey","NJ",10676,207,19.3892843761709,"Moderate desert"
"3479610","NJ West New York town, New Jersey","NJ",20645,1935,93.7272947444902,"Adequate supply"
"3501780","NM Alamogordo city, New Mexico","NM",13194,160,12.1267242686069,"Moderate desert"
"3502000","NM Albuquerque city, New Mexico","NM",242117,7880,32.546248301441,"Low availability"
"3512150","NM Carlsbad city, New Mexico","NM",12452,313,25.136524253132,"Low availability"
"3516420","NM Clovis city, New Mexico","NM",14832,773,52.1170442286947,"Adequate supply"
"3525800","NM Farmington city, New Mexico","NM",16304,500,30.6673209028459,"Low availability"
"3532520","NM Hobbs city, New Mexico","NM",14077,600,42.6227179086453,"Low availability"
"3539380","NM Las Cruces city, New Mexico","NM",46661,1748,37.4616917768586,"Low availability"
"3563460","NM Rio Rancho city, New Mexico","NM",39192,343,8.75178607879159,"Severe desert"
"3564930","NM Roswell city, New Mexico","NM",17886,1208,67.5388572067539,"Adequate supply"
"3570500","NM Santa Fe city, New Mexico","NM",40701,1696,41.669737844279,"Low availability"
"3574520","NM South Valley CDP, New Mexico","NM",13093,298,22.7602535706103,"Moderate desert"
"3601000","NY Albany city, New York","NY",43745,4822,110.229740541776,"Adequate supply"
"3603078","NY Auburn city, New York","NY",11758,1266,107.671372682429,"Adequate supply"
"3604143","NY Baldwin CDP, New York","NY",10785,234,21.6968011126565,"Moderate desert"
"3606607","NY Binghamton city, New York","NY",20950,1292,61.6706443914081,"Adequate supply"
"3608257","NY Brighton CDP, New York","NY",15904,109,6.85362173038229,"Severe desert"
"3611000","NY Buffalo city, New York","NY",119548,11683,97.7264362431827,"Adequate supply"
"3615000","NY Cheektowaga CDP, New York","NY",34219,1084,31.6783073730968,"Low availability"
"3617530","NY Commack CDP, New York","NY",11578,12,1.03644843669027,"Severe desert"
"3618157","NY Coram CDP, New York","NY",15464,489,31.6218313502328,"Low availability"
"3622502","NY East Meadow CDP, New York","NY",11727,120,10.2327961115375,"Moderate desert"
"3624229","NY Elmira city, New York","NY",10577,1178,111.373735463742,"Adequate supply"
"3627485","NY Freeport village, New York","NY",13967,707,50.619316961409,"Adequate supply"
"3629113","NY Glen Cove city, New York","NY",10603,649,61.2090917664812,"Adequate supply"
"3633139","NY Hempstead village, New York","NY",17304,2443,141.181229773463,"Adequate supply"
"3634374","NY Hicksville CDP, New York","NY",13440,19,1.41369047619048,"Severe desert"
"3637044","NY Huntington Station CDP, New York","NY",11056,541,48.9327062228654,"Low availability"
"3637737","NY Irondequoit CDP, New York","NY",22368,867,38.7607296137339,"Low availability"
"3638077","NY Ithaca city, New York","NY",13842,834,60.2514087559601,"Adequate supply"
"3638264","NY Jamestown city, New York","NY",12531,1049,83.7123932647035,"Adequate supply"
"3642081","NY Levittown CDP, New York","NY",16992,17,1.00047080979284,"Severe desert"
"3643335","NY Long Beach city, New York","NY",14790,529,35.7674104124408,"Low availability"
"3647042","NY Middletown city, New York","NY",10182,779,76.5075623649578,"Adequate supply"
"3649121","NY Mount Vernon city, New York","NY",29041,2800,96.4154126924004,"Adequate supply"
"3650034","NY Newburgh city, New York","NY",10335,1090,105.466860183841,"Adequate supply"
"3650100","NY New City CDP, New York","NY",10603,112,10.5630481939074,"Moderate desert"
"3650617","NY New Rochelle city, New York","NY",30883,2655,85.969627303047,"Adequate supply"
"3651000","NY New York city, New York","NY",3313316,228922,69.0915083257981,"Adequate supply"
"3651055","NY Niagara Falls city, New York","NY",22627,1594,70.446811331595,"Adequate supply"
"3653682","NY North Tonawanda city, New York","NY",13934,864,62.0066025549017,"Adequate supply"
"3654441","NY Oceanside CDP, New York","NY",10887,125,11.4815835400018,"Moderate desert"
"3656979","NY Peekskill city, New York","NY",10806,1053,97.4458634092171,"Adequate supply"
"3659223","NY Port Chester village, New York","NY",10437,315,30.1810865191147,"Low availability"
"3659641","NY Poughkeepsie city, New York","NY",13442,1996,148.489808064276,"Adequate supply"
"3663000","NY Rochester city, New York","NY",92228,9044,98.0613262783536,"Adequate supply"
"3663264","NY Rockville Centre village, New York","NY",10010,716,71.5284715284715,"Adequate supply"
"3663418","NY Rome city, New York","NY",13859,1245,89.8333213074536,"Adequate supply"
"3665255","NY Saratoga Springs city, New York","NY",13077,671,51.3114628737478,"Adequate supply"
"3665508","NY Schenectady city, New York","NY",28769,2265,78.7305780527651,"Adequate supply"
"3673000","NY Syracuse city, New York","NY",59286,5791,97.6790473298924,"Adequate supply"
"3675021","NY Tonawanda Town CDP, New York","NY",26761,829,30.9779156234819,"Low availability"
"3675484","NY Troy city, New York","NY",21323,2718,127.467992308775,"Adequate supply"
"3676540","NY Utica city, New York","NY",25004,2629,105.143177091665,"Adequate supply"
"3676705","NY Valley Stream village, New York","NY",12248,283,23.1058131939909,"Moderate desert"
"3678608","NY Watertown city, New York","NY",11494,1331,115.799547590047,"Adequate supply"
"3679246","NY West Babylon CDP, New York","NY",13826,292,21.1196296832056,"Moderate desert"
"3680907","NY West Seneca CDP, New York","NY",20255,290,14.3174524808689,"Moderate desert"
"3681677","NY White Plains city, New York","NY",24364,1273,52.2492201608931,"Adequate supply"
"3684000","NY Yonkers city, New York","NY",80550,9803,121.700806952204,"Adequate supply"
"3701520","NC Apex town, North Carolina","NC",23873,66,2.76462949775897,"Severe desert"
"3702080","NC Asheboro city, North Carolina","NC",11538,775,67.1693534408043,"Adequate supply"
"3702140","NC Asheville city, North Carolina","NC",38049,3150,82.7879839154774,"Adequate supply"
"3709060","NC Burlington city, North Carolina","NC",24713,1451,58.7140371464412,"Adequate supply"
"3710740","NC Cary town, North Carolina","NC",67964,212,3.11929845212171,"Severe desert"
"3711800","NC Chapel Hill town, North Carolina","NC",20712,257,12.4082657396678,"Moderate desert"
"3712000","NC Charlotte city, North Carolina","NC",361100,9972,27.6156189421213,"Low availability"
"3712860","NC Clayton town, North Carolina","NC",10341,114,11.0240789091964,"Moderate desert"
"3714100","NC Concord city, North Carolina","NC",37047,394,10.6351391475693,"Moderate desert"
"3714700","NC Cornelius town, North Carolina","NC",13618,43,3.1575855485387,"Severe desert"
"3719000","NC Durham city, North Carolina","NC",123318,4384,35.5503657211437,"Low availability"
"3722920","NC Fayetteville city, North Carolina","NC",81499,2635,32.3316850513503,"Low availability"
"3725300","NC Fuquay-Varina town, North Carolina","NC",13477,184,13.6528901090747,"Moderate desert"
"3725480","NC Garner town, North Carolina","NC",12937,132,10.2032928808843,"Moderate desert"
"3725580","NC Gastonia city, North Carolina","NC",31707,1851,58.3782760904532,"Adequate supply"
"3726880","NC Goldsboro city, North Carolina","NC",14698,712,48.4419648931827,"Low availability"
"3728000","NC Greensboro city, North Carolina","NC",121189,6051,49.9302741998036,"Low availability"
"3728080","NC Greenville city, North Carolina","NC",39424,1259,31.934862012987,"Low availability"
"3731060","NC Hickory city, North Carolina","NC",17309,1291,74.5854757640534,"Adequate supply"
"3731400","NC High Point city, North Carolina","NC",45043,2509,55.7023288857314,"Adequate supply"
"3732260","NC Holly Springs town, North Carolina","NC",14415,100,6.93721817551162,"Severe desert"
"3733120","NC Huntersville town, North Carolina","NC",23704,86,3.62807964900439,"Severe desert"
"3733560","NC Indian Trail town, North Carolina","NC",13496,71,5.26081802015412,"Severe desert"
"3734200","NC Jacksonville city, North Carolina","NC",22808,833,36.5222728867064,"Low availability"
"3735200","NC Kannapolis city, North Carolina","NC",20908,550,26.3057202984504,"Low availability"
"3735600","NC Kernersville town, North Carolina","NC",12074,189,15.6534702666888,"Moderate desert"
"3737680","NC Leland town, North Carolina","NC",11258,63,5.59602060756795,"Severe desert"
"3741960","NC Matthews town, North Carolina","NC",11260,12,1.06571936056838,"Severe desert"
"3743480","NC Mint Hill town, North Carolina","NC",10194,7,0.686678438297037,"Severe desert"
"3743920","NC Monroe city, North Carolina","NC",12081,560,46.3537786607069,"Low availability"
"3744220","NC Mooresville town, North Carolina","NC",20100,201,10,"Moderate desert"
"3744520","NC Morrisville town, North Carolina","NC",11492,6,0.522102332057083,"Severe desert"
"3746340","NC New Bern city, North Carolina","NC",14345,1132,78.9125130707564,"Adequate supply"
"3755000","NC Raleigh city, North Carolina","NC",196924,4150,21.0741199650627,"Moderate desert"
"3757500","NC Rocky Mount city, North Carolina","NC",23159,1238,53.4565395742476,"Adequate supply"
"3758860","NC Salisbury city, North Carolina","NC",13604,1479,108.718024110556,"Adequate supply"
"3759280","NC Sanford city, North Carolina","NC",11237,595,52.9500756429652,"Adequate supply"
"3764740","NC Statesville city, North Carolina","NC",11685,681,58.2798459563543,"Adequate supply"
"3767420","NC Thomasville city, North Carolina","NC",11049,329,29.7764503574984,"Low availability"
"3770540","NC Wake Forest town, North Carolina","NC",17863,107,5.99003526843195,"Severe desert"
"3774440","NC Wilmington city, North Carolina","NC",55145,2369,42.9594704868982,"Low availability"
"3774540","NC Wilson city, North Carolina","NC",19967,1026,51.3847848950769,"Adequate supply"
"3775000","NC Winston-Salem city, North Carolina","NC",100278,5807,57.9090129440156,"Adequate supply"
"3807200","ND Bismarck city, North Dakota","ND",32208,1389,43.1259314456036,"Low availability"
"3819620","ND Dickinson city, North Dakota","ND",10270,605,58.9094449853944,"Adequate supply"
"3825700","ND Fargo city, North Dakota","ND",58629,2449,41.7711371505569,"Low availability"
"3832060","ND Grand Forks city, North Dakota","ND",25894,2217,85.6182899513401,"Adequate supply"
"3849900","ND Mandan city, North Dakota","ND",10030,620,61.814556331007,"Adequate supply"
"3853380","ND Minot city, North Dakota","ND",21080,1081,51.280834914611,"Adequate supply"
"3884780","ND West Fargo city, North Dakota","ND",15547,338,21.7405287193671,"Moderate desert"
"3886220","ND Williston city, North Dakota","ND",11216,213,18.990727532097,"Moderate desert"
"3901000","OH Akron city, Ohio","OH",83854,7470,89.0834068738522,"Adequate supply"
"3903184","OH Austintown CDP, Ohio","OH",14437,513,35.533698136732,"Low availability"
"3903464","OH Avon Lake city, Ohio","OH",10471,154,14.7072867920924,"Moderate desert"
"3903828","OH Barberton city, Ohio","OH",10945,369,33.7140246687985,"Low availability"
"3904720","OH Beavercreek city, Ohio","OH",19097,58,3.03712625019637,"Severe desert"
"3907972","OH Bowling Green city, Ohio","OH",12083,493,40.801125548291,"Low availability"
"3909680","OH Brunswick city, Ohio","OH",14482,413,28.5181604750725,"Low availability"
"3912000","OH Canton city, Ohio","OH",29942,2787,93.0799545788525,"Adequate supply"
"3913190","OH Centerville city, Ohio","OH",11778,277,23.5184241806758,"Moderate desert"
"3915000","OH Cincinnati city, Ohio","OH",142810,16009,112.099992997689,"Adequate supply"
"3916000","OH Cleveland city, Ohio","OH",168652,21943,130.108151696986,"Adequate supply"
"3916014","OH Cleveland Heights city, Ohio","OH",19669,1439,73.1608114291525,"Adequate supply"
"3918000","OH Columbus city, Ohio","OH",386581,20375,52.7056425432186,"Adequate supply"
"3919778","OH Cuyahoga Falls city, Ohio","OH",23210,731,31.4950452391211,"Low availability"
"3921000","OH Dayton city, Ohio","OH",57953,5585,96.3711973495764,"Adequate supply"
"3921434","OH Delaware city, Ohio","OH",16397,640,39.0315301579557,"Low availability"
"3922694","OH Dublin city, Ohio","OH",17797,67,3.76467944035512,"Severe desert"
"3925256","OH Elyria city, Ohio","OH",23016,1451,63.0431004518596,"Adequate supply"
"3925704","OH Euclid city, Ohio","OH",22489,2281,101.427364489306,"Adequate supply"
"3925914","OH Fairborn city, Ohio","OH",15893,943,59.3342981186686,"Adequate supply"
"3925970","OH Fairfield city, Ohio","OH",18293,90,4.91991472147816,"Severe desert"
"3927048","OH Findlay city, Ohio","OH",18082,924,51.1005419754452,"Adequate supply"
"3929106","OH Gahanna city, Ohio","OH",14460,207,14.3153526970954,"Moderate desert"
"3929428","OH Garfield Heights city, Ohio","OH",11906,759,63.7493700655132,"Adequate supply"
"3931860","OH Green city, Ohio","OH",10799,235,21.7612741920548,"Moderate desert"
"3932592","OH Grove City city, Ohio","OH",17135,218,12.7224978114969,"Moderate desert"
"3933012","OH Hamilton city, Ohio","OH",24729,1311,53.014679121679,"Adequate supply"
"3935476","OH Hilliard city, Ohio","OH",13842,97,7.00765785291143,"Severe desert"
"3936610","OH Huber Heights city, Ohio","OH",17567,227,12.921955940115,"Moderate desert"
"3939872","OH Kent city, Ohio","OH",10180,1136,111.591355599214,"Adequate supply"
"3940040","OH Kettering city, Ohio","OH",26192,452,17.2571777642028,"Moderate desert"
"3941664","OH Lakewood city, Ohio","OH",26569,712,26.7981482178479,"Low availability"
"3941720","OH Lancaster city, Ohio","OH",16758,1251,74.6509129967777,"Adequate supply"
"3943554","OH Lima city, Ohio","OH",13985,1668,119.270647121916,"Adequate supply"
"3944856","OH Lorain city, Ohio","OH",27180,2695,99.1537895511405,"Adequate supply"
"3947138","OH Mansfield city, Ohio","OH",19129,1908,99.7438444246955,"Adequate supply"
"3947754","OH Marion city, Ohio","OH",12366,883,71.4054666019731,"Adequate supply"
"3948188","OH Mason city, Ohio","OH",13012,101,7.76206578542884,"Severe desert"
"3948244","OH Massillon city, Ohio","OH",13882,399,28.7422561590549,"Low availability"
"3948482","OH Mayfield Heights city, Ohio","OH",10007,569,56.8601978614969,"Adequate supply"
"3948790","OH Medina city, Ohio","OH",10727,520,48.475808707001,"Low availability"
"3949056","OH Mentor city, Ohio","OH",20034,86,4.29270240590995,"Severe desert"
"3949840","OH Middletown city, Ohio","OH",20861,1603,76.8419538852404,"Adequate supply"
"3954040","OH Newark city, Ohio","OH",20587,1569,76.2131442172245,"Adequate supply"
"3956882","OH North Olmsted city, Ohio","OH",13410,22,1.64056674123788,"Severe desert"
"3956966","OH North Ridgeville city, Ohio","OH",13824,15,1.08506944444444,"Severe desert"
"3957008","OH North Royalton city, Ohio","OH",13677,2,0.146230898588872,"Severe desert"
"3961000","OH Parma city, Ohio","OH",34640,314,9.06466512702079,"Severe desert"
"3962148","OH Perrysburg city, Ohio","OH",10200,255,25,"Low availability"
"3966390","OH Reynoldsburg city, Ohio","OH",17064,364,21.3314580403188,"Moderate desert"
"3967468","OH Riverside city, Ohio","OH",10702,210,19.6225004672024,"Moderate desert"
"3970380","OH Sandusky city, Ohio","OH",10892,1220,112.0088138083,"Adequate supply"
"3971682","OH Shaker Heights city, Ohio","OH",13029,390,29.9332258807276,"Low availability"
"3974118","OH Springfield city, Ohio","OH",24328,2047,84.1417296941795,"Adequate supply"
"3974944","OH Stow city, Ohio","OH",14030,211,15.0392017106201,"Moderate desert"
"3975098","OH Strongsville city, Ohio","OH",19045,16,0.840115515883434,"Severe desert"
"3977000","OH Toledo city, Ohio","OH",118508,8681,73.2524386539305,"Adequate supply"
"3977504","OH Trotwood city, Ohio","OH",10314,676,65.5419817723483,"Adequate supply"
"3977588","OH Troy city, Ohio","OH",10959,653,59.5857286248745,"Adequate supply"
"3979002","OH Upper Arlington city, Ohio","OH",14389,19,1.3204531239141,"Severe desert"
"3980304","OH Wadsworth city, Ohio","OH",10250,267,26.0487804878049,"Low availability"
"3980892","OH Warren city, Ohio","OH",16824,1792,106.514503090823,"Adequate supply"
"3983342","OH Westerville city, Ohio","OH",15115,327,21.6341382732385,"Moderate desert"
"3983622","OH Westlake city, Ohio","OH",14574,16,1.09784547824894,"Severe desert"
"3985484","OH Willoughby city, Ohio","OH",11753,656,55.8155364587765,"Adequate supply"
"3986548","OH Wooster city, Ohio","OH",11001,624,56.7221161712572,"Adequate supply"
"3986772","OH Xenia city, Ohio","OH",10691,1048,98.0263773267234,"Adequate supply"
"3988000","OH Youngstown city, Ohio","OH",25166,2713,107.804180243185,"Adequate supply"
"3988084","OH Zanesville city, Ohio","OH",10473,1336,127.566122410007,"Adequate supply"
"4004450","OK Bartlesville city, Oklahoma","OK",14661,447,30.4890525885001,"Low availability"
"4006400","OK Bixby city, Oklahoma","OK",10557,46,4.35729847494553,"Severe desert"
"4009050","OK Broken Arrow city, Oklahoma","OK",43634,516,11.8256405555301,"Moderate desert"
"4023200","OK Edmond city, Oklahoma","OK",36788,873,23.7305643144504,"Moderate desert"
"4023950","OK Enid city, Oklahoma","OK",19594,388,19.8019801980198,"Moderate desert"
"4041850","OK Lawton city, Oklahoma","OK",33263,964,28.9811502269789,"Low availability"
"4048350","OK Midwest City city, Oklahoma","OK",24599,1124,45.6929143461116,"Low availability"
"4049200","OK Moore city, Oklahoma","OK",24188,597,24.6816603274351,"Moderate desert"
"4050050","OK Muskogee city, Oklahoma","OK",14744,1287,87.2897449810092,"Adequate supply"
"4052500","OK Norman city, Oklahoma","OK",51489,1522,29.5597117830993,"Low availability"
"4055000","OK Oklahoma City city, Oklahoma","OK",275193,10628,38.6201683909111,"Low availability"
"4056650","OK Owasso city, Oklahoma","OK",14858,75,5.04778570467088,"Severe desert"
"4066800","OK Shawnee city, Oklahoma","OK",11786,531,45.0534532496182,"Low availability"
"4070300","OK Stillwater city, Oklahoma","OK",19402,702,36.1818369240285,"Low availability"
"4075000","OK Tulsa city, Oklahoma","OK",171382,11532,67.2882799827286,"Adequate supply"
"4101000","OR Albany city, Oregon","OR",21835,1080,49.461873139455,"Low availability"
"4101650","OR Aloha CDP, Oregon","OR",18790,301,16.0191591271953,"Moderate desert"
"4103050","OR Ashland city, Oregon","OR",10264,336,32.7357755261107,"Low availability"
"4105350","OR Beaverton city, Oregon","OR",41539,1262,30.3810876525675,"Low availability"
"4105800","OR Bend city, Oregon","OR",43278,746,17.2373954434124,"Moderate desert"
"4105950","OR Bethany CDP, Oregon","OR",10968,60,5.47045951859956,"Severe desert"
"4115800","OR Corvallis city, Oregon","OR",24205,1060,43.792604833712,"Low availability"
"4123850","OR Eugene city, Oregon","OR",76140,2661,34.9487785657998,"Low availability"
"4130550","OR Grants Pass city, Oregon","OR",16478,781,47.3965287049399,"Low availability"
"4131250","OR Gresham city, Oregon","OR",42061,1922,45.6955374337272,"Low availability"
"4134100","OR Hillsboro city, Oregon","OR",41304,777,18.8117373619988,"Moderate desert"
"4138500","OR Keizer city, Oregon","OR",14595,377,25.8307639602604,"Low availability"
"4140550","OR Lake Oswego city, Oregon","OR",16654,73,4.38333133181218,"Severe desert"
"4145000","OR McMinnville city, Oregon","OR",12880,989,76.7857142857143,"Adequate supply"
"4147000","OR Medford city, Oregon","OR",34510,1812,52.506519849319,"Adequate supply"
"4155200","OR Oregon City city, Oregon","OR",13936,412,29.5637198622273,"Low availability"
"4159000","OR Portland city, Oregon","OR",287030,13977,48.6952583353656,"Low availability"
"4161200","OR Redmond city, Oregon","OR",13418,431,32.1210314502907,"Low availability"
"4164900","OR Salem city, Oregon","OR",67028,3127,46.6521453720833,"Low availability"
"4169600","OR Springfield city, Oregon","OR",24750,1001,40.4444444444444,"Low availability"
"4173650","OR Tigard city, Oregon","OR",22635,543,23.9893969516236,"Moderate desert"
"4174950","OR Tualatin city, Oregon","OR",10766,102,9.47427085268438,"Severe desert"
"4182800","OR Wilsonville city, Oregon","OR",10347,120,11.5975645114526,"Moderate desert"
"4202000","PA Allentown city, Pennsylvania","PA",46039,3082,66.943243771585,"Adequate supply"
"4202184","PA Altoona city, Pennsylvania","PA",18498,1529,82.6575846037409,"Adequate supply"
"4206064","PA Bethel Park municipality, Pennsylvania","PA",14877,180,12.0992135511192,"Moderate desert"
"4206088","PA Bethlehem city, Pennsylvania","PA",30779,1618,52.5683095617142,"Adequate supply"
"4213208","PA Chester city, Pennsylvania","PA",12577,1795,142.720839627892,"Adequate supply"
"4219920","PA Drexel Hill CDP, Pennsylvania","PA",11981,108,9.01427259828061,"Severe desert"
"4221648","PA Easton city, Pennsylvania","PA",10510,575,54.709800190295,"Adequate supply"
"4224000","PA Erie city, Pennsylvania","PA",39419,2129,54.0094878104467,"Adequate supply"
"4232800","PA Harrisburg city, Pennsylvania","PA",22036,2176,98.7475040842258,"Adequate supply"
"4233408","PA Hazleton city, Pennsylvania","PA",11557,461,39.8892446136541,"Low availability"
"4239736","PA King of Prussia CDP, Pennsylvania","PA",11588,23,1.98481187435278,"Severe desert"
"4241216","PA Lancaster city, Pennsylvania","PA",21243,1902,89.5353763592713,"Adequate supply"
"4242168","PA Lebanon city, Pennsylvania","PA",10635,1100,103.432063939821,"Adequate supply"
"4242928","PA Levittown CDP, Pennsylvania","PA",18140,822,45.3142227122381,"Low availability"
"4250528","PA Monroeville municipality, Pennsylvania","PA",12290,476,38.7306753458096,"Low availability"
"4254656","PA Norristown borough, Pennsylvania","PA",13121,1338,101.973934913497,"Adequate supply"
"4260000","PA Philadelphia city, Pennsylvania","PA",669222,33198,49.6068569174355,"Low availability"
"4261000","PA Pittsburgh city, Pennsylvania","PA",137593,13839,100.579244583663,"Adequate supply"
"4261536","PA Plum borough, Pennsylvania","PA",10692,116,10.8492330714553,"Moderate desert"
"4263624","PA Reading city, Pennsylvania","PA",32899,1425,43.3143864555154,"Low availability"
"4269000","PA Scranton city, Pennsylvania","PA",30342,2328,76.7253312240459,"Adequate supply"
"4273808","PA State College borough, Pennsylvania","PA",11437,138,12.0661012503279,"Moderate desert"
"4285152","PA Wilkes-Barre city, Pennsylvania","PA",16710,1865,111.609814482346,"Adequate supply"
"4285312","PA Williamsport city, Pennsylvania","PA",11109,948,85.3362138806373,"Adequate supply"
"4287048","PA York city, Pennsylvania","PA",17851,1404,78.6510559632514,"Adequate supply"
"4419180","RI Cranston city, Rhode Island","RI",32596,1146,35.1576880598846,"Low availability"
"4422960","RI East Providence city, Rhode Island","RI",20357,1885,92.5971410325686,"Adequate supply"
"4449960","RI Newport city, Rhode Island","RI",10675,1174,109.976580796253,"Adequate supply"
"4454640","RI Pawtucket city, Rhode Island","RI",31036,2369,76.3307127207114,"Adequate supply"
"4459000","RI Providence city, Rhode Island","RI",70313,7763,110.40632599946,"Adequate supply"
"4474300","RI Warwick city, Rhode Island","RI",36208,1438,39.7149801148917,"Low availability"
"4480780","RI Woonsocket city, Rhode Island","RI",17465,1912,109.476095047237,"Adequate supply"
"4500550","SC Aiken city, South Carolina","SC",12961,676,52.1564694082247,"Adequate supply"
"4501360","SC Anderson city, South Carolina","SC",12122,1120,92.3939943903646,"Adequate supply"
"4507210","SC Bluffton town, South Carolina","SC",11300,4,0.353982300884956,"Severe desert"
"4513330","SC Charleston city, South Carolina","SC",66408,1892,28.4905433080352,"Low availability"
"4516000","SC Columbia city, South Carolina","SC",51784,3942,76.123899273907,"Adequate supply"
"4521985","SC Easley city, South Carolina","SC",10516,273,25.9604412324078,"Low availability"
"4525810","SC Florence city, South Carolina","SC",16450,799,48.5714285714286,"Low availability"
"4529815","SC Goose Creek city, South Carolina","SC",16903,441,26.0900431875998,"Low availability"
"4530850","SC Greenville city, South Carolina","SC",34898,2665,76.365407759757,"Adequate supply"
"4530985","SC Greer city, South Carolina","SC",15327,441,28.7727539635937,"Low availability"
"4534045","SC Hilton Head Island town, South Carolina","SC",17504,120,6.85557586837294,"Severe desert"
"4545115","SC Mauldin city, South Carolina","SC",10872,198,18.2119205298013,"Moderate desert"
"4548535","SC Mount Pleasant town, South Carolina","SC",39079,7,0.17912433787968,"Severe desert"
"4549075","SC Myrtle Beach city, South Carolina","SC",17250,651,37.7391304347826,"Low availability"
"4550695","SC North Augusta city, South Carolina","SC",11015,362,32.8642759872901,"Low availability"
"4550875","SC North Charleston city, South Carolina","SC",47528,3251,68.4017842114122,"Adequate supply"
"4561405","SC Rock Hill city, South Carolina","SC",31310,799,25.5190035132546,"Low availability"
"4562395","SC St. Andrews CDP, South Carolina","SC",10192,837,82.1232339089482,"Adequate supply"
"4568290","SC Spartanburg city, South Carolina","SC",15938,2093,131.321370309951,"Adequate supply"
"4570270","SC Summerville town, South Carolina","SC",20651,852,41.2570819815021,"Low availability"
"4570405","SC Sumter city, South Carolina","SC",16280,947,58.1695331695332,"Adequate supply"
"4600100","SD Aberdeen city, South Dakota","SD",12341,812,65.7969370391378,"Adequate supply"
"4652980","SD Rapid City city, South Dakota","SD",31961,2150,67.2694846844592,"Adequate supply"
"4659020","SD Sioux Falls city, South Dakota","SD",82836,2947,35.5763194746246,"Low availability"
"4669300","SD Watertown city, South Dakota","SD",10237,491,47.9632704894012,"Low availability"
"4703440","TN Bartlett city, Tennessee","TN",20143,9,0.446805341806086,"Severe desert"
"4708540","TN Bristol city, Tennessee","TN",12015,280,23.304203079484,"Moderate desert"
"4714000","TN Chattanooga city, Tennessee","TN",77916,5618,72.1032907233431,"Adequate supply"
"4715160","TN Clarksville city, Tennessee","TN",64863,1363,21.0135208053898,"Moderate desert"
"4715400","TN Cleveland city, Tennessee","TN",18355,943,51.3756469626805,"Adequate supply"
"4716420","TN Collierville town, Tennessee","TN",17713,1,0.0564557104951166,"Severe desert"
"4716540","TN Columbia city, Tennessee","TN",17344,817,47.1056273062731,"Low availability"
"4716920","TN Cookeville city, Tennessee","TN",14601,469,32.1210875967399,"Low availability"
"4727740","TN Franklin city, Tennessee","TN",33158,326,9.83171481995295,"Severe desert"
"4728540","TN Gallatin city, Tennessee","TN",18663,928,49.7240529389702,"Low availability"
"4733280","TN Hendersonville city, Tennessee","TN",24924,359,14.4037875140427,"Moderate desert"
"4737640","TN Jackson city, Tennessee","TN",27082,2542,93.8630824902149,"Adequate supply"
"4738320","TN Johnson City city, Tennessee","TN",30471,1772,58.153654294247,"Adequate supply"
"4739560","TN Kingsport city, Tennessee","TN",24674,2199,89.1221528734701,"Adequate supply"
"4740000","TN Knoxville city, Tennessee","TN",84882,9784,115.265898541505,"Adequate supply"
"4741200","TN La Vergne city, Tennessee","TN",12880,105,8.15217391304348,"Severe desert"
"4741520","TN Lebanon city, Tennessee","TN",15814,634,40.0910585557101,"Low availability"
"4746380","TN Maryville city, Tennessee","TN",12074,347,28.7394401192645,"Low availability"
"4748000","TN Memphis city, Tennessee","TN",254530,14908,58.5706989352925,"Adequate supply"
"4750280","TN Morristown city, Tennessee","TN",12466,439,35.2157869404781,"Low availability"
"4750780","TN Mount Juliet city, Tennessee","TN",15171,85,5.60279480587964,"Severe desert"
"4751560","TN Murfreesboro city, Tennessee","TN",58567,1497,25.5604692062083,"Low availability"
"4752006","TN Nashville-Davidson metropolitan government (balance), Tennessee","TN",303539,17735,58.427417893582,"Adequate supply"
"4755120","TN Oak Ridge city, Tennessee","TN",13304,758,56.9753457606735,"Adequate supply"
"4769420","TN Smyrna town, Tennessee","TN",19935,496,24.8808628041134,"Moderate desert"
"4770580","TN Spring Hill city, Tennessee","TN",19467,6,0.30821390044691,"Severe desert"
"4801000","TX Abilene city, Texas","TX",46682,1803,38.6230238635877,"Low availability"
"4801240","TX Addison town, Texas","TX",10042,5,0.497908783110934,"Severe desert"
"4801924","TX Allen city, Texas","TX",36307,222,6.11452337014901,"Severe desert"
"4802272","TX Alvin city, Texas","TX",10544,212,20.1062215477997,"Moderate desert"
"4803000","TX Amarillo city, Texas","TX",78612,3858,49.0764768737597,"Low availability"
"4804000","TX Arlington city, Texas","TX",140408,4628,32.9610848384707,"Low availability"
"4804462","TX Atascocita CDP, Texas","TX",30836,445,14.4311843300039,"Moderate desert"
"4805000","TX Austin city, Texas","TX",440294,9591,21.7831721531522,"Moderate desert"
"4806128","TX Baytown city, Texas","TX",31063,986,31.7419437916492,"Low availability"
"4807000","TX Beaumont city, Texas","TX",44915,4636,103.217188021819,"Adequate supply"
"4807132","TX Bedford city, Texas","TX",20591,237,11.5098829585741,"Moderate desert"
"4807552","TX Benbrook city, Texas","TX",10019,80,7.98482882523206,"Severe desert"
"4810768","TX Brownsville city, Texas","TX",58518,3981,68.0303496360094,"Adequate supply"
"4810912","TX Bryan city, Texas","TX",32392,1392,42.9735737219066,"Low availability"
"4811428","TX Burleson city, Texas","TX",17504,108,6.17001828153565,"Severe desert"
"4812580","TX Canyon Lake CDP, Texas","TX",13108,28,2.13610009154715,"Severe desert"
"4813024","TX Carrollton city, Texas","TX",51059,357,6.99191131827885,"Severe desert"
"4813492","TX Cedar Hill city, Texas","TX",16388,687,41.9209177446912,"Low availability"
"4813552","TX Cedar Park city, Texas","TX",28723,178,6.19712425582286,"Severe desert"
"4814236","TX Channelview CDP, Texas","TX",12543,149,11.8791357729411,"Moderate desert"
"4814920","TX Cibolo city, Texas","TX",10495,42,4.00190566936637,"Severe desert"
"4815364","TX Cleburne city, Texas","TX",11305,415,36.7094206103494,"Low availability"
"4815976","TX College Station city, Texas","TX",44676,764,17.1009042886561,"Moderate desert"
"4816432","TX Conroe city, Texas","TX",37490,537,14.3238196852494,"Moderate desert"
"4816612","TX Coppell city, Texas","TX",15533,34,2.18888817356596,"Severe desert"
"4816624","TX Copperas Cove city, Texas","TX",14833,239,16.112721634194,"Moderate desert"
"4817000","TX Corpus Christi city, Texas","TX",118038,5410,45.8326979447297,"Low availability"
"4819000","TX Dallas city, Texas","TX",528038,16103,30.4959112791125,"Low availability"
"4819624","TX Deer Park city, Texas","TX",11829,72,6.08673598782653,"Severe desert"
"4819792","TX Del Rio city, Texas","TX",12406,727,58.6006770917298,"Adequate supply"
"4819900","TX Denison city, Texas","TX",10001,359,35.8964103589641,"Low availability"
"4819972","TX Denton city, Texas","TX",53983,1065,19.7284330252116,"Moderate desert"
"4820092","TX DeSoto city, Texas","TX",20975,922,43.9570917759237,"Low availability"
"4821628","TX Duncanville city, Texas","TX",13385,406,30.3324617108704,"Low availability"
"4822660","TX Edinburg city, Texas","TX",34618,1267,36.5994569299208,"Low availability"
"4824000","TX El Paso city, Texas","TX",242482,13108,54.0576207718511,"Adequate supply"
"4824768","TX Euless city, Texas","TX",24104,193,8.00696979754398,"Severe desert"
"4825452","TX Farmers Branch city, Texas","TX",14914,20,1.3410218586563,"Severe desert"
"4826232","TX Flower Mound town, Texas","TX",27831,53,1.90435126298013,"Severe desert"
"4827000","TX Fort Worth city, Texas","TX",334230,11808,35.3289650839242,"Low availability"
"4827648","TX Friendswood city, Texas","TX",14262,16,1.12186229140373,"Severe desert"
"4827684","TX Frisco city, Texas","TX",74081,339,4.57607213725517,"Severe desert"
"4828068","TX Galveston city, Texas","TX",24518,1857,75.7402724528917,"Adequate supply"
"4829000","TX Garland city, Texas","TX",80811,1753,21.6925913551373,"Moderate desert"
"4829336","TX Georgetown city, Texas","TX",33083,213,6.43835202369797,"Severe desert"
"4830464","TX Grand Prairie city, Texas","TX",66943,1452,21.6900945580569,"Moderate desert"
"4830644","TX Grapevine city, Texas","TX",21497,12,0.558217425687305,"Severe desert"
"4830920","TX Greenville city, Texas","TX",11299,359,31.7727232498451,"Low availability"
"4831928","TX Haltom City city, Texas","TX",17208,63,3.66108786610879,"Severe desert"
"4832312","TX Harker Heights city, Texas","TX",11962,102,8.52700217354957,"Severe desert"
"4832372","TX Harlingen city, Texas","TX",25788,1077,41.763610981852,"Low availability"
"4835000","TX Houston city, Texas","TX",916536,20578,22.4519276929657,"Moderate desert"
"4835528","TX Huntsville city, Texas","TX",15366,352,22.9077183391904,"Moderate desert"
"4835576","TX Hurst city, Texas","TX",15529,145,9.33736879386954,"Severe desert"
"4835624","TX Hutto city, Texas","TX",10753,42,3.90588672928485,"Severe desert"
"4837000","TX Irving city, Texas","TX",94252,1121,11.8936468191656,"Moderate desert"
"4838632","TX Keller city, Texas","TX",16058,47,2.92689002366422,"Severe desert"
"4839040","TX Kerrville city, Texas","TX",10318,139,13.4716030238418,"Moderate desert"
"4839148","TX Killeen city, Texas","TX",59824,2427,40.5690024070607,"Low availability"
"4839952","TX Kyle city, Texas","TX",18562,54,2.90916927055274,"Severe desert"
"4840588","TX Lake Jackson city, Texas","TX",10607,170,16.0271518808334,"Moderate desert"
"4841212","TX Lancaster city, Texas","TX",14648,502,34.2708902239213,"Low availability"
"4841440","TX La Porte city, Texas","TX",13164,222,16.8641750227894,"Moderate desert"
"4841464","TX Laredo city, Texas","TX",76259,2106,27.6164124890177,"Low availability"
"4841980","TX League City city, Texas","TX",42827,79,1.84463072360894,"Severe desert"
"4842016","TX Leander city, Texas","TX",23573,64,2.71497051711704,"Severe desert"
"4842508","TX Lewisville city, Texas","TX",50147,336,6.70030111472272,"Severe desert"
"4843012","TX Little Elm city, Texas","TX",17604,367,20.8475346512156,"Moderate desert"
"4843888","TX Longview city, Texas","TX",32343,1667,51.5412917787466,"Adequate supply"
"4845000","TX Lubbock city, Texas","TX",105259,2539,24.1214527973855,"Moderate desert"
"4845072","TX Lufkin city, Texas","TX",12654,1117,88.2724830093251,"Adequate supply"
"4845384","TX McAllen city, Texas","TX",48268,1799,37.2710698599486,"Low availability"
"4845744","TX McKinney city, Texas","TX",70787,1081,15.2711656095046,"Moderate desert"
"4846452","TX Mansfield city, Texas","TX",24796,184,7.4205517018874,"Severe desert"
"4847892","TX Mesquite city, Texas","TX",50362,2293,45.5303601922084,"Low availability"
"4848072","TX Midland city, Texas","TX",52780,709,13.4331186055324,"Moderate desert"
"4848096","TX Midlothian city, Texas","TX",12140,13,1.07084019769358,"Severe desert"
"4848768","TX Mission city, Texas","TX",28144,839,29.8109721432632,"Low availability"
"4848772","TX Mission Bend CDP, Texas","TX",10915,65,5.9551076500229,"Severe desert"
"4848804","TX Missouri City city, Texas","TX",26740,132,4.93642483171279,"Severe desert"
"4850256","TX Nacogdoches city, Texas","TX",12386,1374,110.931697077345,"Adequate supply"
"4850820","TX New Braunfels city, Texas","TX",38483,479,12.4470545435647,"Moderate desert"
"4852356","TX North Richland Hills city, Texas","TX",27334,75,2.74383551620692,"Severe desert"
"4853388","TX Odessa city, Texas","TX",44987,1710,38.0109809500522,"Low availability"
"4855080","TX Paris city, Texas","TX",10137,479,47.2526388477853,"Low availability"
"4856000","TX Pasadena city, Texas","TX",49791,1172,23.5383904721737,"Moderate desert"
"4856348","TX Pearland city, Texas","TX",43526,66,1.51633506409962,"Severe desert"
"4857176","TX Pflugerville city, Texas","TX",23990,352,14.6727803251355,"Moderate desert"
"4857200","TX Pharr city, Texas","TX",23235,976,42.0055950075317,"Low availability"
"4858016","TX Plano city, Texas","TX",110522,1451,13.1286078789743,"Moderate desert"
"4858820","TX Port Arthur city, Texas","TX",21097,3320,157.368346210362,"Adequate supply"
"4859696","TX Prosper town, Texas","TX",10090,20,1.98216055500496,"Severe desert"
"4861796","TX Richardson city, Texas","TX",45444,422,9.28615438781797,"Severe desert"
"4862828","TX Rockwall city, Texas","TX",17954,226,12.5877241840258,"Moderate desert"
"4863284","TX Rosenberg city, Texas","TX",14870,394,26.4963012777404,"Low availability"
"4863500","TX Round Rock city, Texas","TX",46764,391,8.36113249508169,"Severe desert"
"4863572","TX Rowlett city, Texas","TX",21677,888,40.965078193477,"Low availability"
"4864064","TX Sachse city, Texas","TX",10110,83,8.20969337289812,"Severe desert"
"4864472","TX San Angelo city, Texas","TX",38833,1637,42.1548682821312,"Low availability"
"4865000","TX San Antonio city, Texas","TX",547883,18236,33.2844786204354,"Low availability"
"4865516","TX San Juan city, Texas","TX",10073,214,21.244912141368,"Moderate desert"
"4865600","TX San Marcos city, Texas","TX",27606,268,9.70803448525683,"Severe desert"
"4866128","TX Schertz city, Texas","TX",15571,48,3.08265365101792,"Severe desert"
"4866644","TX Seguin city, Texas","TX",11595,457,39.4135403191031,"Low availability"
"4867496","TX Sherman city, Texas","TX",17418,571,32.7821793546905,"Low availability"
"4868636","TX Socorro city, Texas","TX",11368,125,10.9957776213934,"Moderate desert"
"4869596","TX Spring CDP, Texas","TX",21972,399,18.1594756963408,"Moderate desert"
"4870808","TX Sugar Land city, Texas","TX",37830,23,0.607983082209886,"Severe desert"
"4872176","TX Temple city, Texas","TX",32488,1192,36.6904703275055,"Low availability"
"4872368","TX Texarkana city, Texas","TX",14426,1807,125.259947317344,"Adequate supply"
"4872392","TX Texas City city, Texas","TX",21558,669,31.0325633175619,"Low availability"
"4872530","TX The Colony city, Texas","TX",18014,180,9.99222826690352,"Severe desert"
"4872656","TX The Woodlands CDP, Texas","TX",42657,1117,26.1856201795719,"Low availability"
"4873057","TX Timberwood Park CDP, Texas","TX",11426,6,0.525118151584106,"Severe desert"
"4874144","TX Tyler city, Texas","TX",37727,1384,36.6846025392955,"Low availability"
"4875428","TX Victoria city, Texas","TX",24610,760,30.8817553839902,"Low availability"
"4876000","TX Waco city, Texas","TX",52980,3008,56.7761419403549,"Adequate supply"
"4876816","TX Waxahachie city, Texas","TX",15190,227,14.9440421329822,"Moderate desert"
"4876864","TX Weatherford city, Texas","TX",12944,462,35.6922126081582,"Low availability"
"4877272","TX Weslaco city, Texas","TX",13301,652,49.0188707615969,"Low availability"
"4877728","TX West Odessa CDP, Texas","TX",11891,12,1.00916659658565,"Severe desert"
"4879000","TX Wichita Falls city, Texas","TX",38132,1546,40.543375642505,"Low availability"
"4880356","TX Wylie city, Texas","TX",18390,114,6.19902120717781,"Severe desert"
"4901310","UT American Fork city, Utah","UT",10780,162,15.0278293135436,"Moderate desert"
"4907690","UT Bountiful city, Utah","UT",14554,133,9.13838120104439,"Severe desert"
"4911320","UT Cedar City city, Utah","UT",12041,263,21.8420396976995,"Moderate desert"
"4913850","UT Clearfield city, Utah","UT",11147,577,51.7628061361801,"Adequate supply"
"4916270","UT Cottonwood Heights city, Utah","UT",12457,82,6.58264429637955,"Severe desert"
"4920120","UT Draper city, Utah","UT",16325,92,5.63552833078101,"Severe desert"
"4920810","UT Eagle Mountain city, Utah","UT",11851,31,2.61581301156021,"Severe desert"
"4934970","UT Herriman city, Utah","UT",16695,67,4.01317759808326,"Severe desert"
"4936070","UT Holladay city, Utah","UT",11765,96,8.15979600509987,"Severe desert"
"4940470","UT Kearns metro township, Utah","UT",10796,103,9.54057058169692,"Severe desert"
"4943660","UT Layton city, Utah","UT",27553,672,24.3893586905237,"Moderate desert"
"4944320","UT Lehi city, Utah","UT",22620,125,5.52608311229001,"Severe desert"
"4945860","UT Logan city, Utah","UT",18147,405,22.3177384691685,"Moderate desert"
"4949710","UT Midvale city, Utah","UT",15538,667,42.9270176341872,"Low availability"
"4950150","UT Millcreek city, Utah","UT",25473,708,27.794134966435,"Low availability"
"4953230","UT Murray city, Utah","UT",20401,436,21.3715013969903,"Moderate desert"
"4955980","UT Ogden city, Utah","UT",32995,2282,69.1619942415518,"Adequate supply"
"4957300","UT Orem city, Utah","UT",30612,360,11.7600940807526,"Moderate desert"
"4960930","UT Pleasant Grove city, Utah","UT",11613,128,11.0221303711358,"Moderate desert"
"4962470","UT Provo city, Utah","UT",34076,994,29.1700903861956,"Low availability"
"4964340","UT Riverton city, Utah","UT",13600,30,2.20588235294118,"Severe desert"
"4965110","UT Roy city, Utah","UT",13015,85,6.53092585478294,"Severe desert"
"4965330","UT St. George city, Utah","UT",35052,379,10.8125071322606,"Moderate desert"
"4967000","UT Salt Lake City city, Utah","UT",88932,3931,44.2023118787388,"Low availability"
"4967440","UT Sandy city, Utah","UT",32852,355,10.8060392061366,"Moderate desert"
"4967825","UT Saratoga Springs city, Utah","UT",10870,18,1.65593376264949,"Severe desert"
"4970850","UT South Jordan city, Utah","UT",25801,66,2.55804038603155,"Severe desert"
"4971070","UT South Salt Lake city, Utah","UT",10707,572,53.4229943027926,"Adequate supply"
"4971290","UT Spanish Fork city, Utah","UT",11933,92,7.7097125618034,"Severe desert"
"4972280","UT Springville city, Utah","UT",10574,123,11.6323056553811,"Moderate desert"
"4975360","UT Taylorsville city, Utah","UT",20349,342,16.8067226890756,"Moderate desert"
"4976680","UT Tooele city, Utah","UT",12029,250,20.7831074902319,"Moderate desert"
"4981960","UT Washington city, Utah","UT",10666,29,2.71891993249578,"Severe desert"
"4982950","UT West Jordan city, Utah","UT",36295,471,12.9769940763191,"Moderate desert"
"4983470","UT West Valley City city, Utah","UT",38855,842,21.6703127010681,"Moderate desert"
"5010675","VT Burlington city, Vermont","VT",17691,2130,120.400203493302,"Adequate supply"
"5101000","VA Alexandria city, Virginia","VA",75349,3162,41.9647241502873,"Low availability"
"5101912","VA Annandale CDP, Virginia","VA",13953,526,37.69798609618,"Low availability"
"5103000","VA Arlington CDP, Virginia","VA",111530,3052,27.3648345736573,"Low availability"
"5103320","VA Ashburn CDP, Virginia","VA",17067,134,7.851409152165,"Severe desert"
"5107784","VA Blacksburg town, Virginia","VA",13827,213,15.4046430896073,"Moderate desert"
"5111464","VA Burke CDP, Virginia","VA",13768,141,10.2411388727484,"Moderate desert"
"5113720","VA Cave Spring CDP, Virginia","VA",10967,95,8.66235068842892,"Severe desert"
"5114440","VA Centreville CDP, Virginia","VA",24907,385,15.4575019070944,"Moderate desert"
"5114968","VA Charlottesville city, Virginia","VA",19699,1003,50.9162901670135,"Adequate supply"
"5116000","VA Chesapeake city, Virginia","VA",92361,2546,27.5657474475157,"Low availability"
"5121088","VA Dale City CDP, Virginia","VA",21449,284,13.2407105226351,"Moderate desert"
"5121344","VA Danville city, Virginia","VA",18632,2038,109.381708887935,"Adequate supply"
"5126875","VA Fair Oaks CDP, Virginia","VA",15441,199,12.8877663363772,"Moderate desert"
"5129744","VA Fredericksburg city, Virginia","VA",11443,813,71.0478021497859,"Adequate supply"
"5135000","VA Hampton city, Virginia","VA",57740,3910,67.7173536543124,"Adequate supply"
"5135624","VA Harrisonburg city, Virginia","VA",17331,684,39.4668513069067,"Low availability"
"5143432","VA Lake Ridge CDP, Virginia","VA",15732,197,12.5222476481058,"Moderate desert"
"5144984","VA Leesburg town, Virginia","VA",16767,252,15.0295222758991,"Moderate desert"
"5145957","VA Linton Hall CDP, Virginia","VA",12185,23,1.88756668034469,"Severe desert"
"5147672","VA Lynchburg city, Virginia","VA",28687,2105,73.3781852407014,"Adequate supply"
"5148376","VA McLean CDP, Virginia","VA",17133,235,13.7162201599253,"Moderate desert"
"5148952","VA Manassas city, Virginia","VA",14041,236,16.8079196638416,"Moderate desert"
"5150856","VA Mechanicsville CDP, Virginia","VA",15137,281,18.5637841051728,"Moderate desert"
"5156000","VA Newport News city, Virginia","VA",75798,5961,78.6432359692868,"Adequate supply"
"5157000","VA Norfolk city, Virginia","VA",94457,7018,74.2983579829976,"Adequate supply"
"5158472","VA Oakton CDP, Virginia","VA",14000,349,24.9285714285714,"Moderate desert"
"5161832","VA Petersburg city, Virginia","VA",14854,1475,99.2998518917463,"Adequate supply"
"5164000","VA Portsmouth city, Virginia","VA",39678,3474,87.5548162709814,"Adequate supply"
"5166672","VA Reston CDP, Virginia","VA",28613,1153,40.2963687834201,"Low availability"
"5167000","VA Richmond city, Virginia","VA",102145,6767,66.2489598120319,"Adequate supply"
"5168000","VA Roanoke city, Virginia","VA",43429,3010,69.3085265605932,"Adequate supply"
"5170000","VA Salem city, Virginia","VA",10140,211,20.8086785009862,"Moderate desert"
"5172272","VA Short Pump CDP, Virginia","VA",11226,21,1.87065740245858,"Severe desert"
"5174100","VA South Riding CDP, Virginia","VA",10429,61,5.84907469556046,"Severe desert"
"5174592","VA Springfield CDP, Virginia","VA",10415,128,12.2899663946231,"Moderate desert"
"5175216","VA Staunton city, Virginia","VA",11356,531,46.759422331807,"Low availability"
"5176432","VA Suffolk city, Virginia","VA",37133,1441,38.8064524816201,"Low availability"
"5179560","VA Tuckahoe CDP, Virginia","VA",19239,297,15.4373927958834,"Moderate desert"
"5179950","VA Tysons CDP, Virginia","VA",14011,337,24.0525301548783,"Moderate desert"
"5182000","VA Virginia Beach city, Virginia","VA",179800,3354,18.6540600667408,"Moderate desert"
"5184368","VA West Falls Church CDP, Virginia","VA",10451,217,20.7635632953784,"Moderate desert"
"5186720","VA Winchester city, Virginia","VA",11255,258,22.9231452687694,"Moderate desert"
"5187312","VA Woodbridge CDP, Virginia","VA",14018,377,26.8939934370096,"Low availability"
"5303180","WA Auburn city, Washington","WA",30651,891,29.0691983948321,"Low availability"
"5305210","WA Bellevue city, Washington","WA",61433,1457,23.7168948285124,"Moderate desert"
"5305280","WA Bellingham city, Washington","WA",41060,1648,40.1363857769118,"Low availability"
"5307380","WA Bothell city, Washington","WA",18735,175,9.34080597811583,"Severe desert"
"5307695","WA Bremerton city, Washington","WA",17658,1473,83.4182806659871,"Adequate supply"
"5308850","WA Burien city, Washington","WA",19843,578,29.1286599808497,"Low availability"
"5317635","WA Des Moines city, Washington","WA",12066,299,24.7803746063318,"Moderate desert"
"5320750","WA Edmonds city, Washington","WA",18493,182,9.84156167198399,"Severe desert"
"5322640","WA Everett city, Washington","WA",44255,4036,91.1987346062592,"Adequate supply"
"5323515","WA Federal Way city, Washington","WA",36396,1493,41.0209913177272,"Low availability"
"5327785","WA Graham CDP, Washington","WA",10807,45,4.16396779864902,"Severe desert"
"5333805","WA Issaquah city, Washington","WA",16378,495,30.2234705092197,"Low availability"
"5335275","WA Kennewick city, Washington","WA",31015,1199,38.6587135257134,"Low availability"
"5335415","WA Kent city, Washington","WA",46727,1836,39.2920581248529,"Low availability"
"5335940","WA Kirkland city, Washington","WA",38111,650,17.0554433103304,"Moderate desert"
"5336745","WA Lacey city, Washington","WA",23141,564,24.3723261743226,"Moderate desert"
"5337900","WA Lake Stevens city, Washington","WA",13414,384,28.626807812733,"Low availability"
"5338038","WA Lakewood city, Washington","WA",26125,1072,41.0334928229665,"Low availability"
"5340245","WA Longview city, Washington","WA",16028,1173,73.1844272523085,"Adequate supply"
"5340840","WA Lynnwood city, Washington","WA",16634,1464,88.0125045088373,"Adequate supply"
"5343955","WA Marysville city, Washington","WA",25701,617,24.0068479825688,"Moderate desert"
"5347560","WA Mount Vernon city, Washington","WA",13227,519,39.2379224313903,"Low availability"
"5351300","WA Olympia city, Washington","WA",25146,1473,58.5779050345979,"Adequate supply"
"5351795","WA Orchards CDP, Washington","WA",10143,120,11.8308192842354,"Moderate desert"
"5353335","WA Parkland CDP, Washington","WA",14256,748,52.4691358024691,"Adequate supply"
"5353545","WA Pasco city, Washington","WA",23956,279,11.6463516446819,"Moderate desert"
"5356625","WA Pullman city, Washington","WA",11947,283,23.6879551351804,"Moderate desert"
"5356695","WA Puyallup city, Washington","WA",16655,335,20.1140798558991,"Moderate desert"
"5357535","WA Redmond city, Washington","WA",31997,649,20.2831515454574,"Moderate desert"
"5357745","WA Renton city, Washington","WA",41251,1223,29.6477661147609,"Low availability"
"5358235","WA Richland city, Washington","WA",24615,648,26.3254113345521,"Low availability"
"5361115","WA Sammamish city, Washington","WA",22096,74,3.34902244750181,"Severe desert"
"5362288","WA SeaTac city, Washington","WA",11772,399,33.8939857288481,"Low availability"
"5363000","WA Seattle city, Washington","WA",353019,15224,43.1251575694226,"Low availability"
"5363960","WA Shoreline city, Washington","WA",23249,595,25.5924986020904,"Low availability"
"5365922","WA South Hill CDP, Washington","WA",22789,202,8.8639255781298,"Severe desert"
"5366255","WA Spanaway CDP, Washington","WA",11653,228,19.5657770531194,"Moderate desert"
"5367000","WA Spokane city, Washington","WA",96602,5328,55.1541375954949,"Adequate supply"
"5367167","WA Spokane Valley city, Washington","WA",42781,1268,29.6393258689605,"Low availability"
"5370000","WA Tacoma city, Washington","WA",91612,5858,63.9435881762214,"Adequate supply"
"5372905","WA Tumwater city, Washington","WA",10863,302,27.8007916781736,"Low availability"
"5373465","WA University Place city, Washington","WA",13803,500,36.2240092733464,"Low availability"
"5374060","WA Vancouver city, Washington","WA",79747,3358,42.1081670783854,"Low availability"
"5375775","WA Walla Walla city, Washington","WA",13269,955,71.9722661843394,"Adequate supply"
"5377105","WA Wenatchee city, Washington","WA",14158,620,43.7914959740076,"Low availability"
"5380010","WA Yakima city, Washington","WA",35485,1397,39.3687473580386,"Low availability"
"5414600","WV Charleston city, West Virginia","WV",21237,2055,96.765079813533,"Adequate supply"
"5439460","WV Huntington city, West Virginia","WV",19627,1672,85.188770571152,"Adequate supply"
"5455756","WV Morgantown city, West Virginia","WV",12119,292,24.094397227494,"Moderate desert"
"5462140","WV Parkersburg city, West Virginia","WV",13274,1402,105.620009040229,"Adequate supply"
"5486452","WV Wheeling city, West Virginia","WV",12324,1172,95.0989938331711,"Adequate supply"
"5502375","WI Appleton city, Wisconsin","WI",30860,685,22.1970187945561,"Moderate desert"
"5506500","WI Beloit city, Wisconsin","WI",13567,991,73.044888331982,"Adequate supply"
"5510025","WI Brookfield city, Wisconsin","WI",16197,48,2.9635117614373,"Severe desert"
"5511950","WI Caledonia village, Wisconsin","WI",10252,47,4.58447132266875,"Severe desert"
"5519775","WI De Pere city, Wisconsin","WI",10114,257,25.4103223254894,"Low availability"
"5522300","WI Eau Claire city, Wisconsin","WI",29207,1222,41.8392851028863,"Low availability"
"5525950","WI Fitchburg city, Wisconsin","WI",14916,400,26.816840976133,"Low availability"
"5526275","WI Fond du Lac city, Wisconsin","WI",18723,858,45.8259894247717,"Low availability"
"5527300","WI Franklin city, Wisconsin","WI",14062,127,9.03143222870147,"Severe desert"
"5531000","WI Green Bay city, Wisconsin","WI",44092,3279,74.3672321509571,"Adequate supply"
"5531175","WI Greenfield city, Wisconsin","WI",17440,286,16.3990825688073,"Moderate desert"
"5537825","WI Janesville city, Wisconsin","WI",28061,1041,37.0977513274652,"Low availability"
"5539225","WI Kenosha city, Wisconsin","WI",39495,2410,61.0203823268768,"Adequate supply"
"5540775","WI La Crosse city, Wisconsin","WI",22735,493,21.6846272267429,"Moderate desert"
"5548000","WI Madison city, Wisconsin","WI",125787,3930,31.2432922321067,"Low availability"
"5548500","WI Manitowoc city, Wisconsin","WI",14859,461,31.024968032842,"Low availability"
"5551000","WI Menomonee Falls village, Wisconsin","WI",16137,226,14.0050814897441,"Moderate desert"
"5551575","WI Middleton city, Wisconsin","WI",10422,232,22.2606025714834,"Moderate desert"
"5553000","WI Milwaukee city, Wisconsin","WI",231084,15283,66.1361236606602,"Adequate supply"
"5554875","WI Mount Pleasant village, Wisconsin","WI",11560,299,25.8650519031142,"Low availability"
"5555750","WI Neenah city, Wisconsin","WI",11297,332,29.3883331858015,"Low availability"
"5556375","WI New Berlin city, Wisconsin","WI",17214,94,5.46067154641571,"Severe desert"
"5558800","WI Oak Creek city, Wisconsin","WI",15164,353,23.2788182537589,"Moderate desert"
"5560500","WI Oshkosh city, Wisconsin","WI",26969,819,30.3682005265305,"Low availability"
"5566000","WI Racine city, Wisconsin","WI",31238,2613,83.6481208784173,"Adequate supply"
"5572975","WI Sheboygan city, Wisconsin","WI",21371,715,33.4565532731271,"Low availability"
"5577200","WI Stevens Point city, Wisconsin","WI",11063,200,18.0782789478442,"Moderate desert"
"5578600","WI Sun Prairie city, Wisconsin","WI",15291,421,27.532535478386,"Low availability"
"5578650","WI Superior city, Wisconsin","WI",11704,1045,89.2857142857143,"Adequate supply"
"5584250","WI Waukesha city, Wisconsin","WI",30092,1401,46.5572245114981,"Low availability"
"5584475","WI Wausau city, Wisconsin","WI",17411,925,53.1273332950434,"Adequate supply"
"5584675","WI Wauwatosa city, Wisconsin","WI",21677,328,15.1312450984915,"Moderate desert"
"5585300","WI West Allis city, Wisconsin","WI",27740,1270,45.7822638788753,"Low availability"
"5585350","WI West Bend city, Wisconsin","WI",13923,551,39.5748042806866,"Low availability"
"5613150","WY Casper city, Wyoming","WY",25311,1123,44.3680613172139,"Low availability"
"5613900","WY Cheyenne city, Wyoming","WY",28956,1120,38.6793756043652,"Low availability"
"5631855","WY Gillette city, Wyoming","WY",12610,357,28.3108643933386,"Low availability"
"5645050","WY Laramie city, Wyoming","WY",14139,307,21.7129924322795,"Moderate desert"
